timestamp,open,high,low,close,volume
2026-09-10 04:00:00,252.55,252.871,252.48,252.65,3549
2026-09-10 04:01:00,252.48,252.96,252.46,252.6,6370
2026-09-10 04:04:00,252.8,252.8,252.8,252.8,292
2026-09-10 04:07:00,252.82,252.82,252.82,252.82,100
2026-09-10 04:08:00,252.86,252.86,252.81,252.81,516
2026-09-10 04:11:00,252.87,252.92,252.87,252.92,200
2026-09-10 04:13:00,252.96,253.02,252.96,253.02,5603
2026-09-10 04:15:00,253.04,253.04,253.04,253.04,498
2026-09-10 04:18:00,252.94,252.99,252.94,252.99,360
2026-09-10 04:31:00,253.15,253.15,253.15,253.15,400
2026-09-10 04:33:00,253.02,253.02,253.02,253.02,100
2026-09-10 04:35:00,253.1,253.1,253.1,253.1,197
2026-09-10 04:39:00,253.06,253.1,252.87,253.1,1914
2026-09-10 04:41:00,252.9,252.9,252.9,252.9,396
2026-09-10 04:42:00,252.99,253,252.99,253,440
2026-09-10 04:43:00,253.0464,253.0464,253.0464,253.0464,297
2026-09-10 04:44:00,252.91,252.91,252.91,252.91,300
2026-09-10 04:49:00,252.85,252.9,252.85,252.9,424
2026-09-10 04:50:00,252.8,252.8,252.8,252.8,200
2026-09-10 04:54:00,252.6,252.6,252.6,252.6,100
2026-09-10 04:56:00,252.7,252.7,252.7,252.7,100
2026-09-10 05:00:00,252.74,252.74,252.74,252.74,100
2026-09-10 05:02:00,252.73,252.73,252.73,252.73,100
2026-09-10 05:05:00,252.94,252.94,252.94,252.94,484
2026-09-10 05:28:00,252.6,252.6,252.6,252.6,227
2026-09-10 05:30:00,252.54,252.54,252.54,252.54,170
2026-09-10 05:31:00,252.56,252.56,252.56,252.56,100
2026-09-10 05:34:00,252.55,252.55,252.55,252.55,773
2026-09-10 05:35:00,252.55,252.55,252.52,252.52,314
2026-09-10 05:36:00,252.48,252.48,252.48,252.48,971
2026-09-10 05:37:00,252.46,252.48,252.46,252.48,253
2026-09-10 05:38:00,252.43,252.43,252.38,252.38,583
2026-09-10 05:39:00,252.51,252.51,252.51,252.51,100
2026-09-10 05:43:00,252.4,252.4,252.25,252.25,208
2026-09-10 05:49:00,252.39,252.39,252.39,252.39,200
2026-09-10 05:53:00,252.4001,252.4001,252.4001,252.4001,230
2026-09-10 05:54:00,252.41,252.41,252.33,252.34,1076
2026-09-10 06:01:00,252.4,252.4,252.2,252.2,1800
2026-09-10 06:02:00,252.19,252.19,252.19,252.19,100
2026-09-10 06:03:00,252.2,252.2,252.2,252.2,200
2026-09-10 06:04:00,252.2,252.2,252.2,252.2,500
2026-09-10 06:05:00,252.2,252.2,252.2,252.2,1725
2026-09-10 06:06:00,252.2,252.2,252.2,252.2,100
2026-09-10 06:07:00,252.17,252.17,252.17,252.17,100
2026-09-10 06:09:00,252.18,252.19,252.13,252.19,1183
2026-09-10 06:11:00,252.2,252.2,252.2,252.2,100
2026-09-10 06:14:00,252.35,252.35,252.35,252.35,100
2026-09-10 06:18:00,252.3001,252.3001,252.3001,252.3001,100
2026-09-10 06:23:00,252.34,252.34,252.34,252.34,135
2026-09-10 06:25:00,252.49,253.2,252.49,253.13,21960
2026-09-10 06:26:00,252.87,253.15,252.8,252.8,1932
2026-09-10 06:27:00,252.8,252.8,252.73,252.73,280
2026-09-10 06:29:00,253,253,253,253,400
2026-09-10 06:30:00,252.7,252.8,252.66,252.66,1184
2026-09-10 06:32:00,252.79,252.82,252.79,252.82,200
2026-09-10 06:33:00,252.69,252.69,252.6,252.6,261
2026-09-10 06:34:00,252.6,252.7676,252.6,252.73,309
2026-09-10 06:40:00,252.85,252.85,252.8457,252.8457,346
2026-09-10 06:41:00,252.85,252.85,252.85,252.85,129
2026-09-10 06:42:00,252.94,252.94,252.94,252.94,150
2026-09-10 06:43:00,252.99,253.1,252.95,253.1,861
2026-09-10 06:44:00,252.9,252.9,252.9,252.9,116
2026-09-10 06:46:00,252.85,252.85,252.7,252.7,1076
2026-09-10 06:47:00,252.76,252.76,252.76,252.76,100
2026-09-10 06:50:00,252.86,252.86,252.86,252.86,100
2026-09-10 06:51:00,252.85,252.85,252.79,252.79,1008
2026-09-10 06:52:00,252.73,252.82,252.73,252.73,432
2026-09-10 06:53:00,252.82,252.9,252.82,252.9,700
2026-09-10 06:54:00,252.7,252.7,252.7,252.7,216
2026-09-10 06:55:00,252.64,252.87,252.64,252.79,1465
2026-09-10 06:56:00,252.84,252.9,252.84,252.9,800
2026-09-10 06:57:00,252.9,252.99,252.9,252.98,1161
2026-09-10 06:58:00,252.88,252.88,252.88,252.88,200
2026-09-10 06:59:00,252.86,252.86,252.8,252.8,238
2026-09-10 07:00:00,252.86,252.86,252.4,252.66,2733
2026-09-10 07:01:00,252.74,252.74,252.69,252.69,325
2026-09-10 07:04:00,252.68,252.68,252.68,252.68,1000
2026-09-10 07:05:00,252.68,252.68,252.59,252.59,600
2026-09-10 07:06:00,252.59,252.59,252.5,252.5,2125
2026-09-10 07:09:00,252.501,252.501,252.5,252.5,500
2026-09-10 07:11:00,252.37,252.47,252.37,252.47,1041
2026-09-10 07:13:00,252.5613,252.5613,252.5613,252.5613,100
2026-09-10 07:16:00,252.4,252.4,252.4,252.4,100
2026-09-10 07:19:00,252.49,252.5,252.49,252.5,1192
2026-09-10 07:20:00,252.57,252.57,252.57,252.57,140
2026-09-10 07:23:00,252.6,252.67,252.6,252.67,1562
2026-09-10 07:25:00,252.68,252.68,252.68,252.68,200
2026-09-10 07:27:00,252.67,252.67,252.67,252.67,100
2026-09-10 07:28:00,252.67,252.67,252.67,252.67,106
2026-09-10 07:29:00,252.57,252.65,252.57,252.65,801
2026-09-10 07:30:00,252.6,252.6,252.6,252.6,931
2026-09-10 07:31:00,252.68,252.68,252.68,252.68,200
2026-09-10 07:33:00,252.85,252.85,252.5949,252.5949,350
2026-09-10 07:34:00,252.75,252.83,252.75,252.83,806
2026-09-10 07:35:00,252.84,252.85,252.84,252.85,607
2026-09-10 07:36:00,252.88,252.88,252.88,252.88,200
2026-09-10 07:37:00,253,253,252.9,252.9,492
2026-09-10 07:38:00,252.8263,252.8263,252.8263,252.8263,100
2026-09-10 07:39:00,252.89,252.89,252.81,252.81,1750
2026-09-10 07:41:00,252.97,252.97,252.909,252.909,1212
2026-09-10 07:42:00,252.85,252.85,252.8,252.8,1100
2026-09-10 07:44:00,252.85,253,252.85,252.96,1999
2026-09-10 07:45:00,252.96,252.96,252.96,252.96,217
2026-09-10 07:46:00,252.9,252.9,252.9,252.9,200
2026-09-10 07:47:00,252.7738,252.7738,252.76,252.76,899
2026-09-10 07:49:00,252.86,252.91,252.86,252.89,2991
2026-09-10 07:50:00,252.8268,252.8268,252.8268,252.8268,500
2026-09-10 07:52:00,252.8131,252.82,252.65,252.6546,1868
2026-09-10 07:53:00,252.6337,252.6337,252.4413,252.4761,3030
2026-09-10 07:55:00,252.42,252.42,252.4,252.4,232
2026-09-10 07:56:00,252.32,252.32,252.31,252.31,627
2026-09-10 07:57:00,252.38,252.38,252.38,252.38,300
2026-09-10 07:59:00,252.44,252.45,252.31,252.31,300
2026-09-10 08:00:00,252.44,252.51,252.44,252.5,800
2026-09-10 08:01:00,252.57,252.6,252.57,252.6,817
2026-09-10 08:02:00,252.5,252.5,252.4625,252.4625,1607
2026-09-10 08:03:00,252.4505,252.4505,252.45,252.45,3437
2026-09-10 08:04:00,252.32,252.41,252.32,252.41,700
2026-09-10 08:05:00,252.32,252.32,252.32,252.32,109
2026-09-10 08:06:00,252.31,252.36,252.23,252.23,978
2026-09-10 08:07:00,252.25,252.25,252.25,252.25,222
2026-09-10 08:08:00,252.2,252.2,252.2,252.2,150
2026-09-10 08:09:00,252.3,252.3,252.05,252.05,4572
2026-09-10 08:10:00,252.16,252.19,252.16,252.19,300
2026-09-10 08:11:00,252.17,252.17,252.17,252.17,100
2026-09-10 08:12:00,252.24,252.3,252.24,252.25,1744
2026-09-10 08:13:00,252.3,252.4,252.2101,252.2101,4852
2026-09-10 08:14:00,252.44,252.57,252.44,252.57,4849
2026-09-10 08:15:00,252.49,252.5,252.49,252.5,1000
2026-09-10 08:18:00,252.44,252.6,252.44,252.6,2356
2026-09-10 08:19:00,252.5,252.5,252.5,252.5,991
2026-09-10 08:20:00,252.4,252.4,252.3,252.3,732
2026-09-10 08:22:00,252.23,252.25,252,252,7967
2026-09-10 08:23:00,252.01,252.01,251.8,251.84,2134
2026-09-10 08:24:00,251.832,252.2,251.832,252.17,5106
2026-09-10 08:25:00,252.0391,252.0391,251.9901,251.9901,4800
2026-09-10 08:26:00,251.8549,251.8549,251.8549,251.8549,139
2026-09-10 08:27:00,251.86,251.86,251.7699,251.7699,1487
2026-09-10 08:28:00,251.762,251.85,251.762,251.85,1225
2026-09-10 08:29:00,251.8,251.99,251.8,251.99,1622
2026-09-10 08:30:00,251.94,252.1,251.73,251.73,4012
2026-09-10 08:31:00,251.7,251.838,251.61,251.61,848
2026-09-10 08:32:00,251.666,251.85,251.51,251.85,2705
2026-09-10 08:33:00,251.54,251.54,251.2625,251.2625,13045
2026-09-10 08:34:00,251.23,251.3,251,251.1,4557
2026-09-10 08:35:00,251.1,251.35,251.1,251.1188,1586
2026-09-10 08:36:00,251.16,251.31,250.95,251,14897
2026-09-10 08:37:00,251.12,251.17,251.07,251.13,6584
2026-09-10 08:38:00,251.1,251.1,250.99,251,5194
2026-09-10 08:39:00,251.03,251.05,250.95,250.9824,3782
2026-09-10 08:40:00,250.9,250.9,250.7,250.7,8621
2026-09-10 08:41:00,250.8,250.8,250.65,250.65,5713
2026-09-10 08:42:00,250.65,250.7,250.56,250.56,2050
2026-09-10 08:43:00,250.55,250.9,250.55,250.71,5478
2026-09-10 08:44:00,250.89,250.9,250.7702,250.9,6268
2026-09-10 08:45:00,250.9,250.95,250.7,250.71,9819
2026-09-10 08:46:00,250.67,250.75,250.6,250.64,4363
2026-09-10 08:47:00,250.75,250.75,250.64,250.7,2680
2026-09-10 08:48:00,250.6,250.6623,250.55,250.6623,1284
2026-09-10 08:49:00,250.7,250.7,250.65,250.65,755
2026-09-10 08:50:00,250.57,250.65,250.5,250.65,5081
2026-09-10 08:51:00,250.55,250.58,250.55,250.58,1282
2026-09-10 08:52:00,250.6,250.6,250.4344,250.5,7457
2026-09-10 08:53:00,250.4279,250.55,250.36,250.46,4526
2026-09-10 08:54:00,250.46,250.6,250.46,250.5,4171
2026-09-10 08:55:00,250.5138,250.6,250.5138,250.59,2674
2026-09-10 08:56:00,250.59,250.59,250.46,250.56,4200
2026-09-10 08:57:00,250.534,250.534,250.4,250.4717,9016
2026-09-10 08:58:00,250.55,250.55,250.42,250.5,594
2026-09-10 08:59:00,250.437,250.47,250.437,250.45,1170
2026-09-10 09:00:00,250.44,251.86,250.44,250.76,20819
2026-09-10 09:01:00,251.07,251.07,250.5,250.75,7093
2026-09-10 09:02:00,250.96,251,250.76,250.88,1646
2026-09-10 09:03:00,250.57,250.88,250.5,250.5,6379
2026-09-10 09:04:00,250.734,250.734,250.5,250.7,1601
2026-09-10 09:05:00,250.7,250.7768,250.65,250.65,967
2026-09-10 09:07:00,250.61,250.65,250.4,250.4,1629
2026-09-10 09:08:00,250.5,250.5,250.3,250.34,13953
2026-09-10 09:09:00,250.26,250.4,250.26,250.3845,2234
2026-09-10 09:10:00,250.39,250.4,250.39,250.4,1230
2026-09-10 09:11:00,250.5,250.5,250.5,250.5,200
2026-09-10 09:13:00,250.59,250.59,250.5,250.5,250
2026-09-10 09:14:00,250.5,250.52,250.5,250.5017,2063
2026-09-10 09:15:00,250.48,250.4819,250.4,250.4,1761
2026-09-10 09:16:00,250.49,250.49,250.3817,250.3817,890
2026-09-10 09:17:00,250.45,250.45,250.39,250.4,1070
2026-09-10 09:18:00,250.45,250.45,250.4,250.4,900
2026-09-10 09:19:00,250.48,250.62,250.48,250.62,3450
2026-09-10 09:20:00,250.62,250.68,250.55,250.55,2386
2026-09-10 09:21:00,250.585,250.64,250.585,250.63,1080
2026-09-10 09:22:00,250.65,250.65,250.6,250.6,900
2026-09-10 09:23:00,250.6,250.6,250.59,250.6,3123
2026-09-10 09:24:00,250.5962,250.6,250.5,250.5,4765
2026-09-10 09:25:00,250.51,250.51,250.2,250.2,25253
2026-09-10 09:26:00,250.2496,250.2499,250.09,250.1,3073
2026-09-10 09:27:00,250.19,250.8,249.8,250.75,31533
2026-09-10 09:28:00,250.61,250.62,249.83,249.99,6344
2026-09-10 09:29:00,250,250.1,249.9,249.9,2236
2026-09-10 09:30:00,250.19,251.35,250.04,250.28,508399
2026-09-10 09:31:00,250.19,250.3,249.58,250.06,273519
2026-09-10 09:32:00,250.15,250.8,250,250.8,54376
2026-09-10 09:33:00,250.78,251.75,250.71,251.53,105232
2026-09-10 09:34:00,251.5577,251.85,251.08,251.16,72218
2026-09-10 09:35:00,251.14,251.49,251.14,251.25,69133
2026-09-10 09:36:00,251.2111,251.24,250.82,251.01,115815
2026-09-10 09:37:00,251.01,251.255,250.97,251.205,49184
2026-09-10 09:38:00,251.21,251.59,251.21,251.465,58183
2026-09-10 09:39:00,251.45,251.68,251.4,251.53,63160
2026-09-10 09:40:00,251.5117,251.53,250.92,251.06,87094
2026-09-10 09:41:00,251.02,251.02,250.77,250.985,68303
2026-09-10 09:42:00,250.93,251.1999,250.83,251.13,72821
2026-09-10 09:43:00,251.169,251.17,250.7,250.735,88560
2026-09-10 09:44:00,250.74,250.83,250.5,250.6595,85976
2026-09-10 09:45:00,250.655,251.3,250.59,251.24,125630
2026-09-10 09:46:00,251.24,251.75,251.195,251.695,108726
2026-09-10 09:47:00,251.67,251.97,251.6206,251.7901,84344
2026-09-10 09:48:00,251.825,251.97,251.62,251.744,37133
2026-09-10 09:49:00,251.74,252,251.52,251.97,71510
2026-09-10 09:50:00,252,252.0195,251.465,251.67,85337
2026-09-10 09:51:00,251.63,251.77,251.5,251.57,51005
2026-09-10 09:52:00,251.59,251.7199,251.545,251.67,40157
2026-09-10 09:53:00,251.63,252.27,251.58,252.08,154241
2026-09-10 09:54:00,252.0675,252.49,251.775,251.775,70643
2026-09-10 09:55:00,251.8,251.86,251.28,251.42,35392
2026-09-10 09:56:00,251.32,251.64,251.3,251.64,30725
2026-09-10 09:57:00,251.62,251.84,251.38,251.68,50949
2026-09-10 09:58:00,251.615,251.72,251.5,251.54,30130
2026-09-10 09:59:00,251.5,251.58,251.2,251.29,43769
2026-09-10 10:00:00,251.3,251.53,251.29,251.42,57562
2026-09-10 10:01:00,251.435,251.7118,251.435,251.625,42550
2026-09-10 10:02:00,251.625,251.9019,251.625,251.76,39527
2026-09-10 10:03:00,251.72,251.7699,251.58,251.74,40163
2026-09-10 10:04:00,251.69,251.69,251.53,251.6,27374
2026-09-10 10:05:00,251.62,251.82,251.54,251.56,37012
2026-09-10 10:06:00,251.58,251.64,251.49,251.58,20395
2026-09-10 10:07:00,251.61,251.78,251.48,251.65,32205
2026-09-10 10:08:00,251.6696,251.795,251.645,251.695,23301
2026-09-10 10:09:00,251.6948,251.72,251.37,251.5166,41868
2026-09-10 10:10:00,251.5,251.7,251.48,251.69,22204
2026-09-10 10:11:00,251.69,251.96,251.66,251.95,24411
2026-09-10 10:12:00,251.96,252.46,251.95,252.31,100123
2026-09-10 10:13:00,252.315,252.3799,252.21,252.315,32556
2026-09-10 10:14:00,252.3004,252.4,252.1801,252.32,41221
2026-09-10 10:15:00,252.32,252.35,251.92,252.11,45141
2026-09-10 10:16:00,252.11,252.11,251.8401,252.0899,27033
2026-09-10 10:17:00,252.0997,252.12,251.85,251.92,15925
2026-09-10 10:18:00,251.92,251.97,251.72,251.915,31568
2026-09-10 10:19:00,251.905,252.2,251.8701,252.19,26636
2026-09-10 10:20:00,252.14,252.225,252.065,252.18,22968
2026-09-10 10:21:00,252.185,252.24,252,252.1443,76513
2026-09-10 10:22:00,252.19,252.32,252.12,252.2,26769
2026-09-10 10:23:00,252.1801,252.2,251.9,251.995,30376
2026-09-10 10:24:00,251.96,252.66,251.93,252.29,88148
2026-09-10 10:25:00,252.25,252.3999,252.17,252.295,38392
2026-09-10 10:26:00,252.32,252.44,252.23,252.28,34778
2026-09-10 10:27:00,252.22,252.3,251.995,252.06,57859
2026-09-10 10:28:00,252.045,252.3,252.04,252.09,55665
2026-09-10 10:29:00,252.07,252.13,251.91,252.07,43835
2026-09-10 10:30:00,252.07,252.33,252.07,252.3,43623
2026-09-10 10:31:00,252.25,252.3291,252.13,252.255,32915
2026-09-10 10:32:00,252.2501,252.26,251.92,251.94,51084
2026-09-10 10:33:00,251.94,252.3,251.88,252.17,48932
2026-09-10 10:34:00,252.18,252.2,251.96,252.03,41894
2026-09-10 10:35:00,252.01,252.26,252,252.18,39288
2026-09-10 10:36:00,252.18,252.27,252.17,252.22,24869
2026-09-10 10:37:00,252.2,252.652,252.2,252.595,61398
2026-09-10 10:38:00,252.56,252.6,252.41,252.5815,50285
2026-09-10 10:39:00,252.56,252.71,252.5,252.7,61629
2026-09-10 10:40:00,252.6801,252.695,252.51,252.59,40159
2026-09-10 10:41:00,252.6,252.7,252.56,252.63,23681
2026-09-10 10:42:00,252.59,252.84,252.5302,252.5711,61240
2026-09-10 10:43:00,252.6,252.78,252.54,252.57,50904
2026-09-10 10:44:00,252.595,252.79,252.54,252.666,33914
2026-09-10 10:45:00,252.61,252.6567,252.41,252.47,37310
2026-09-10 10:46:00,252.46,252.56,252.28,252.415,35754
2026-09-10 10:47:00,252.415,252.5099,252.37,252.375,26843
2026-09-10 10:48:00,252.36,252.62,252.36,252.6,27430
2026-09-10 10:49:00,252.59,252.68,252.46,252.525,20684
2026-09-10 10:50:00,252.5,252.5,252.3153,252.35,26333
2026-09-10 10:51:00,252.355,252.425,252.23,252.36,40350
2026-09-10 10:52:00,252.37,252.44,252.27,252.27,11151
2026-09-10 10:53:00,252.27,252.435,252.21,252.435,12419
2026-09-10 10:54:00,252.42,252.6,252.27,252.545,33600
2026-09-10 10:55:00,252.565,252.67,252.55,252.58,28022
2026-09-10 10:56:00,252.58,252.88,252.56,252.5799,95614
2026-09-10 10:57:00,252.6,252.66,252.56,252.6,18733
2026-09-10 10:58:00,252.58,252.76,252.57,252.7193,28398
2026-09-10 10:59:00,252.67,252.83,252.64,252.78,35742
2026-09-10 11:00:00,252.78,252.79,252.62,252.685,40604
2026-09-10 11:01:00,252.6863,252.7,252.47,252.61,67418
2026-09-10 11:02:00,252.6,252.625,252.3999,252.445,37292
2026-09-10 11:03:00,252.43,252.63,252.315,252.45,45884
2026-09-10 11:04:00,252.44,252.5099,252.27,252.38,42749
2026-09-10 11:05:00,252.37,252.53,252.35,252.485,46112
2026-09-10 11:06:00,252.475,252.53,252.3,252.31,20063
2026-09-10 11:07:00,252.2901,252.39,252.2101,252.34,33902
2026-09-10 11:08:00,252.325,252.519,252.305,252.38,37214
2026-09-10 11:09:00,252.36,252.44,252.32,252.33,13619
2026-09-10 11:10:00,252.34,252.7,252.34,252.675,30965
2026-09-10 11:11:00,252.675,252.8,252.65,252.765,51642
2026-09-10 11:12:00,252.7699,252.94,252.7594,252.84,33828
2026-09-10 11:13:00,252.87,252.87,252.65,252.7799,19435
2026-09-10 11:14:00,252.7412,252.9,252.7223,252.88,40022
2026-09-10 11:15:00,252.8223,252.92,252.62,252.685,33022
2026-09-10 11:16:00,252.7,252.76,252.6301,252.655,17184
2026-09-10 11:17:00,252.655,252.99,252.655,252.92,22072
2026-09-10 11:18:00,252.91,252.98,252.85,252.915,23390
2026-09-10 11:19:00,252.91,252.92,252.75,252.805,21637
2026-09-10 11:20:00,252.82,252.83,252.6,252.61,26024
2026-09-10 11:21:00,252.615,252.62,252.51,252.605,16576
2026-09-10 11:22:00,252.63,252.74,252.6,252.7331,20025
2026-09-10 11:23:00,252.71,252.905,252.66,252.74,33391
2026-09-10 11:24:00,252.77,252.88,252.76,252.855,19839
2026-09-10 11:25:00,252.8401,252.89,252.59,252.7,19524
2026-09-10 11:26:00,252.728,252.728,252.475,252.475,41058
2026-09-10 11:27:00,252.48,252.58,252.36,252.43,58235
2026-09-10 11:28:00,252.4243,252.485,252.365,252.405,29620
2026-09-10 11:29:00,252.39,252.42,252.21,252.365,33898
2026-09-10 11:30:00,252.3799,252.47,252.29,252.47,31773
2026-09-10 11:31:00,252.4362,252.57,252.4362,252.48,26602
2026-09-10 11:32:00,252.485,252.525,252.4,252.5196,30955
2026-09-10 11:33:00,252.5199,252.63,252.51,252.58,33211
2026-09-10 11:34:00,252.55,252.56,252.4701,252.495,12656
2026-09-10 11:35:00,252.49,252.56,252.44,252.54,30445
2026-09-10 11:36:00,252.555,252.74,252.555,252.65,31789
2026-09-10 11:37:00,252.63,252.74,252.6,252.66,20656
2026-09-10 11:38:00,252.66,252.695,252.37,252.38,64132
2026-09-10 11:39:00,252.4,252.45,252.32,252.415,31682
2026-09-10 11:40:00,252.42,252.48,252.38,252.38,47208
2026-09-10 11:41:00,252.4,252.4764,252.36,252.42,22861
2026-09-10 11:42:00,252.39,252.42,252.35,252.386,31114
2026-09-10 11:43:00,252.425,252.6,252.39,252.585,71611
2026-09-10 11:44:00,252.6,252.6,252.46,252.56,20023
2026-09-10 11:45:00,252.57,252.61,252.49,252.57,34413
2026-09-10 11:46:00,252.57,252.9,252.515,252.7578,45607
2026-09-10 11:47:00,252.74,252.89,252.71,252.855,34082
2026-09-10 11:48:00,252.84,253.06,252.7075,252.835,56926
2026-09-10 11:49:00,252.85,253.04,252.85,252.94,22175
2026-09-10 11:50:00,252.94,252.95,252.78,252.78,17708
2026-09-10 11:51:00,252.8,252.9225,252.74,252.83,19517
2026-09-10 11:52:00,252.82,252.9,252.73,252.75,14382
2026-09-10 11:53:00,252.76,252.8,252.54,252.54,15361
2026-09-10 11:54:00,252.5,252.53,252.15,252.16,49222
2026-09-10 11:55:00,252.17,252.22,252.11,252.15,13605
2026-09-10 11:56:00,252.18,252.3725,252.15,252.355,29459
2026-09-10 11:57:00,252.345,252.41,252.18,252.32,26197
2026-09-10 11:58:00,252.35,252.54,252.3,252.51,23482
2026-09-10 11:59:00,252.51,252.51,252.36,252.38,17885
2026-09-10 12:00:00,252.37,252.8014,252.36,252.787,23001
2026-09-10 12:01:00,252.785,252.88,252.73,252.815,24646
2026-09-10 12:02:00,252.8,252.81,252.655,252.66,15551
2026-09-10 12:03:00,252.64,252.75,252.58,252.59,24624
2026-09-10 12:04:00,252.61,252.79,252.6,252.72,13487
2026-09-10 12:05:00,252.73,252.73,252.54,252.56,17746
2026-09-10 12:06:00,252.53,252.565,252.41,252.41,32137
2026-09-10 12:07:00,252.42,252.45,252.21,252.255,25085
2026-09-10 12:08:00,252.29,252.33,252.15,252.17,13812
2026-09-10 12:09:00,252.2,252.29,252.1551,252.2301,11737
2026-09-10 12:10:00,252.29,252.32,252.24,252.29,9507
2026-09-10 12:11:00,252.31,252.54,252.2701,252.515,18120
2026-09-10 12:12:00,252.49,252.61,252.48,252.61,8237
2026-09-10 12:13:00,252.61,252.62,252.51,252.59,7971
2026-09-10 12:14:00,252.57,252.58,252.45,252.49,10867
2026-09-10 12:15:00,252.475,252.68,252.4,252.68,22459
2026-09-10 12:16:00,252.68,252.68,252.51,252.59,9188
2026-09-10 12:17:00,252.55,252.59,252.47,252.545,15081
2026-09-10 12:18:00,252.56,252.67,252.56,252.64,6671
2026-09-10 12:19:00,252.655,252.7,252.6,252.61,12677
2026-09-10 12:20:00,252.61,252.68,252.545,252.63,8282
2026-09-10 12:21:00,252.63,252.66,252.57,252.61,9295
2026-09-10 12:22:00,252.6199,252.69,252.6199,252.66,12251
2026-09-10 12:23:00,252.6599,252.67,252.54,252.6,15245
2026-09-10 12:24:00,252.6,252.6,252.5,252.505,10194
2026-09-10 12:25:00,252.51,252.51,252.38,252.41,8424
2026-09-10 12:26:00,252.41,252.52,252.41,252.49,9239
2026-09-10 12:27:00,252.475,252.51,252.41,252.51,20323
2026-09-10 12:28:00,252.53,252.61,252.49,252.58,9394
2026-09-10 12:29:00,252.595,252.64,252.48,252.52,13884
2026-09-10 12:30:00,252.5,252.56,252.44,252.46,11113
2026-09-10 12:31:00,252.46,252.5,252.42,252.46,8849
2026-09-10 12:32:00,252.49,252.655,252.49,252.6,19766
2026-09-10 12:33:00,252.57,252.63,252.55,252.62,9565
2026-09-10 12:34:00,252.605,252.63,252.26,252.34,55278
2026-09-10 12:35:00,252.29,252.359,252.186,252.23,71052
2026-09-10 12:36:00,252.24,252.3001,252.2,252.3,9428
2026-09-10 12:37:00,252.2984,252.4,252.26,252.4,36065
2026-09-10 12:38:00,252.39,252.45,252.3701,252.375,8635
2026-09-10 12:39:00,252.37,252.432,252.36,252.4,12891
2026-09-10 12:40:00,252.4046,252.47,252.35,252.445,14692
2026-09-10 12:41:00,252.413,252.576,252.413,252.56,16331
2026-09-10 12:42:00,252.55,252.675,252.54,252.61,44727
2026-09-10 12:43:00,252.6,252.62,252.54,252.62,34023
2026-09-10 12:44:00,252.605,252.65,252.5601,252.57,12639
2026-09-10 12:45:00,252.58,252.8587,252.57,252.8587,29953
2026-09-10 12:46:00,252.86,252.96,252.82,252.93,19637
2026-09-10 12:47:00,252.92,252.96,252.82,252.94,20809
2026-09-10 12:48:00,252.96,252.97,252.89,252.96,16141
2026-09-10 12:49:00,252.93,252.945,252.7201,252.73,17467
2026-09-10 12:50:00,252.72,252.75,252.64,252.735,13758
2026-09-10 12:51:00,252.75,252.8199,252.705,252.705,27616
2026-09-10 12:52:00,252.71,252.89,252.68,252.82,31606
2026-09-10 12:53:00,252.83,252.88,252.81,252.875,8129
2026-09-10 12:54:00,252.9,252.96,252.86,252.96,25427
2026-09-10 12:55:00,252.95,253.0141,252.91,252.93,24463
2026-09-10 12:56:00,252.955,252.99,252.88,252.94,18093
2026-09-10 12:57:00,252.93,252.96,252.89,252.9,15034
2026-09-10 12:58:00,252.89,252.94,252.86,252.89,29490
2026-09-10 12:59:00,252.89,252.89,252.81,252.87,7016
2026-09-10 13:00:00,252.845,252.88,252.79,252.88,11688
2026-09-10 13:01:00,252.89,252.93,252.8,252.81,27992
2026-09-10 13:02:00,252.82,253.15,252.82,252.835,43084
2026-09-10 13:03:00,252.84,252.84,252.72,252.72,14452
2026-09-10 13:04:00,252.7,252.82,252.67,252.82,8326
2026-09-10 13:05:00,252.82,252.89,252.78,252.79,10828
2026-09-10 13:06:00,252.78,252.78,252.615,252.66,39207
2026-09-10 13:07:00,252.65,252.72,252.615,252.6301,7423
2026-09-10 13:08:00,252.63,252.7,252.55,252.59,19835
2026-09-10 13:09:00,252.59,252.6499,252.57,252.61,8933
2026-09-10 13:10:00,252.61,252.78,252.61,252.78,12919
2026-09-10 13:11:00,252.775,252.79,252.69,252.7,12735
2026-09-10 13:12:00,252.715,252.77,252.68,252.715,7340
2026-09-10 13:13:00,252.715,252.765,252.6982,252.73,15706
2026-09-10 13:14:00,252.73,252.82,252.72,252.78,10409
2026-09-10 13:15:00,252.7403,252.78,252.68,252.72,7584
2026-09-10 13:16:00,252.74,252.8399,252.72,252.8299,5151
2026-09-10 13:17:00,252.83,252.85,252.77,252.79,21407
2026-09-10 13:18:00,252.76,252.7899,252.635,252.66,12867
2026-09-10 13:19:00,252.6301,252.68,252.59,252.6,6092
2026-09-10 13:20:00,252.625,252.625,252.52,252.605,17299
2026-09-10 13:21:00,252.61,252.67,252.58,252.64,10501
2026-09-10 13:22:00,252.635,252.68,252.61,252.62,12295
2026-09-10 13:23:00,252.63,252.67,252.54,252.54,24433
2026-09-10 13:24:00,252.54,252.56,252.5,252.55,18886
2026-09-10 13:25:00,252.55,252.5646,252.43,252.455,10346
2026-09-10 13:26:00,252.455,252.51,252.45,252.51,9717
2026-09-10 13:27:00,252.51,252.54,252.48,252.53,9357
2026-09-10 13:28:00,252.51,252.53,252.46,252.46,19127
2026-09-10 13:29:00,252.47,252.48,252.41,252.41,7369
2026-09-10 13:30:00,252.41,252.41,252.31,252.35,17221
2026-09-10 13:31:00,252.32,252.3499,252.26,252.33,21709
2026-09-10 13:32:00,252.33,252.37,252.27,252.27,21890
2026-09-10 13:33:00,252.27,252.33,252.22,252.33,18404
2026-09-10 13:34:00,252.34,252.43,252.34,252.355,11307
2026-09-10 13:35:00,252.355,252.38,252.27,252.29,14618
2026-09-10 13:36:00,252.3,252.303,252.18,252.22,16691
2026-09-10 13:37:00,252.195,252.22,252.05,252.05,30901
2026-09-10 13:38:00,252.04,252.11,252.01,252.07,26938
2026-09-10 13:39:00,252.065,252.08,251.87,251.88,52649
2026-09-10 13:40:00,251.865,251.96,251.845,251.93,26995
2026-09-10 13:41:00,251.93,252.1403,251.93,252.1403,23663
2026-09-10 13:42:00,252.13,252.22,252.09,252.19,16508
2026-09-10 13:43:00,252.19,252.3,252.17,252.27,32483
2026-09-10 13:44:00,252.27,252.33,252.21,252.25,16893
2026-09-10 13:45:00,252.28,252.28,252.23,252.23,5500
2026-09-10 13:46:00,252.2199,252.26,252.1,252.13,8133
2026-09-10 13:47:00,252.14,252.18,252.12,252.15,8576
2026-09-10 13:48:00,252.15,252.23,252.1,252.1,16444
2026-09-10 13:49:00,252.1,252.235,252.1,252.215,15639
2026-09-10 13:50:00,252.21,252.28,252.19,252.28,29436
2026-09-10 13:51:00,252.26,252.365,252.26,252.33,15171
2026-09-10 13:52:00,252.335,252.38,252.29,252.32,15164
2026-09-10 13:53:00,252.27,252.29,252.18,252.21,10393
2026-09-10 13:54:00,252.21,252.225,252.17,252.18,4706
2026-09-10 13:55:00,252.16,252.22,252.125,252.18,7799
2026-09-10 13:56:00,252.15,252.25,252.14,252.25,10827
2026-09-10 13:57:00,252.24,252.295,252.17,252.2,10102
2026-09-10 13:58:00,252.2,252.2,252.095,252.13,15613
2026-09-10 13:59:00,252.13,252.14,252.09,252.12,13805
2026-09-10 14:00:00,252.1,252.1,252,252.08,17586
2026-09-10 14:01:00,252.09,252.11,251.96,251.965,18229
2026-09-10 14:02:00,251.965,252.17,251.965,252.17,30005
2026-09-10 14:03:00,252.17,252.2,252.14,252.17,8190
2026-09-10 14:04:00,252.18,252.24,252.16,252.21,6343
2026-09-10 14:05:00,252.2,252.26,252.16,252.22,10835
2026-09-10 14:06:00,252.2299,252.25,252.21,252.2244,8838
2026-09-10 14:07:00,252.23,252.32,252.225,252.29,7375
2026-09-10 14:08:00,252.285,252.31,252.25,252.2999,10086
2026-09-10 14:09:00,252.25,252.3,252.2,252.2,9589
2026-09-10 14:10:00,252.2,252.3,252.12,252.27,10686
2026-09-10 14:11:00,252.28,252.28,252.12,252.14,8456
2026-09-10 14:12:00,252.14,252.15,252.06,252.115,11210
2026-09-10 14:13:00,252.16,252.16,252.1,252.135,5560
2026-09-10 14:14:00,252.135,252.1499,252,252,21457
2026-09-10 14:15:00,252,252.06,251.92,252.04,13480
2026-09-10 14:16:00,252.04,252.094,251.9801,251.995,18942
2026-09-10 14:17:00,251.995,252.0784,251.98,252.03,11863
2026-09-10 14:18:00,252.03,252.073,251.9,251.91,18125
2026-09-10 14:19:00,251.91,251.9999,251.88,251.99,16528
2026-09-10 14:20:00,252,252.04,251.98,252.03,4641
2026-09-10 14:21:00,252.0399,252.05,251.9535,251.9599,22229
2026-09-10 14:22:00,251.95,252.1,251.95,252.07,22644
2026-09-10 14:23:00,252.08,252.13,252.035,252.11,13851
2026-09-10 14:24:00,252.1,252.21,252.07,252.15,15542
2026-09-10 14:25:00,252.14,252.15,252.03,252.07,10145
2026-09-10 14:26:00,252.05,252.08,251.96,251.9714,12594
2026-09-10 14:27:00,251.97,252.01,251.93,251.9899,10621
2026-09-10 14:28:00,251.99,252.12,251.99,252.0201,13494
2026-09-10 14:29:00,252.02,252.05,252,252.05,12855
2026-09-10 14:30:00,252.055,252.08,251.96,251.99,15615
2026-09-10 14:31:00,251.98,252.03,251.95,252.02,6360
2026-09-10 14:32:00,252.015,252.03,251.9,251.915,19237
2026-09-10 14:33:00,251.93,251.98,251.92,251.935,9870
2026-09-10 14:34:00,251.95,251.99,251.86,251.98,23613
2026-09-10 14:35:00,251.975,252.01,251.9401,252.01,11537
2026-09-10 14:36:00,252.005,252.01,251.96,251.96,10577
2026-09-10 14:37:00,251.96,251.97,251.91,251.92,18397
2026-09-10 14:38:00,251.9,252.04,251.9,252.005,28603
2026-09-10 14:39:00,251.9914,252.02,251.9575,251.98,20182
2026-09-10 14:40:00,251.995,252.04,251.98,251.99,19431
2026-09-10 14:41:00,252.01,252.03,251.96,252,18421
2026-09-10 14:42:00,251.9735,252.06,251.951,251.98,15207
2026-09-10 14:43:00,251.976,252.03,251.95,252,14940
2026-09-10 14:44:00,251.99,252.0299,251.95,251.9612,7275
2026-09-10 14:45:00,251.9743,252,251.91,251.95,10690
2026-09-10 14:46:00,251.9675,251.99,251.9301,251.97,30289
2026-09-10 14:47:00,251.95,251.98,251.93,251.96,11188
2026-09-10 14:48:00,251.9657,251.9657,251.9,251.96,8561
2026-09-10 14:49:00,251.9699,252.18,251.95,252.09,37395
2026-09-10 14:50:00,252.0999,252.1148,252.05,252.11,15220
2026-09-10 14:51:00,252.11,252.28,252.1,252.2,34710
2026-09-10 14:52:00,252.195,252.2999,252.17,252.275,14753
2026-09-10 14:53:00,252.25,252.27,252.15,252.17,11915
2026-09-10 14:54:00,252.17,252.24,252.13,252.1701,25179
2026-09-10 14:55:00,252.175,252.23,252.16,252.23,8615
2026-09-10 14:56:00,252.23,252.25,252.15,252.15,6046
2026-09-10 14:57:00,252.15,252.16,252.005,252.02,25855
2026-09-10 14:58:00,252.02,252.04,251.85,251.86,26685
2026-09-10 14:59:00,251.86,251.88,251.8001,251.84,18894
2026-09-10 15:00:00,251.81,251.83,251.71,251.7242,35435
2026-09-10 15:01:00,251.735,251.83,251.67,251.76,19219
2026-09-10 15:02:00,251.755,251.8,251.56,251.5998,44625
2026-09-10 15:03:00,251.57,251.585,251.45,251.485,37408
2026-09-10 15:04:00,251.4755,251.66,251.4755,251.5471,25307
2026-09-10 15:05:00,251.575,251.64,251.55,251.595,22280
2026-09-10 15:06:00,251.6199,251.74,251.6,251.725,41323
2026-09-10 15:07:00,251.725,251.77,251.66,251.75,32731
2026-09-10 15:08:00,251.74,251.78,251.6752,251.78,21198
2026-09-10 15:09:00,251.77,251.86,251.69,251.84,38712
2026-09-10 15:10:00,251.81,251.96,251.785,251.92,53586
2026-09-10 15:11:00,251.9122,252.09,251.82,251.835,43282
2026-09-10 15:12:00,251.84,251.96,251.7932,251.915,26391
2026-09-10 15:13:00,251.92,251.98,251.89,251.94,19836
2026-09-10 15:14:00,251.94,252,251.912,251.95,14068
2026-09-10 15:15:00,251.95,251.96,251.73,251.73,22612
2026-09-10 15:16:00,251.74,251.76,251.67,251.68,22955
2026-09-10 15:17:00,251.68,251.73,251.606,251.6612,24365
2026-09-10 15:18:00,251.67,251.67,251.5529,251.59,12206
2026-09-10 15:19:00,251.56,251.63,251.46,251.63,50359
2026-09-10 15:20:00,251.615,251.65,251.58,251.61,13896
2026-09-10 15:21:00,251.62,251.63,251.56,251.63,13974
2026-09-10 15:22:00,251.64,251.64,251.44,251.5201,32512
2026-09-10 15:23:00,251.525,251.54,251.456,251.46,18273
2026-09-10 15:24:00,251.4401,251.585,251.4401,251.58,14207
2026-09-10 15:25:00,251.58,251.62,251.515,251.525,10971
2026-09-10 15:26:00,251.53,251.61,251.52,251.56,10942
2026-09-10 15:27:00,251.55,251.61,251.52,251.56,16301
2026-09-10 15:28:00,251.55,251.55,251.44,251.47,20635
2026-09-10 15:29:00,251.48,251.54,251.4692,251.54,15075
2026-09-10 15:30:00,251.54,251.6,251.5,251.51,27736
2026-09-10 15:31:00,251.505,251.665,251.505,251.665,18101
2026-09-10 15:32:00,251.66,251.67,251.62,251.64,23928
2026-09-10 15:33:00,251.6389,251.71,251.625,251.71,18045
2026-09-10 15:34:00,251.72,251.72,251.62,251.69,15249
2026-09-10 15:35:00,251.69,251.72,251.66,251.66,40470
2026-09-10 15:36:00,251.665,251.68,251.625,251.6399,20523
2026-09-10 15:37:00,251.64,251.7,251.62,251.635,30818
2026-09-10 15:38:00,251.62,251.66,251.5219,251.62,22180
2026-09-10 15:39:00,251.6,251.68,251.54,251.58,14570
2026-09-10 15:40:00,251.6,251.61,251.55,251.57,21424
2026-09-10 15:41:00,251.57,251.62,251.4845,251.59,23840
2026-09-10 15:42:00,251.58,251.6,251.5,251.55,14732
2026-09-10 15:43:00,251.56,251.59,251.49,251.54,18784
2026-09-10 15:44:00,251.52,251.54,251.42,251.4591,17554
2026-09-10 15:45:00,251.43,251.47,251.38,251.47,26328
2026-09-10 15:46:00,251.47,251.48,251.17,251.175,32059
2026-09-10 15:47:00,251.1735,251.23,251.12,251.16,26657
2026-09-10 15:48:00,251.1657,251.21,251.02,251.03,34144
2026-09-10 15:49:00,251.05,251.26,250.99,251.215,81959
2026-09-10 15:50:00,251.24,251.5,251.24,251.49,41651
2026-09-10 15:51:00,251.47,251.49,251.3,251.41,47859
2026-09-10 15:52:00,251.415,251.445,251.29,251.36,50554
2026-09-10 15:53:00,251.33,251.34,251.19,251.265,54835
2026-09-10 15:54:00,251.25,251.42,250.89,251.4,110207
2026-09-10 15:55:00,251.4,251.76,251.4,251.65,116819
2026-09-10 15:56:00,251.65,251.79,251.64,251.75,79197
2026-09-10 15:57:00,251.77,251.77,251.64,251.64,70096
2026-09-10 15:58:00,251.64,251.86,251.625,251.86,104333
2026-09-10 15:59:00,251.85,251.96,251.69,251.89,278575
2026-09-10 16:00:00,251.89,251.89,251.35,251.35,6223724
2026-09-10 16:01:00,251.41,251.9793,251.41,251.9793,1363
2026-09-10 16:02:00,251.77,251.9,251.77,251.9,978
2026-09-10 16:03:00,251.7779,251.86,251.7779,251.86,600
2026-09-10 16:06:00,251.92,251.92,251.9,251.9,414
2026-09-10 16:07:00,251.8479,251.8479,251.8479,251.8479,100
2026-09-10 16:09:00,251.95,251.97,251.95,251.97,200
2026-09-10 16:10:00,251.99,252.1,251.89,252.1,6314
2026-09-10 16:11:00,252.1,252.1,252.1,252.1,175
2026-09-10 16:12:00,251.9983,252.1,251.9983,252.1,437
2026-09-10 16:14:00,252.0512,252.14,252.0512,252.13,4096
2026-09-10 16:15:00,252.15,252.22,252.15,252.22,7514
2026-09-10 16:16:00,252.231,252.2497,252.1407,252.243,2145
2026-09-10 16:17:00,252.21,252.21,252.21,252.21,350
2026-09-10 16:19:00,252.2,252.2,252.2,252.2,100
2026-09-10 16:20:00,252.2,252.2,252.2,252.2,1000
2026-09-10 16:23:00,252.032,252.032,252.032,252.032,100
2026-09-10 16:24:00,252.12,252.12,252.12,252.12,180
2026-09-10 16:25:00,252.149,252.149,252.149,252.149,199
2026-09-10 16:26:00,252.134,252.134,252,252,1417
2026-09-10 16:27:00,252.1073,252.1073,252.1073,252.1073,125
2026-09-10 16:28:00,252,252,251.95,251.95,488
2026-09-10 16:29:00,252.08,252.08,252.08,252.08,100
2026-09-10 16:30:00,252.07,252.07,252.07,252.07,250
2026-09-10 16:31:00,252.0314,252.0314,252.0314,252.0314,200
2026-09-10 16:33:00,251.9508,251.9508,251.95,251.95,284
2026-09-10 16:34:00,251.9707,251.9722,251.92,251.92,1800
2026-09-10 16:35:00,251.92,251.97,251.92,251.92,665
2026-09-10 16:36:00,251.91,251.91,251.91,251.91,100
2026-09-10 16:37:00,251.9576,251.9576,251.8969,251.8969,600
2026-09-10 16:38:00,251.89,251.89,251.89,251.89,527
2026-09-10 16:39:00,251.9,251.9,251.9,251.9,123
2026-09-10 16:40:00,251.91,251.91,251.5,251.87,1326
2026-09-10 16:44:00,251.8,251.83,251.8,251.83,1063
2026-09-10 16:45:00,251.7,251.9366,251.7,251.9366,1350
2026-09-10 16:48:00,252,252,252,252,477
2026-09-10 16:49:00,251.96,251.96,251.96,251.96,175
2026-09-10 16:50:00,251.9607,251.9607,251.9607,251.9607,100
2026-09-10 16:51:00,251.97,251.98,251.97,251.98,242
2026-09-10 16:53:00,251.9653,251.9653,251.9629,251.9629,405
2026-09-10 16:54:00,251.99,252,251.99,252,1409
2026-09-10 16:55:00,252.06,252.06,252.06,252.06,100
2026-09-10 16:56:00,252.05,252.05,252.05,252.05,316
2026-09-10 16:57:00,252.05,252.05,252,252.05,1438
2026-09-10 16:58:00,252,252,252,252,4594
2026-09-10 17:00:00,251.89,251.89,251.89,251.89,408
2026-09-10 17:02:00,252,252,251.7406,251.7406,400
2026-09-10 17:03:00,252,252,252,252,175
2026-09-10 17:04:00,251.9907,251.9907,251.98,251.98,848
2026-09-10 17:08:00,251.96,251.96,251.96,251.96,200
2026-09-10 17:11:00,251.95,251.95,251.95,251.95,120
2026-09-10 17:13:00,251.96,252.05,251.96,252.05,487
2026-09-10 17:14:00,252.07,252.07,252.07,252.07,100
2026-09-10 17:15:00,252,252,252,252,200
2026-09-10 17:17:00,252,252,252,252,100
2026-09-10 17:20:00,252,252,252,252,300
2026-09-10 17:27:00,252.07,252.07,252.07,252.07,300
2026-09-10 17:32:00,252.05,252.05,252.05,252.05,100
2026-09-10 17:38:00,252,252,252,252,152
2026-09-10 17:39:00,252,252,251.95,251.95,458
2026-09-10 17:40:00,251.94,251.95,251.85,251.9,628
2026-09-10 17:41:00,251.9662,251.9662,251.9662,251.9662,100
2026-09-10 17:42:00,251.9592,251.96,251.9198,251.9198,1504
2026-09-10 17:43:00,251.9,251.9,251.9,251.9,250
2026-09-10 17:44:00,251.9,251.9,251.9,251.9,100
2026-09-10 17:46:00,251.8732,251.8732,251.8732,251.8732,500
2026-09-10 17:47:00,251.9,251.9,251.9,251.9,100
2026-09-10 17:49:00,251.9989,251.9989,251.9983,251.9983,447
2026-09-10 17:51:00,251.97,251.97,251.97,251.97,100
2026-09-10 17:52:00,252,252,252,252,268
2026-09-10 17:53:00,252,252,251.99,251.99,500
2026-09-10 17:54:00,251.99,251.99,251.99,251.99,748
2026-09-10 17:55:00,251.96,251.9955,251.96,251.9955,900
2026-09-10 17:57:00,251.95,252,251.9155,252,596
2026-09-10 18:00:00,252,252,252,252,511
2026-09-10 18:02:00,251.9458,251.9458,251.9458,251.9458,115
2026-09-10 18:03:00,252,252.1,252,252,882
2026-09-10 18:07:00,252.005,252.005,252.005,252.005,100
2026-09-10 18:08:00,251.92,251.92,251.92,251.92,140
2026-09-10 18:10:00,252.2,252.2,252.2,252.2,115
2026-09-10 18:13:00,252.05,252.05,252.05,252.05,140
2026-09-10 18:14:00,252.18,252.19,252.18,252.19,977
2026-09-10 18:18:00,252.12,252.12,252.12,252.12,100
2026-09-10 18:19:00,252.1217,252.15,252.1217,252.15,915
2026-09-10 18:20:00,251.9718,251.9718,251.9718,251.9718,130
2026-09-10 18:23:00,252.0314,252.0314,252.0314,252.0314,100
2026-09-10 18:24:00,251.9401,251.9401,251.9401,251.9401,190
2026-09-10 18:29:00,251.9,251.98,251.9,251.98,282
2026-09-10 18:30:00,251.9,251.92,251.9,251.92,400
2026-09-10 18:34:00,251.92,251.92,251.92,251.92,200
2026-09-10 18:36:00,251.9184,251.9184,251.9184,251.9184,100
2026-09-10 18:37:00,251.93,251.93,251.93,251.93,108
2026-09-10 18:39:00,251.96,251.96,251.96,251.96,200
2026-09-10 18:40:00,251.9996,251.9996,251.9996,251.9996,100
2026-09-10 18:42:00,251.9942,251.9942,251.9792,251.9792,200
2026-09-10 18:43:00,251.98,251.98,251.9,251.9,712
2026-09-10 18:45:00,251.7815,251.7815,251.7815,251.7815,475
2026-09-10 18:46:00,251.85,251.85,251.85,251.85,195
2026-09-10 18:47:00,251.82,251.82,251.82,251.82,100
2026-09-10 18:48:00,251.7717,251.7717,251.7717,251.7717,100
2026-09-10 18:50:00,251.78,251.79,251.75,251.79,1900
2026-09-10 18:51:00,251.89,251.89,251.89,251.89,100
2026-09-10 18:52:00,251.89,251.89,251.89,251.89,300
2026-09-10 18:53:00,251.83,251.83,251.83,251.83,100
2026-09-10 18:54:00,251.89,251.89,251.89,251.89,2000
2026-09-10 18:56:00,251.75,251.75,251.75,251.75,691
2026-09-10 18:57:00,251.75,251.75,251.75,251.75,250
2026-09-10 18:59:00,251.778,251.778,251.778,251.778,100
2026-09-10 19:10:00,251.89,251.89,251.79,251.79,520
2026-09-10 19:11:00,251.77,251.78,251.77,251.78,2631
2026-09-10 19:12:00,251.75,251.75,251.75,251.75,784
2026-09-10 19:15:00,251.78,251.78,251.78,251.78,100
2026-09-10 19:19:00,251.75,251.75,251.75,251.75,100
2026-09-10 19:23:00,251.6655,251.6655,251.6655,251.6655,100
2026-09-10 19:24:00,251.65,251.65,251.65,251.65,700
2026-09-10 19:25:00,251.72,251.74,251.72,251.74,200
2026-09-10 19:26:00,251.65,251.75,251.65,251.7497,416
2026-09-10 19:27:00,251.75,251.75,251.75,251.75,205
2026-09-10 19:29:00,251.75,251.75,251.75,251.75,295
2026-09-10 19:30:00,251.75,251.75,251.75,251.75,100
2026-09-10 19:31:00,251.89,251.89,251.8,251.8,300
2026-09-10 19:35:00,251.7768,251.7768,251.75,251.75,300
2026-09-10 19:37:00,251.76,251.76,251.75,251.75,500
2026-09-10 19:38:00,251.74,251.74,251.74,251.74,100
2026-09-10 19:44:00,251.7972,251.7972,251.74,251.7968,850
2026-09-10 19:45:00,251.8,251.8,251.72,251.72,216
2026-09-10 19:46:00,251.82,251.82,251.82,251.82,100
2026-09-10 19:47:00,251.72,251.72,251.71,251.71,415
2026-09-10 19:48:00,251.72,251.78,251.64,251.64,1994
2026-09-10 19:49:00,251.5418,251.5418,251.5418,251.5418,100
2026-09-10 19:52:00,251.594,251.6,251.576,251.6,500
2026-09-10 19:53:00,251.59,251.59,251.5,251.5,2470
2026-09-10 19:54:00,251.51,251.5176,251.5,251.5,1250
2026-09-10 19:55:00,251.25,251.25,251.25,251.25,201
2026-09-10 19:58:00,251.27,251.27,251.26,251.26,200
2026-09-10 19:59:00,251.22,251.4235,251.22,251.4235,300
2026-09-11 04:00:00,251.84,252.9,251.8016,252.75,4932
2026-09-11 04:01:00,252.85,252.93,251.75,252.79,18426
2026-09-11 04:02:00,252.93,252.96,252.76,252.95,828
2026-09-11 04:03:00,252.76,252.76,252.76,252.76,190
2026-09-11 04:05:00,252.95,252.95,252.95,252.95,100
2026-09-11 04:15:00,252.8,252.87,252.8,252.87,1150
2026-09-11 04:16:00,252.8438,252.8438,252.8438,252.8438,300
2026-09-11 04:18:00,252.86,252.86,252.86,252.86,100
2026-09-11 04:24:00,252.91,253.1,252.91,253.1,10446
2026-09-11 04:25:00,253,253,253,253,1471
2026-09-11 04:31:00,252.9,253.1,252.9,253.1,734
2026-09-11 04:32:00,253.1,253.1,253.1,253.1,200
2026-09-11 04:34:00,253.01,253.1,253.01,253.1,1075
2026-09-11 04:35:00,253.11,253.11,253.1,253.1,1992
2026-09-11 04:36:00,253.09,253.09,253.09,253.09,293
2026-09-11 04:42:00,253.09,253.09,253.09,253.09,200
2026-09-11 04:44:00,253.1,253.25,253.1,253.25,3645
2026-09-11 04:48:00,253.37,253.47,253.37,253.47,621
2026-09-11 04:52:00,253.47,253.47,253.47,253.47,110
2026-09-11 04:53:00,253.45,253.5,253.45,253.5,1229
2026-09-11 04:54:00,253.52,253.52,253.52,253.52,100
2026-09-11 04:55:00,253.54,253.54,253.54,253.54,887
2026-09-11 04:56:00,253.57,253.57,253.569,253.569,362
2026-09-11 04:57:00,253.4391,253.4391,253.4391,253.4391,300
2026-09-11 04:58:00,253.5,253.5,253.5,253.5,350
2026-09-11 04:59:00,253.57,253.57,253.57,253.57,100
2026-09-11 05:00:00,253.68,253.68,253.61,253.61,657
2026-09-11 05:02:00,253.6,253.6,253.6,253.6,300
2026-09-11 05:05:00,253.41,253.41,253.41,253.41,200
2026-09-11 05:08:00,253.6,253.6,253.4271,253.4271,342
2026-09-11 05:09:00,253.42,253.42,253.4,253.4,298
2026-09-11 05:10:00,253.436,253.5,253.436,253.44,700
2026-09-11 05:11:00,253.44,253.44,253.44,253.44,500
2026-09-11 05:12:00,253.45,253.51,253.45,253.51,800
2026-09-11 05:13:00,253.5227,253.53,253.5227,253.529,555
2026-09-11 05:15:00,253.4,253.4,253.4,253.4,1248
2026-09-11 05:16:00,253.292,253.3,253.292,253.3,400
2026-09-11 05:19:00,253.34,253.34,253.34,253.34,100
2026-09-11 05:20:00,253.28,253.28,253.28,253.28,300
2026-09-11 05:21:00,253.4,253.46,253.4,253.46,295
2026-09-11 05:22:00,253.4,253.46,253.4,253.46,243
2026-09-11 05:23:00,253.53,253.53,253.3228,253.3228,200
2026-09-11 05:24:00,253.4,253.4,253.4,253.4,300
2026-09-11 05:25:00,253.34,253.34,253.34,253.34,100
2026-09-11 05:26:00,253.31,253.31,253.3,253.3,900
2026-09-11 05:30:00,253.32,253.32,253.32,253.32,410
2026-09-11 05:31:00,253.3823,253.3823,253.3823,253.3823,100
2026-09-11 05:33:00,253.4,253.4,253.4,253.4,175
2026-09-11 05:34:00,253.36,253.36,253.36,253.36,210
2026-09-11 05:36:00,253.3954,253.4,253.3954,253.4,200
2026-09-11 05:39:00,253.47,253.47,253.47,253.47,100
2026-09-11 05:44:00,253.51,253.51,253.5,253.5,215
2026-09-11 05:46:00,253.3595,253.3595,253.3595,253.3595,150
2026-09-11 05:48:00,253.53,253.53,253.53,253.53,146
2026-09-11 05:50:00,253.58,253.58,253.58,253.58,400
2026-09-11 05:51:00,253.61,253.61,253.58,253.58,414
2026-09-11 05:53:00,253.6003,253.6003,253.6003,253.6003,100
2026-09-11 05:54:00,253.6,253.6,253.6,253.6,158
2026-09-11 05:56:00,253.6699,253.67,253.6699,253.67,392
2026-09-11 06:00:00,253.71,253.71,253.6,253.6,1760
2026-09-11 06:01:00,253.71,253.71,253.71,253.71,212
2026-09-11 06:02:00,253.55,253.55,253.5,253.52,1087
2026-09-11 06:03:00,253.75,253.75,253.7353,253.74,4102
2026-09-11 06:04:00,253.75,253.76,253.74,253.76,933
2026-09-11 06:06:00,253.685,253.685,253.685,253.685,173
2026-09-11 06:08:00,253.686,253.686,253.686,253.686,300
2026-09-11 06:10:00,253.65,253.65,253.62,253.62,314
2026-09-11 06:12:00,253.56,253.56,253.56,253.56,100
2026-09-11 06:13:00,253.5,253.5,253.5,253.5,498
2026-09-11 06:15:00,253.35,253.49,253.35,253.49,532
2026-09-11 06:16:00,253.49,253.49,253.49,253.49,100
2026-09-11 06:19:00,253.4,253.4,253.4,253.4,120
2026-09-11 06:20:00,253.4,253.4,253.4,253.4,1125
2026-09-11 06:21:00,253.45,253.45,253.45,253.45,400
2026-09-11 06:22:00,253.3904,253.45,253.3904,253.45,1902
2026-09-11 06:24:00,253.58,253.58,253.58,253.58,8648
2026-09-11 06:25:00,253.53,253.53,253.53,253.53,100
2026-09-11 06:34:00,253.6,253.6,253.4892,253.4892,250
2026-09-11 06:35:00,253.7,253.7,253.7,253.7,257
2026-09-11 06:37:00,253.6,253.6,253.6,253.6,100
2026-09-11 06:38:00,253.67,253.67,253.65,253.65,200
2026-09-11 06:40:00,253.68,253.7,253.68,253.7,265
2026-09-11 06:44:00,253.7,253.7,253.7,253.7,100
2026-09-11 06:48:00,253.6895,253.6895,253.63,253.63,300
2026-09-11 06:50:00,253.67,253.67,253.6603,253.6603,333
2026-09-11 06:51:00,253.68,253.75,253.68,253.75,411
2026-09-11 06:52:00,253.73,253.73,253.7203,253.7203,200
2026-09-11 06:53:00,253.75,253.82,253.74,253.82,1573
2026-09-11 06:55:00,253.8,253.8,253.8,253.8,200
2026-09-11 06:56:00,253.84,253.84,253.84,253.84,150
2026-09-11 06:59:00,253.79,253.79,253.79,253.79,156
2026-09-11 07:00:00,253.78,253.92,253.75,253.86,7084
2026-09-11 07:01:00,253.85,253.89,253.68,253.68,3224
2026-09-11 07:02:00,253.7182,253.75,253.69,253.69,5208
2026-09-11 07:03:00,253.7,253.7,253.7,253.7,200
2026-09-11 07:04:00,253.7,253.74,253.7,253.74,463
2026-09-11 07:05:00,253.7004,253.7004,253.7004,253.7004,1000
2026-09-11 07:06:00,253.69,253.69,253.69,253.69,100
2026-09-11 07:07:00,253.6814,253.8,253.6814,253.7814,977
2026-09-11 07:08:00,253.7,253.7,253.69,253.69,500
2026-09-11 07:09:00,253.7,253.7,253.6801,253.7,485
2026-09-11 07:10:00,253.7334,253.7334,253.7334,253.7334,100
2026-09-11 07:11:00,253.7084,253.72,253.7064,253.72,472
2026-09-11 07:12:00,253.73,253.75,253.7,253.75,735
2026-09-11 07:13:00,253.8,253.8,253.76,253.76,2032
2026-09-11 07:14:00,253.77,253.8,253.765,253.8,1460
2026-09-11 07:15:00,253.65,253.65,253.65,253.65,250
2026-09-11 07:16:00,253.6,253.6,253.55,253.55,697
2026-09-11 07:17:00,253.54,253.5942,253.54,253.54,899
2026-09-11 07:18:00,253.5845,253.5845,253.5845,253.5845,300
2026-09-11 07:20:00,253.58,253.58,253.57,253.57,718
2026-09-11 07:21:00,253.58,253.58,253.58,253.58,120
2026-09-11 07:22:00,253.59,253.6,253.59,253.6,2707
2026-09-11 07:23:00,253.59,253.6,253.58,253.6,2160
2026-09-11 07:24:00,253.61,253.7497,253.61,253.7497,6354
2026-09-11 07:25:00,253.6,253.6,253.6,253.6,1423
2026-09-11 07:26:00,253.61,253.61,253.61,253.61,300
2026-09-11 07:27:00,253.638,253.638,253.6244,253.6244,200
2026-09-11 07:29:00,253.63,253.63,253.63,253.63,800
2026-09-11 07:30:00,253.61,253.61,253.61,253.61,100
2026-09-11 07:31:00,253.68,253.69,253.65,253.65,400
2026-09-11 07:32:00,253.64,253.64,253.6,253.6,905
2026-09-11 07:34:00,253.5278,253.5278,253.5274,253.5274,300
2026-09-11 07:35:00,253.53,253.53,253.5,253.51,602
2026-09-11 07:36:00,253.5,253.5129,253.4198,253.5129,3673
2026-09-11 07:37:00,253.5,253.52,253.48,253.4862,504
2026-09-11 07:38:00,253.5001,253.5001,253.4,253.48,800
2026-09-11 07:39:00,253.45,253.45,253.45,253.45,245
2026-09-11 07:41:00,253.42,253.42,253.42,253.42,300
2026-09-11 07:43:00,253.41,253.41,253.41,253.41,888
2026-09-11 07:44:00,253.4085,253.44,253.4085,253.44,325
2026-09-11 07:47:00,253.4,253.4,253.4,253.4,294
2026-09-11 07:48:00,253.45,253.45,253.45,253.45,200
2026-09-11 07:49:00,253.35,253.35,253.35,253.35,100
2026-09-11 07:51:00,253.4335,253.48,253.4335,253.48,400
2026-09-11 07:53:00,253.465,253.465,253.4196,253.4196,375
2026-09-11 07:54:00,253.4581,253.4581,253.4581,253.4581,130
2026-09-11 07:55:00,253.4819,253.49,253.48,253.48,626
2026-09-11 07:59:00,253.38,253.38,253.38,253.38,200
2026-09-11 08:01:00,253.4,253.4,253.35,253.35,550
2026-09-11 08:02:00,253.4,253.4,253.4,253.4,300
2026-09-11 08:03:00,253.34,253.38,253.3221,253.37,1300
2026-09-11 08:05:00,253.35,253.4,253.35,253.4,2197
2026-09-11 08:06:00,253.45,253.45,253.45,253.45,200
2026-09-11 08:07:00,253.3232,253.3232,253.3232,253.3232,100
2026-09-11 08:08:00,253.4196,253.4196,253.4196,253.4196,198
2026-09-11 08:09:00,253.3,253.31,253.3,253.31,927
2026-09-11 08:10:00,253.3,253.3,253.3,253.3,350
2026-09-11 08:11:00,253.4381,253.4381,253.4381,253.4381,150
2026-09-11 08:12:00,253.44,253.45,253.44,253.45,4388
2026-09-11 08:13:00,253.4233,253.4233,253.4087,253.4087,493
2026-09-11 08:14:00,253.39,253.4232,253.39,253.4232,228
2026-09-11 08:15:00,253.3744,253.43,253.36,253.43,586
2026-09-11 08:16:00,253.4,253.4361,253.3495,253.4361,335
2026-09-11 08:17:00,253.45,253.48,253.45,253.46,3682
2026-09-11 08:18:00,253.5,253.5,253.5,253.5,138
2026-09-11 08:19:00,253.5179,253.5179,253.5,253.51,1682
2026-09-11 08:20:00,253.4155,253.5,253.4155,253.5,411
2026-09-11 08:21:00,253.52,253.52,253.5008,253.51,400
2026-09-11 08:22:00,253.51,253.52,253.5,253.52,10588
2026-09-11 08:23:00,253.61,253.75,253.61,253.6416,706
2026-09-11 08:24:00,253.7,253.7383,253.63,253.65,722
2026-09-11 08:25:00,253.64,253.7,253.64,253.65,5439
2026-09-11 08:26:00,253.72,253.8,253.72,253.8,4816
2026-09-11 08:27:00,253.75,253.75,253.75,253.75,100
2026-09-11 08:28:00,253.88,253.9,253.75,253.793,1272
2026-09-11 08:29:00,253.75,253.95,253.6431,253.95,3974
2026-09-11 08:30:00,253.9,253.9,252.73,253.56,24707
2026-09-11 08:31:00,253.21,253.5,253,253.5,7729
2026-09-11 08:32:00,253.5,253.6,253.5,253.6,1260
2026-09-11 08:33:00,253.65,253.82,253.41,253.82,1550
2026-09-11 08:34:00,253.82,254.09,253.82,254.01,20830
2026-09-11 08:35:00,254.01,254.0334,253.9993,254,7418
2026-09-11 08:36:00,254.02,254.1,254,254.0273,2298
2026-09-11 08:37:00,254.1,254.19,254.03,254.03,9577
2026-09-11 08:38:00,254.02,254.19,254.02,254.1527,3215
2026-09-11 08:39:00,254.03,254.1,253.86,253.9,20501
2026-09-11 08:40:00,253.96,253.96,253.9212,253.95,500
2026-09-11 08:41:00,253.9179,253.9179,253.82,253.9,2481
2026-09-11 08:42:00,253.8155,253.9266,253.81,253.81,1095
2026-09-11 08:43:00,253.85,253.94,253.85,253.94,255
2026-09-11 08:44:00,253.8,253.8,253.8,253.8,100
2026-09-11 08:45:00,253.75,253.85,253.75,253.8,990
2026-09-11 08:47:00,253.9,253.9,253.85,253.85,565
2026-09-11 08:48:00,253.95,254.1199,253.92,254.1199,7135
2026-09-11 08:49:00,254.14,254.3896,254.14,254.3896,12647
2026-09-11 08:50:00,254.39,254.55,254.39,254.51,9548
2026-09-11 08:51:00,254.541,254.59,254.38,254.38,11196
2026-09-11 08:52:00,254.3069,254.4,254.3069,254.4,1320
2026-09-11 08:53:00,254.5486,254.5486,254.5486,254.5486,1000
2026-09-11 08:54:00,254.4149,254.5,254.4149,254.5,3500
2026-09-11 08:55:00,254.45,254.4995,254.4,254.4988,1077
2026-09-11 08:56:00,254.43,254.58,254.31,254.32,5064
2026-09-11 08:57:00,254.47,254.47,254.38,254.38,600
2026-09-11 08:58:00,254.2941,254.599,254.2941,254.599,8166
2026-09-11 08:59:00,254.67,254.95,254.67,254.895,10348
2026-09-11 09:00:00,254.84,254.95,254.8339,254.94,3661
2026-09-11 09:01:00,254.9062,254.94,254.9,254.9276,1539
2026-09-11 09:02:00,254.89,254.9,254.74,254.9,8646
2026-09-11 09:03:00,254.89,254.9,254.5811,254.7126,1672
2026-09-11 09:04:00,254.76,254.76,254.76,254.76,140
2026-09-11 09:05:00,254.6,254.6225,254.51,254.55,5361
2026-09-11 09:06:00,254.515,254.515,254.4,254.446,2840
2026-09-11 09:07:00,254.41,254.47,254.35,254.41,1350
2026-09-11 09:08:00,254.3964,254.4,254.34,254.34,650
2026-09-11 09:09:00,254.33,254.41,254.33,254.37,1026
2026-09-11 09:10:00,254.4456,254.4618,254.3603,254.3603,1298
2026-09-11 09:11:00,254.4,254.5,254.38,254.44,1044
2026-09-11 09:12:00,254.4444,254.48,254.37,254.435,2555
2026-09-11 09:13:00,254.36,254.4906,254.2,254.2,3937
2026-09-11 09:14:00,254.14,254.2183,254,254.2073,5731
2026-09-11 09:15:00,254.02,254.39,254.02,254.39,2630
2026-09-11 09:16:00,254.24,254.33,254.15,254.2709,1169
2026-09-11 09:17:00,254.0675,254.25,254.0675,254.25,512
2026-09-11 09:18:00,254.29,254.29,254.2,254.2,751
2026-09-11 09:19:00,254.19,254.19,254.102,254.102,650
2026-09-11 09:21:00,254.1407,254.1407,254.09,254.14,600
2026-09-11 09:22:00,254.12,254.13,254.1,254.1171,1300
2026-09-11 09:23:00,254.101,254.1114,254.101,254.1114,1507
2026-09-11 09:24:00,254.1119,254.1562,254.1119,254.15,1529
2026-09-11 09:25:00,254,254.03,253.69,254.03,2585
2026-09-11 09:26:00,254.03,254.19,253.8501,254.19,659
2026-09-11 09:27:00,254,254,253.69,253.69,3524
2026-09-11 09:28:00,254.03,254.03,254.03,254.03,131
2026-09-11 09:29:00,254.04,254.04,254.04,254.04,1327
2026-09-11 09:30:00,254.09,254.81,253.14,254.725,457699
2026-09-11 09:31:00,254.725,255.39,254.28,255.38,132317
2026-09-11 09:32:00,255.2827,255.5395,254.97,255.4499,117007
2026-09-11 09:33:00,255.38,256.48,255.3606,256.39,172194
2026-09-11 09:34:00,256.39,256.39,256.01,256.14,118296
2026-09-11 09:35:00,256.19,256.48,255.925,255.99,99941
2026-09-11 09:36:00,255.935,256.75,255.87,256.16,155934
2026-09-11 09:37:00,256.145,256.74,256.0901,256.69,82697
2026-09-11 09:38:00,256.69,256.715,256,256.14,130325
2026-09-11 09:39:00,256.12,256.49,255.99,256.25,71693
2026-09-11 09:40:00,256.2628,256.37,255.69,255.74,114838
2026-09-11 09:41:00,255.7,256.12,255.5798,255.59,109967
2026-09-11 09:42:00,255.57,256.07,255.51,256.05,46750
2026-09-11 09:43:00,255.995,256.35,255.685,256.05,67932
2026-09-11 09:44:00,255.995,256.18,255.8073,256.03,46950
2026-09-11 09:45:00,255.98,256.15,255.72,256.145,63840
2026-09-11 09:46:00,256.135,256.68,255.7701,255.9001,109511
2026-09-11 09:47:00,255.965,256.03,255.77,255.855,57805
2026-09-11 09:48:00,255.8911,256.2,255.815,256.015,53004
2026-09-11 09:49:00,255.94,256.01,255.6,255.765,26624
2026-09-11 09:50:00,255.745,256.12,255.64,256.005,38855
2026-09-11 09:51:00,256.025,256.24,255.8219,256.24,33140
2026-09-11 09:52:00,256.17,256.29,255.84,255.925,51836
2026-09-11 09:53:00,255.925,256.085,255.7401,255.885,52986
2026-09-11 09:54:00,255.9,256,255.6,255.74,50690
2026-09-11 09:55:00,255.745,255.86,255.7,255.7999,47517
2026-09-11 09:56:00,255.725,256.04,255.725,255.985,46689
2026-09-11 09:57:00,256,256,255.74,255.86,28331
2026-09-11 09:58:00,255.82,255.9,255.75,255.8,36623
2026-09-11 09:59:00,255.7901,256.27,255.7,256.195,51466
2026-09-11 10:00:00,256.15,256.431,255.93,256.385,124333
2026-09-11 10:01:00,256.385,256.67,256.3,256.334,116453
2026-09-11 10:02:00,256.345,256.37,256.13,256.235,65890
2026-09-11 10:03:00,256.235,256.3401,255.8801,256.245,54813
2026-09-11 10:04:00,256.2614,256.39,256.085,256.34,38118
2026-09-11 10:05:00,256.34,256.47,256.095,256.095,39623
2026-09-11 10:06:00,256.1,256.2999,256.0403,256.205,40997
2026-09-11 10:07:00,256.205,256.39,256.14,256.26,41541
2026-09-11 10:08:00,256.26,256.45,256.26,256.44,35795
2026-09-11 10:09:00,256.44,256.7345,256.34,256.465,77249
2026-09-11 10:10:00,256.465,256.73,256.43,256.545,80677
2026-09-11 10:11:00,256.545,256.545,256.15,256.33,84547
2026-09-11 10:12:00,256.34,256.4,256.25,256.351,35512
2026-09-11 10:13:00,256.35,256.51,256.29,256.415,29975
2026-09-11 10:14:00,256.42,256.42,256.01,256.055,45422
2026-09-11 10:15:00,256.03,256.16,255.89,256.12,37291
2026-09-11 10:16:00,256.11,256.23,256.08,256.14,22864
2026-09-11 10:17:00,256.14,256.3199,256.09,256.25,23665
2026-09-11 10:18:00,256.23,256.5,256.15,256.5,25003
2026-09-11 10:19:00,256.5,256.76,256.48,256.74,64429
2026-09-11 10:20:00,256.7201,256.9118,256.68,256.9,33530
2026-09-11 10:21:00,256.88,256.909,256.52,256.66,37546
2026-09-11 10:22:00,256.68,256.68,256.41,256.445,33840
2026-09-11 10:23:00,256.525,256.535,256.36,256.43,20452
2026-09-11 10:24:00,256.46,256.465,256.35,256.3552,22474
2026-09-11 10:25:00,256.3324,256.36,256.01,256.04,20367
2026-09-11 10:26:00,256.07,256.0775,255.68,255.725,70064
2026-09-11 10:27:00,255.775,256.0974,255.72,255.985,27992
2026-09-11 10:28:00,255.99,256.0682,255.85,256.0201,24312
2026-09-11 10:29:00,256.045,256.045,255.71,255.71,26732
2026-09-11 10:30:00,255.72,255.76,255.43,255.5,38537
2026-09-11 10:31:00,255.4933,255.6857,255.34,255.34,44629
2026-09-11 10:32:00,255.35,255.59,255.32,255.5438,30285
2026-09-11 10:33:00,255.535,255.6,255.3242,255.3242,20460
2026-09-11 10:34:00,255.35,255.44,255.15,255.255,21004
2026-09-11 10:35:00,255.2186,255.31,255.12,255.2,24113
2026-09-11 10:36:00,255.195,255.245,255.1,255.21,13740
2026-09-11 10:37:00,255.24,255.39,255.12,255.3,17323
2026-09-11 10:38:00,255.29,255.3046,255.06,255.11,26886
2026-09-11 10:39:00,255.0862,255.14,255.01,255.0551,16678
2026-09-11 10:40:00,255.1,255.24,255,255.02,21424
2026-09-11 10:41:00,255,255.094,254.93,255.075,15940
2026-09-11 10:42:00,255.095,255.15,255,255.0699,17619
2026-09-11 10:43:00,255.0667,255.095,254.7,254.75,34416
2026-09-11 10:44:00,254.705,255.0996,254.7,255.065,40366
2026-09-11 10:45:00,255.085,255.15,254.97,255.08,17861
2026-09-11 10:46:00,255.12,255.1399,254.96,254.99,26314
2026-09-11 10:47:00,254.99,255.15,254.8,254.8,57515
2026-09-11 10:48:00,254.8001,255.39,254.8,255.055,35175
2026-09-11 10:49:00,255.065,255.2,254.96,255.15,19834
2026-09-11 10:50:00,255.19,255.27,255.095,255.12,20906
2026-09-11 10:51:00,255.12,255.25,255.06,255.165,19394
2026-09-11 10:52:00,255.14,255.21,255.07,255.14,22693
2026-09-11 10:53:00,255.125,255.3,255.1116,255.27,26284
2026-09-11 10:54:00,255.26,255.27,255.07,255.075,37846
2026-09-11 10:55:00,255.08,255.08,254.82,254.95,24592
2026-09-11 10:56:00,254.95,255.03,254.89,254.91,20964
2026-09-11 10:57:00,254.886,255.085,254.82,255.005,27018
2026-09-11 10:58:00,255.005,255.07,254.8401,254.8401,21952
2026-09-11 10:59:00,254.8578,254.985,254.795,254.92,16276
2026-09-11 11:00:00,254.92,255.17,254.84,255.15,15434
2026-09-11 11:01:00,255.155,255.225,255.03,255.13,42513
2026-09-11 11:02:00,255.16,255.18,255.0667,255.12,7834
2026-09-11 11:03:00,255.175,255.3,255.15,255.2514,20678
2026-09-11 11:04:00,255.275,255.3247,255.2,255.275,12476
2026-09-11 11:05:00,255.29,255.64,255.27,255.54,45413
2026-09-11 11:06:00,255.5468,255.68,255.4804,255.635,28282
2026-09-11 11:07:00,255.645,255.89,255.61,255.885,41379
2026-09-11 11:08:00,255.91,255.91,255.76,255.8,35114
2026-09-11 11:09:00,255.81,255.88,255.7114,255.78,31000
2026-09-11 11:10:00,255.81,255.869,255.72,255.835,44365
2026-09-11 11:11:00,255.835,255.8599,255.57,255.72,50544
2026-09-11 11:12:00,255.76,255.77,255.63,255.63,10346
2026-09-11 11:13:00,255.635,255.66,255.55,255.66,19288
2026-09-11 11:14:00,255.635,255.97,255.6057,255.955,59470
2026-09-11 11:15:00,255.955,256.27,255.935,256.245,60005
2026-09-11 11:16:00,256.25,256.32,256.15,256.32,26298
2026-09-11 11:17:00,256.32,256.43,256.23,256.375,17997
2026-09-11 11:18:00,256.38,256.5,256.3,256.34,72314
2026-09-11 11:19:00,256.34,256.4,256.28,256.39,30060
2026-09-11 11:20:00,256.41,256.5,256.34,256.46,56496
2026-09-11 11:21:00,256.5,256.515,256.2,256.36,53485
2026-09-11 11:22:00,256.35,256.41,256.275,256.36,113539
2026-09-11 11:23:00,256.4,256.4,256.09,256.0975,32604
2026-09-11 11:24:00,256.095,256.31,256.08,256.31,24500
2026-09-11 11:25:00,256.29,256.35,256.19,256.325,14140
2026-09-11 11:26:00,256.33,256.47,256.33,256.415,31885
2026-09-11 11:27:00,256.4066,256.5499,256.4066,256.48,33901
2026-09-11 11:28:00,256.454,256.5,256.34,256.445,17852
2026-09-11 11:29:00,256.455,256.47,256.28,256.32,30720
2026-09-11 11:30:00,256.315,256.39,256,256.08,45234
2026-09-11 11:31:00,256.0808,256.265,256.0501,256.1,17169
2026-09-11 11:32:00,256.11,256.15,255.945,255.945,27543
2026-09-11 11:33:00,255.915,256.135,255.84,256.06,30686
2026-09-11 11:34:00,256.065,256.18,256.02,256.02,74609
2026-09-11 11:35:00,256.07,256.11,255.8701,256.02,52492
2026-09-11 11:36:00,256.04,256.05,255.7606,255.88,19153
2026-09-11 11:37:00,255.89,256.03,255.83,255.865,24898
2026-09-11 11:38:00,255.85,255.94,255.79,255.85,12723
2026-09-11 11:39:00,255.85,256.125,255.8,256.02,21737
2026-09-11 11:40:00,256.01,256.1629,256.01,256.145,15079
2026-09-11 11:41:00,256.14,256.17,256.065,256.065,12785
2026-09-11 11:42:00,256.02,256.03,255.85,255.92,18673
2026-09-11 11:43:00,255.87,255.895,255.74,255.77,50726
2026-09-11 11:44:00,255.785,255.885,255.71,255.85,29482
2026-09-11 11:45:00,255.85,255.87,255.72,255.73,12700
2026-09-11 11:46:00,255.72,255.735,255.6,255.62,13751
2026-09-11 11:47:00,255.625,255.63,255.485,255.54,43354
2026-09-11 11:48:00,255.54,255.68,255.54,255.61,21091
2026-09-11 11:49:00,255.6,255.7167,255.575,255.67,16433
2026-09-11 11:50:00,255.695,255.825,255.69,255.825,18290
2026-09-11 11:51:00,255.84,255.869,255.7501,255.76,14213
2026-09-11 11:52:00,255.78,255.84,255.76,255.76,19318
2026-09-11 11:53:00,255.77,255.775,255.54,255.555,14253
2026-09-11 11:54:00,255.58,255.718,255.56,255.6794,11575
2026-09-11 11:55:00,255.66,255.76,255.64,255.72,11080
2026-09-11 11:56:00,255.72,255.79,255.695,255.7333,14381
2026-09-11 11:57:00,255.76,255.88,255.751,255.78,22081
2026-09-11 11:58:00,255.79,255.835,255.72,255.72,20709
2026-09-11 11:59:00,255.7124,255.74,255.67,255.71,5601
2026-09-11 12:00:00,255.7,255.84,255.7,255.76,11504
2026-09-11 12:01:00,255.75,255.9519,255.75,255.925,21892
2026-09-11 12:02:00,255.925,256.16,255.83,256.14,62300
2026-09-11 12:03:00,256.165,256.21,256,256.0115,24397
2026-09-11 12:04:00,255.99,256.06,255.965,256.03,32194
2026-09-11 12:05:00,256.03,256.075,256.005,256.025,25581
2026-09-11 12:06:00,256.025,256.06,255.97,256,22999
2026-09-11 12:07:00,256,256.11,255.99,256.035,19794
2026-09-11 12:08:00,256.01,256.1091,255.92,256.075,11753
2026-09-11 12:09:00,256.07,256.21,256.06,256.1,20410
2026-09-11 12:10:00,256.135,256.19,256.04,256.05,12115
2026-09-11 12:11:00,256.07,256.175,256.06,256.11,15280
2026-09-11 12:12:00,256.11,256.12,256,256.0444,53798
2026-09-11 12:13:00,256.01,256.02,255.825,255.835,19926
2026-09-11 12:14:00,255.835,255.9,255.82,255.87,17136
2026-09-11 12:15:00,255.88,255.988,255.8001,255.83,15575
2026-09-11 12:16:00,255.83,255.88,255.76,255.865,25296
2026-09-11 12:17:00,255.87,256.02,255.86,255.86,13984
2026-09-11 12:18:00,255.855,255.91,255.83,255.8533,9348
2026-09-11 12:19:00,255.82,255.9,255.8,255.885,14598
2026-09-11 12:20:00,255.88,255.94,255.77,255.78,31969
2026-09-11 12:21:00,255.7949,255.83,255.71,255.785,15428
2026-09-11 12:22:00,255.77,255.81,255.671,255.81,7342
2026-09-11 12:23:00,255.79,255.81,255.67,255.67,8832
2026-09-11 12:24:00,255.66,255.735,255.6101,255.64,18219
2026-09-11 12:25:00,255.635,255.705,255.6285,255.67,9460
2026-09-11 12:26:00,255.66,255.68,255.56,255.585,5651
2026-09-11 12:27:00,255.585,255.79,255.585,255.76,14561
2026-09-11 12:28:00,255.7684,255.805,255.742,255.8,7281
2026-09-11 12:29:00,255.8,255.82,255.5501,255.56,25353
2026-09-11 12:30:00,255.57,255.6,255.45,255.53,16678
2026-09-11 12:31:00,255.49,255.555,255.44,255.4775,13821
2026-09-11 12:32:00,255.475,255.65,255.4,255.635,11674
2026-09-11 12:33:00,255.64,255.8,255.61,255.785,13043
2026-09-11 12:34:00,255.785,255.93,255.785,255.92,17595
2026-09-11 12:35:00,255.925,255.9699,255.8701,255.92,17007
2026-09-11 12:36:00,255.915,255.915,255.745,255.79,33377
2026-09-11 12:37:00,255.7938,255.84,255.71,255.8,22529
2026-09-11 12:38:00,255.805,255.845,255.74,255.8,6847
2026-09-11 12:39:00,255.7402,255.7872,255.62,255.63,29660
2026-09-11 12:40:00,255.63,255.82,255.61,255.8,12963
2026-09-11 12:41:00,255.75,255.79,255.71,255.79,7164
2026-09-11 12:42:00,255.76,255.875,255.71,255.79,60811
2026-09-11 12:43:00,255.8,255.95,255.78,255.93,14970
2026-09-11 12:44:00,255.93,256.07,255.92,256.01,19995
2026-09-11 12:45:00,256.035,256.035,255.92,256,18944
2026-09-11 12:46:00,256.01,256.1,255.95,255.95,13979
2026-09-11 12:47:00,255.935,255.9708,255.81,255.81,10773
2026-09-11 12:48:00,255.83,255.8655,255.78,255.82,9268
2026-09-11 12:49:00,255.8,255.81,255.75,255.77,10598
2026-09-11 12:50:00,255.765,255.85,255.74,255.75,25298
2026-09-11 12:51:00,255.75,255.752,255.6,255.625,15553
2026-09-11 12:52:00,255.62,255.6398,255.55,255.58,19162
2026-09-11 12:53:00,255.6,255.67,255.56,255.62,11858
2026-09-11 12:54:00,255.62,255.6595,255.58,255.64,7712
2026-09-11 12:55:00,255.65,255.86,255.635,255.72,46039
2026-09-11 12:56:00,255.76,255.81,255.7,255.775,13425
2026-09-11 12:57:00,255.75,255.8722,255.72,255.8,27510
2026-09-11 12:58:00,255.82,255.84,255.75,255.77,10135
2026-09-11 12:59:00,255.76,255.81,255.7258,255.755,25649
2026-09-11 13:00:00,255.76,255.85,255.74,255.825,10325
2026-09-11 13:01:00,255.8,255.9475,255.77,255.8225,24392
2026-09-11 13:02:00,255.825,255.915,255.825,255.9,12151
2026-09-11 13:03:00,255.915,255.93,255.83,255.885,20961
2026-09-11 13:04:00,255.9,255.99,255.89,255.95,13323
2026-09-11 13:05:00,255.96,256.07,255.9,256.0099,20963
2026-09-11 13:06:00,255.985,256.0899,255.97,255.97,14054
2026-09-11 13:07:00,255.95,256.22,255.94,256.205,39327
2026-09-11 13:08:00,256.205,256.205,256.1,256.17,15147
2026-09-11 13:09:00,256.17,256.21,256.15,256.1966,18377
2026-09-11 13:10:00,256.2,256.23,256.13,256.1601,9788
2026-09-11 13:11:00,256.16,256.16,256.085,256.13,9314
2026-09-11 13:12:00,256.12,256.25,256.09,256.2,18458
2026-09-11 13:13:00,256.19,256.205,256.07,256.12,17725
2026-09-11 13:14:00,256.115,256.2,256.11,256.18,26505
2026-09-11 13:15:00,256.2,256.43,256.19,256.3281,36762
2026-09-11 13:16:00,256.34,256.49,256.2801,256.49,23441
2026-09-11 13:17:00,256.47,256.47,256.37,256.4024,19736
2026-09-11 13:18:00,256.39,256.43,256.35,256.415,11007
2026-09-11 13:19:00,256.4,256.44,256.36,256.425,15849
2026-09-11 13:20:00,256.4499,256.48,256.405,256.42,11695
2026-09-11 13:21:00,256.405,256.46,256.38,256.4492,24125
2026-09-11 13:22:00,256.42,256.45,256.4,256.425,11379
2026-09-11 13:23:00,256.425,256.53,256.41,256.53,35206
2026-09-11 13:24:00,256.55,256.7,256.5401,256.7,20909
2026-09-11 13:25:00,256.72,256.76,256.65,256.75,16738
2026-09-11 13:26:00,256.74,256.745,256.64,256.7201,11676
2026-09-11 13:27:00,256.7,256.88,256.69,256.805,20236
2026-09-11 13:28:00,256.8,256.8,256.66,256.675,18797
2026-09-11 13:29:00,256.6601,256.7216,256.6501,256.7,23036
2026-09-11 13:30:00,256.69,257.04,256.66,256.97,116090
2026-09-11 13:31:00,256.99,257.07,256.92,257.06,56369
2026-09-11 13:32:00,257.09,257.12,256.94,256.975,27974
2026-09-11 13:33:00,256.99,257.1096,256.84,257.075,115217
2026-09-11 13:34:00,257.105,257.25,256.99,257.005,57620
2026-09-11 13:35:00,257.01,257.034,256.91,256.91,25785
2026-09-11 13:36:00,256.91,256.965,256.82,256.845,26895
2026-09-11 13:37:00,256.845,256.85,256.69,256.74,21518
2026-09-11 13:38:00,256.72,256.84,256.67,256.84,18652
2026-09-11 13:39:00,256.82,256.9,256.72,256.82,31985
2026-09-11 13:40:00,256.8167,257.13,256.78,257.13,47543
2026-09-11 13:41:00,257.115,257.15,256.91,257,129996
2026-09-11 13:42:00,256.96,257.02,256.901,256.935,11531
2026-09-11 13:43:00,256.955,256.9851,256.805,256.815,16824
2026-09-11 13:44:00,256.805,256.83,256.65,256.65,22032
2026-09-11 13:45:00,256.6473,256.67,256.57,256.645,25582
2026-09-11 13:46:00,256.645,256.7,256.615,256.615,14865
2026-09-11 13:47:00,256.625,256.8199,256.59,256.7986,17726
2026-09-11 13:48:00,256.8,256.805,256.665,256.7,16267
2026-09-11 13:49:00,256.695,256.8255,256.695,256.805,10528
2026-09-11 13:50:00,256.805,256.845,256.73,256.75,10801
2026-09-11 13:51:00,256.755,256.8,256.73,256.785,7721
2026-09-11 13:52:00,256.7838,256.81,256.77,256.78,10511
2026-09-11 13:53:00,256.77,256.82,256.7,256.79,16944
2026-09-11 13:54:00,256.7859,256.95,256.76,256.92,17040
2026-09-11 13:55:00,256.93,256.9892,256.87,256.93,13057
2026-09-11 13:56:00,256.93,256.935,256.865,256.865,13433
2026-09-11 13:57:00,256.84,256.89,256.83,256.865,13909
2026-09-11 13:58:00,256.865,256.9499,256.82,256.87,24665
2026-09-11 13:59:00,256.835,256.9,256.83,256.85,15489
2026-09-11 14:00:00,256.83,256.97,256.81,256.93,27800
2026-09-11 14:01:00,256.91,256.925,256.845,256.89,14789
2026-09-11 14:02:00,256.888,257.025,256.888,256.945,24311
2026-09-11 14:03:00,256.95,256.98,256.9,256.98,9539
2026-09-11 14:04:00,256.97,256.975,256.91,256.91,10149
2026-09-11 14:05:00,256.9,256.95,256.71,256.72,27645
2026-09-11 14:06:00,256.72,256.7401,256.6,256.625,27534
2026-09-11 14:07:00,256.61,256.71,256.6,256.61,14607
2026-09-11 14:08:00,256.61,256.61,256.5101,256.555,20963
2026-09-11 14:09:00,256.54,256.61,256.5,256.605,21147
2026-09-11 14:10:00,256.585,256.62,256.5,256.56,27605
2026-09-11 14:11:00,256.56,256.5653,256.5,256.55,22729
2026-09-11 14:12:00,256.53,256.56,256.46,256.495,23364
2026-09-11 14:13:00,256.49,256.6,256.48,256.515,20739
2026-09-11 14:14:00,256.515,256.611,256.515,256.575,18216
2026-09-11 14:15:00,256.5701,256.61,256.46,256.51,14525
2026-09-11 14:16:00,256.51,256.526,256.45,256.5,18565
2026-09-11 14:17:00,256.515,256.52,256.48,256.48,7646
2026-09-11 14:18:00,256.49,256.5289,256.46,256.515,9518
2026-09-11 14:19:00,256.5248,256.5301,256.33,256.37,22554
2026-09-11 14:20:00,256.37,256.44,256.19,256.3,42127
2026-09-11 14:21:00,256.3,256.33,256.249,256.27,7870
2026-09-11 14:22:00,256.27,256.32,256.255,256.31,14189
2026-09-11 14:23:00,256.31,256.33,256.25,256.3,5790
2026-09-11 14:24:00,256.305,256.41,256.28,256.39,16994
2026-09-11 14:25:00,256.39,256.425,256.34,256.41,17767
2026-09-11 14:26:00,256.41,256.57,256.41,256.565,22950
2026-09-11 14:27:00,256.565,256.6,256.46,256.57,28081
2026-09-11 14:28:00,256.57,256.66,256.46,256.63,35166
2026-09-11 14:29:00,256.645,256.66,256.62,256.63,13696
2026-09-11 14:30:00,256.65,256.66,256.57,256.6,16555
2026-09-11 14:31:00,256.6,256.69,256.6,256.64,18199
2026-09-11 14:32:00,256.635,256.815,256.63,256.81,14614
2026-09-11 14:33:00,256.81,256.91,256.7912,256.8765,26645
2026-09-11 14:34:00,256.88,256.97,256.87,256.91,19287
2026-09-11 14:35:00,256.89,256.9499,256.88,256.94,18572
2026-09-11 14:36:00,256.94,256.97,256.8801,256.95,31818
2026-09-11 14:37:00,256.95,256.97,256.93,256.95,7197
2026-09-11 14:38:00,256.95,256.95,256.88,256.9,16515
2026-09-11 14:39:00,256.9099,256.96,256.9,256.9455,16162
2026-09-11 14:40:00,256.95,256.96,256.81,256.9,14558
2026-09-11 14:41:00,256.895,256.94,256.81,256.83,29104
2026-09-11 14:42:00,256.81,256.865,256.7885,256.795,31849
2026-09-11 14:43:00,256.795,256.815,256.77,256.78,15693
2026-09-11 14:44:00,256.78,256.86,256.78,256.82,11947
2026-09-11 14:45:00,256.82,256.88,256.82,256.855,11564
2026-09-11 14:46:00,256.855,256.92,256.81,256.885,19981
2026-09-11 14:47:00,256.885,257.04,256.82,257.03,50093
2026-09-11 14:48:00,257.03,257.04,256.8718,256.8775,19676
2026-09-11 14:49:00,256.875,256.97,256.875,256.96,8534
2026-09-11 14:50:00,256.955,257.09,256.9501,257.09,26194
2026-09-11 14:51:00,257.0811,257.17,257.0811,257.14,29037
2026-09-11 14:52:00,257.145,257.17,257.06,257.13,44039
2026-09-11 14:53:00,257.145,257.205,257.07,257.145,40152
2026-09-11 14:54:00,257.15,257.24,257.11,257.12,24815
2026-09-11 14:55:00,257.12,257.12,257.01,257.02,20615
2026-09-11 14:56:00,257.025,257.12,257.01,257.0568,15034
2026-09-11 14:57:00,257.06,257.08,256.96,257.025,14316
2026-09-11 14:58:00,257.03,257.08,256.95,257.08,15030
2026-09-11 14:59:00,257.1,257.16,257.0601,257.15,20339
2026-09-11 15:00:00,257.15,257.225,257.105,257.225,26865
2026-09-11 15:01:00,257.2105,257.365,257.18,257.344,32747
2026-09-11 15:02:00,257.34,257.37,257.25,257.26,24547
2026-09-11 15:03:00,257.27,257.2755,257.1981,257.265,13015
2026-09-11 15:04:00,257.2654,257.29,257.22,257.25,20570
2026-09-11 15:05:00,257.255,257.29,257.21,257.2601,17489
2026-09-11 15:06:00,257.275,257.35,257.26,257.34,19499
2026-09-11 15:07:00,257.33,257.33,257.18,257.1801,23082
2026-09-11 15:08:00,257.188,257.2473,257.165,257.185,20437
2026-09-11 15:09:00,257.185,257.23,257.13,257.1301,25326
2026-09-11 15:10:00,257.1401,257.1401,257.05,257.0681,32248
2026-09-11 15:11:00,257.06,257.08,257.03,257.045,26847
2026-09-11 15:12:00,257.04,257.28,257.02,257.28,17445
2026-09-11 15:13:00,257.26,257.28,257.22,257.265,15895
2026-09-11 15:14:00,257.26,257.34,257.26,257.2816,17672
2026-09-11 15:15:00,257.285,257.34,257.23,257.25,12848
2026-09-11 15:16:00,257.27,257.35,257.25,257.345,25852
2026-09-11 15:17:00,257.345,257.44,257.345,257.415,25808
2026-09-11 15:18:00,257.415,257.43,257.3001,257.385,25837
2026-09-11 15:19:00,257.375,257.375,257.27,257.295,26550
2026-09-11 15:20:00,257.295,257.35,257.295,257.315,11856
2026-09-11 15:21:00,257.33,257.33,257.1,257.13,38970
2026-09-11 15:22:00,257.13,257.205,257.09,257.1501,20896
2026-09-11 15:23:00,257.19,257.295,257.17,257.28,22467
2026-09-11 15:24:00,257.28,257.3556,257.24,257.31,26247
2026-09-11 15:25:00,257.3,257.3351,257.27,257.3,17244
2026-09-11 15:26:00,257.3001,257.35,257.25,257.29,46213
2026-09-11 15:27:00,257.27,257.27,257.13,257.175,19903
2026-09-11 15:28:00,257.16,257.355,257.15,257.355,21240
2026-09-11 15:29:00,257.35,257.355,257.27,257.29,31149
2026-09-11 15:30:00,257.2775,257.37,257.2775,257.335,34227
2026-09-11 15:31:00,257.34,257.38,257.2281,257.285,34747
2026-09-11 15:32:00,257.285,257.29,257.21,257.225,23443
2026-09-11 15:33:00,257.22,257.24,257.155,257.225,33334
2026-09-11 15:34:00,257.22,257.29,257.14,257.1916,89257
2026-09-11 15:35:00,257.215,257.365,257.21,257.295,30697
2026-09-11 15:36:00,257.295,257.3,257.23,257.26,18196
2026-09-11 15:37:00,257.26,257.35,257.203,257.26,31224
2026-09-11 15:38:00,257.26,257.3189,257.2,257.31,53267
2026-09-11 15:39:00,257.305,257.38,257.28,257.305,28755
2026-09-11 15:40:00,257.305,257.345,257.27,257.28,20311
2026-09-11 15:41:00,257.28,257.28,257.14,257.21,32464
2026-09-11 15:42:00,257.19,257.315,257.16,257.31,35858
2026-09-11 15:43:00,257.3,257.385,257.265,257.38,41019
2026-09-11 15:44:00,257.38,257.44,257.35,257.41,40985
2026-09-11 15:45:00,257.415,257.58,257.36,257.39,64389
2026-09-11 15:46:00,257.4,257.48,257.31,257.405,88192
2026-09-11 15:47:00,257.42,257.59,257.36,257.475,47003
2026-09-11 15:48:00,257.4742,257.59,257.35,257.355,71863
2026-09-11 15:49:00,257.37,257.43,257.3,257.31,44159
2026-09-11 15:50:00,257.3,257.3,256.66,256.91,96993
2026-09-11 15:51:00,256.9,257.03,256.89,256.95,63560
2026-09-11 15:52:00,256.95,257.15,256.94,257.075,94989
2026-09-11 15:53:00,257.08,257.44,257.08,257.35,73629
2026-09-11 15:54:00,257.35,257.55,257.27,257.275,96342
2026-09-11 15:55:00,257.28,257.28,256.86,256.95,124605
2026-09-11 15:56:00,256.94,257.16,256.94,257.16,84817
2026-09-11 15:57:00,257.16,257.32,257.15,257.185,120940
2026-09-11 15:58:00,257.18,257.18,257,257,175150
2026-09-11 15:59:00,257,257.03,256.72,256.79,413592
2026-09-11 16:00:00,256.78,257,256.6,256.65,4734507
2026-09-11 16:01:00,256.64,256.77,256.6,256.77,2048
2026-09-11 16:02:00,256.62,256.62,256.5332,256.5332,7030
2026-09-11 16:03:00,256.63,256.65,256.5,256.5,2233
2026-09-11 16:04:00,256.55,256.55,256.4003,256.401,4799
2026-09-11 16:05:00,256.51,256.51,256.06,256.258,3900
2026-09-11 16:06:00,256.53,256.6007,256.53,256.6,2805
2026-09-11 16:07:00,256.6,256.61,256.6,256.6082,986
2026-09-11 16:08:00,256.5505,256.5505,256.54,256.54,3051
2026-09-11 16:09:00,256.5677,256.5677,256.5677,256.5677,200
2026-09-11 16:10:00,256.61,256.78,256.61,256.78,20303
2026-09-11 16:11:00,256.56,256.57,256.55,256.56,438
2026-09-11 16:12:00,256.56,256.56,256.56,256.56,100
2026-09-11 16:14:00,256.61,256.61,256.61,256.61,100
2026-09-11 16:16:00,256.6482,256.6482,256.6482,256.6482,100
2026-09-11 16:17:00,256.5908,256.65,256.5908,256.6,915
2026-09-11 16:18:00,256.6,256.6,256.56,256.56,2151
2026-09-11 16:21:00,256.561,256.561,256.561,256.561,100
2026-09-11 16:22:00,256.62,256.6971,256.62,256.6971,1100
2026-09-11 16:23:00,256.56,256.5728,256.56,256.56,702
2026-09-11 16:24:00,256.62,256.62,256.62,256.62,250
2026-09-11 16:25:00,256.67,256.67,256.67,256.67,100
2026-09-11 16:26:00,256.74,256.74,256.74,256.74,209
2026-09-11 16:30:00,256.67,256.67,256.67,256.67,200
2026-09-11 16:32:00,256.6,256.6,256.6,256.6,500
2026-09-11 16:34:00,256.61,256.61,256.6,256.6,697
2026-09-11 16:39:00,256.63,256.63,256.63,256.63,250
2026-09-11 16:40:00,256.63,256.74,256.63,256.74,1867
2026-09-11 16:43:00,256.7,256.7,256.7,256.7,100
2026-09-11 16:50:00,256.65,256.65,256.62,256.62,281
2026-09-11 16:52:00,256.65,256.65,256.65,256.65,165
2026-09-11 16:53:00,256.7199,256.7199,256.7199,256.7199,250
2026-09-11 16:54:00,256.61,256.7,256.61,256.7,300
2026-09-11 16:55:00,256.7199,256.7199,256.6,256.61,1292
2026-09-11 16:56:00,256.57,256.57,256.5,256.5,1374
2026-09-11 16:57:00,256.5,256.5,256.5,256.5,230
2026-09-11 16:58:00,256.6,256.6,256.5191,256.5191,1000
2026-09-11 16:59:00,256.6,256.61,256.6,256.61,405
2026-09-11 17:00:00,256.6,256.61,256.6,256.61,1000
2026-09-11 17:01:00,256.61,256.73,256.53,256.73,5576
2026-09-11 17:02:00,256.76,256.8,256.61,256.61,4340
2026-09-11 17:03:00,256.774,256.774,256.774,256.774,100
2026-09-11 17:04:00,256.69,256.75,256.69,256.75,450
2026-09-11 17:05:00,256.74,256.74,256.74,256.74,100
2026-09-11 17:08:00,256.6908,256.6908,256.6908,256.6908,300
2026-09-11 17:09:00,256.6864,256.692,256.6864,256.692,400
2026-09-11 17:11:00,256.68,256.68,256.68,256.68,175
2026-09-11 17:12:00,256.68,256.69,256.68,256.69,1000
2026-09-11 17:13:00,256.75,256.75,256.72,256.72,1434
2026-09-11 17:14:00,256.68,256.68,256.68,256.68,100
2026-09-11 17:15:00,256.73,256.74,256.73,256.74,300
2026-09-11 17:17:00,256.71,256.71,256.68,256.68,356
2026-09-11 17:19:00,256.694,256.694,256.694,256.694,500
2026-09-11 17:21:00,256.69,256.69,256.69,256.69,100
2026-09-11 17:25:00,256.74,256.7448,256.73,256.7328,1185
2026-09-11 17:26:00,256.73,256.73,256.73,256.73,100
2026-09-11 17:27:00,256.68,256.732,256.68,256.732,400
2026-09-11 17:29:00,256.6149,256.6149,256.6149,256.6149,200
2026-09-11 17:31:00,256.65,256.65,256.65,256.65,100
2026-09-11 17:33:00,256.6011,256.6011,256.6011,256.6011,197
2026-09-11 17:36:00,256.67,256.67,256.67,256.67,200
2026-09-11 17:45:00,256.64,256.64,256.64,256.64,460
2026-09-11 17:46:00,256.642,256.8,256.6021,256.8,8348
2026-09-11 17:47:00,256.7642,256.7894,256.61,256.61,27949
2026-09-11 17:48:00,256.7,256.75,256.6301,256.6301,1300
2026-09-11 17:49:00,256.7699,256.7699,256.67,256.7003,900
2026-09-11 17:50:00,256.75,256.7799,256.7249,256.7249,850
2026-09-11 17:51:00,256.706,256.72,256.706,256.72,200
2026-09-11 17:52:00,256.7,256.9575,256.6172,256.85,6068
2026-09-11 17:53:00,256.869,256.9,256.81,256.9,1550
2026-09-11 17:54:00,256.8877,256.8982,256.8,256.8,2400
2026-09-11 17:55:00,256.85,256.85,256.85,256.85,300
2026-09-11 17:58:00,256.84,256.84,256.7257,256.7257,1025
2026-09-11 18:01:00,256.84,256.84,256.84,256.84,200
2026-09-11 18:02:00,256.7386,256.8,256.7386,256.8,374
2026-09-11 18:03:00,256.84,256.84,256.84,256.84,200
2026-09-11 18:04:00,256.75,256.75,256.75,256.75,100
2026-09-11 18:05:00,256.75,256.75,256.7,256.7,1478
2026-09-11 18:07:00,256.68,256.69,256.68,256.69,350
2026-09-11 18:08:00,256.6867,256.6867,256.66,256.66,750
2026-09-11 18:09:00,256.6199,256.72,256.6199,256.72,300
2026-09-11 18:10:00,256.6385,256.6385,256.6385,256.6385,143
2026-09-11 18:13:00,256.66,256.66,256.61,256.61,545
2026-09-11 18:15:00,256.715,256.715,256.715,256.715,100
2026-09-11 18:17:00,256.7001,256.7001,256.7,256.7001,3800
2026-09-11 18:19:00,256.8,256.83,256.8,256.83,324
2026-09-11 18:20:00,256.83,256.83,256.83,256.83,100
2026-09-11 18:21:00,256.8749,256.8845,256.83,256.83,525
2026-09-11 18:22:00,256.85,256.85,256.85,256.85,100
2026-09-11 18:26:00,256.8554,256.8554,256.8393,256.8393,300
2026-09-11 18:27:00,256.8394,256.8394,256.82,256.82,400
2026-09-11 18:28:00,256.7833,256.7833,256.7833,256.7833,238
2026-09-11 18:30:00,256.78,256.78,256.71,256.71,1665
2026-09-11 18:32:00,256.75,256.75,256.75,256.75,100
2026-09-11 18:35:00,256.75,256.75,256.7109,256.7109,300
2026-09-11 18:36:00,256.7301,256.7301,256.71,256.7101,300
2026-09-11 18:41:00,256.72,256.72,256.72,256.72,100
2026-09-11 18:42:00,256.74,256.74,256.74,256.74,200
2026-09-11 18:43:00,256.7923,256.7923,256.75,256.75,300
2026-09-11 18:46:00,256.744,256.744,256.744,256.744,200
2026-09-11 18:48:00,256.7876,256.7876,256.7876,256.7876,100
2026-09-11 18:52:00,256.71,256.7327,256.71,256.72,405
2026-09-11 18:53:00,256.74,256.74,256.74,256.74,100
2026-09-11 18:54:00,256.72,256.72,256.71,256.71,206
2026-09-11 18:55:00,256.7,256.71,256.66,256.66,550
2026-09-11 18:57:00,256.67,256.8,256.67,256.8,499
2026-09-11 18:59:00,256.74,256.74,256.65,256.65,270
2026-09-11 19:00:00,256.769,256.769,256.769,256.769,100
2026-09-11 19:05:00,256.7,256.7,256.6292,256.6292,428
2026-09-11 19:07:00,256.62,256.62,256.62,256.62,170
2026-09-11 19:08:00,256.6944,256.6944,256.6944,256.6944,200
2026-09-11 19:09:00,256.65,256.65,256.65,256.65,100
2026-09-11 19:13:00,256.74,256.74,256.74,256.74,100
2026-09-11 19:18:00,256.74,256.8,256.74,256.8,518
2026-09-11 19:21:00,256.8179,256.8179,256.78,256.78,484
2026-09-11 19:22:00,256.76,256.76,256.76,256.76,300
2026-09-11 19:25:00,256.75,256.82,256.75,256.82,1139
2026-09-11 19:29:00,256.84,256.84,256.8284,256.8284,550
2026-09-11 19:30:00,256.8,256.8,256.8,256.8,100
2026-09-11 19:33:00,256.8175,256.8175,256.8175,256.8175,200
2026-09-11 19:34:00,256.8,256.8,256.76,256.76,500
2026-09-11 19:41:00,256.83,256.8393,256.83,256.8393,1261
2026-09-11 19:42:00,256.78,256.78,256.7609,256.7609,3204
2026-09-11 19:45:00,256.7693,256.7693,256.7693,256.7693,158
2026-09-11 19:46:00,256.83,256.83,256.83,256.83,100
2026-09-11 19:48:00,256.8276,256.8276,256.8276,256.8276,300
2026-09-11 19:49:00,256.7618,256.7618,256.7618,256.7618,745
2026-09-11 19:50:00,256.762,256.77,256.76,256.77,429
2026-09-11 19:51:00,256.77,256.77,256.76,256.76,398
2026-09-11 19:52:00,256.76,256.76,256.752,256.752,5523
2026-09-11 19:57:00,256.7,256.8123,256.7,256.8123,297
2026-09-11 19:59:00,256.77,256.77,256.7,256.7,513
2026-09-14 04:00:00,253.6,254.67,253.6,253.87,5769
2026-09-14 04:01:00,253.74,254.58,253.6,253.7,6276
2026-09-14 04:02:00,253.75,253.82,253.75,253.82,738
2026-09-14 04:03:00,253.89,254.58,253.8,253.9,7501
2026-09-14 04:04:00,254.44,254.44,253.66,253.88,10096
2026-09-14 04:05:00,253.95,254.2,253.95,254.18,2440
2026-09-14 04:06:00,254.17,254.17,254.15,254.15,500
2026-09-14 04:08:00,254.08,254.08,254.08,254.08,1000
2026-09-14 04:09:00,253.9,253.99,253.85,253.99,1694
2026-09-14 04:10:00,254,254.21,254,254.2,1518
2026-09-14 04:11:00,253.99,253.99,253.99,253.99,330
2026-09-14 04:12:00,254,254,254,254,2877
2026-09-14 04:13:00,253.87,253.87,253.75,253.75,900
2026-09-14 04:14:00,253.8,254,253.8,253.94,9318
2026-09-14 04:15:00,254.04,254.04,254.04,254.04,970
2026-09-14 04:16:00,253.89,253.99,253.89,253.98,5875
2026-09-14 04:17:00,253.81,253.81,253.78,253.78,300
2026-09-14 04:18:00,253.777,253.777,253.777,253.777,145
2026-09-14 04:20:00,253.8,253.82,253.8,253.82,300
2026-09-14 04:21:00,253.87,253.96,253.87,253.96,577
2026-09-14 04:22:00,253.96,253.96,253.96,253.96,1187
2026-09-14 04:24:00,253.86,253.86,253.86,253.86,1000
2026-09-14 04:26:00,253.98,254,253.98,254,1154
2026-09-14 04:27:00,253.97,253.97,253.97,253.97,300
2026-09-14 04:28:00,253.97,253.97,253.97,253.97,162
2026-09-14 04:30:00,253.9,253.9,253.86,253.86,600
2026-09-14 04:34:00,253.86,253.86,253.84,253.84,953
2026-09-14 04:35:00,253.96,253.96,253.76,253.76,1993
2026-09-14 04:36:00,253.825,253.9,253.825,253.9,9168
2026-09-14 04:40:00,253.7,253.7,253.7,253.7,122
2026-09-14 04:45:00,253.7,253.7,253.7,253.7,3232
2026-09-14 04:47:00,253.62,253.62,253.6,253.6,2313
2026-09-14 04:48:00,253.5,253.5,253.5,253.5,3503
2026-09-14 04:49:00,253.3588,253.48,253.35,253.38,1384
2026-09-14 04:50:00,253.35,253.35,253.35,253.35,250
2026-09-14 04:51:00,253.43,253.45,253.43,253.45,225
2026-09-14 04:52:00,253.44,253.46,253.44,253.46,390
2026-09-14 04:53:00,253.45,253.45,253.19,253.19,572
2026-09-14 04:54:00,253.34,253.34,253.3,253.31,516
2026-09-14 04:58:00,253.32,253.36,253.32,253.36,644
2026-09-14 04:59:00,253.33,253.45,253.25,253.25,434
2026-09-14 05:01:00,253.2804,253.35,253.16,253.16,3205
2026-09-14 05:04:00,253.14,253.14,253.0114,253.0114,1875
2026-09-14 05:05:00,253,253,252.8,252.8,832
2026-09-14 05:06:00,252.95,252.98,252.85,252.94,1892
2026-09-14 05:07:00,252.96,252.96,252.8788,252.94,530
2026-09-14 05:08:00,252.93,253.03,252.93,252.93,1329
2026-09-14 05:09:00,253.05,253.05,253,253,495
2026-09-14 05:10:00,253,253,252.98,252.98,295
2026-09-14 05:11:00,253.02,253.02,252.97,252.97,339
2026-09-14 05:12:00,252.95,253.01,252.93,253.01,609
2026-09-14 05:13:00,252.86,252.9,252.85,252.9,1518
2026-09-14 05:14:00,252.8764,252.89,252.8764,252.89,394
2026-09-14 05:17:00,252.87,252.88,252.87,252.88,200
2026-09-14 05:18:00,252.86,252.86,252.86,252.86,248
2026-09-14 05:19:00,252.84,252.84,252.8,252.81,491
2026-09-14 05:20:00,252.85,252.98,252.85,252.85,1675
2026-09-14 05:21:00,252.86,252.87,252.85,252.87,2686
2026-09-14 05:22:00,252.86,252.88,252.85,252.88,402
2026-09-14 05:23:00,252.94,252.94,252.94,252.94,1100
2026-09-14 05:24:00,252.92,252.93,252.92,252.93,200
2026-09-14 05:25:00,252.8,252.91,252.8,252.87,1480
2026-09-14 05:26:00,252.98,252.98,252.98,252.98,100
2026-09-14 05:27:00,252.98,252.98,252.98,252.98,344
2026-09-14 05:28:00,252.99,252.99,252.99,252.99,100
2026-09-14 05:29:00,253.07,253.07,252.8,253.05,903
2026-09-14 05:30:00,252.8,253.09,252.8,253,878
2026-09-14 05:31:00,253.08,253.1,253.08,253.1,658
2026-09-14 05:33:00,253.23,253.23,253.23,253.23,100
2026-09-14 05:35:00,253.04,253.1699,253.02,253.1699,455
2026-09-14 05:36:00,253.1,253.1,253.1,253.1,453
2026-09-14 05:37:00,253,253,252.895,252.96,1425
2026-09-14 05:38:00,252.93,252.96,252.89,252.95,1400
2026-09-14 05:39:00,252.93,252.95,252.93,252.95,200
2026-09-14 05:40:00,252.9,252.93,252.8,252.92,1623
2026-09-14 05:43:00,252.99,253.03,252.99,253.03,200
2026-09-14 05:46:00,253.01,253.02,253.01,253.02,207
2026-09-14 05:48:00,252.99,252.99,252.98,252.98,252
2026-09-14 05:50:00,252.8,252.97,252.8,252.97,340
2026-09-14 05:51:00,252.97,252.97,252.83,252.83,2409
2026-09-14 05:52:00,252.94,252.94,252.94,252.94,170
2026-09-14 05:53:00,252.93,253,252.93,253,1500
2026-09-14 05:54:00,253.02,253.02,253.02,253.02,571
2026-09-14 05:56:00,253.08,253.08,253.03,253.05,1395
2026-09-14 05:57:00,253.03,253.05,253.03,253.05,300
2026-09-14 05:58:00,253.02,253.02,253.02,253.02,297
2026-09-14 05:59:00,253.02,253.04,253.02,253.04,422
2026-09-14 06:00:00,253.05,253.05,253.05,253.05,200
2026-09-14 06:01:00,253.06,253.06,253,253,956
2026-09-14 06:02:00,253.03,253.03,253.03,253.03,158
2026-09-14 06:03:00,253,253.03,253,253.03,452
2026-09-14 06:04:00,253.03,253.03,253.03,253.03,250
2026-09-14 06:05:00,253.08,253.08,253.08,253.08,360
2026-09-14 06:06:00,253.09,253.09,253.09,253.09,334
2026-09-14 06:07:00,253.11,253.11,253.11,253.11,221
2026-09-14 06:08:00,253.1,253.12,253.08,253.11,11593
2026-09-14 06:09:00,253.16,253.18,253.16,253.18,499
2026-09-14 06:10:00,253.2,253.2,253.2,253.2,102
2026-09-14 06:12:00,253.01,253.011,253.01,253.011,1400
2026-09-14 06:13:00,253.28,253.28,253.195,253.195,341
2026-09-14 06:14:00,253.22,253.31,253.01,253.1,800
2026-09-14 06:16:00,253.15,253.15,253.15,253.15,177
2026-09-14 06:17:00,253.1,253.1,253.1,253.1,120
2026-09-14 06:18:00,253.1,253.1,253.1,253.1,100
2026-09-14 06:19:00,253.1,253.1,253.1,253.1,500
2026-09-14 06:20:00,253.21,253.21,253.17,253.17,200
2026-09-14 06:21:00,253.22,253.36,253.22,253.36,639
2026-09-14 06:22:00,253.37,253.37,253.37,253.37,178
2026-09-14 06:25:00,253.45,253.45,253.45,253.45,242
2026-09-14 06:26:00,253.54,253.6,253.28,253.3,1743
2026-09-14 06:28:00,253.57,253.65,253.45,253.45,1200
2026-09-14 06:29:00,253.59,253.65,253.59,253.65,591
2026-09-14 06:30:00,253.57,253.57,253.52,253.52,200
2026-09-14 06:31:00,253.62,253.64,253.62,253.64,400
2026-09-14 06:32:00,253.78,253.78,253.62,253.62,400
2026-09-14 06:35:00,253.77,253.77,253.77,253.77,210
2026-09-14 06:36:00,253.87,253.87,253.87,253.87,100
2026-09-14 06:37:00,253.86,253.9,253.86,253.9,2161
2026-09-14 06:38:00,253.9493,254.2,253.9493,254.2,947
2026-09-14 06:39:00,254.01,254.01,254.01,254.01,226
2026-09-14 06:40:00,254.01,254.15,254.01,254.15,401
2026-09-14 06:41:00,254.1,254.23,254.05,254.05,1494
2026-09-14 06:42:00,254.16,254.23,254.16,254.23,2387
2026-09-14 06:43:00,254.23,254.23,254,254.23,2808
2026-09-14 06:48:00,254.15,254.19,254.15,254.19,1401
2026-09-14 06:49:00,254.23,254.23,254.23,254.23,301
2026-09-14 06:51:00,254.36,254.36,254.34,254.35,424
2026-09-14 06:52:00,254.34,254.34,254.34,254.34,313
2026-09-14 06:53:00,254.19,254.19,254.19,254.19,981
2026-09-14 06:55:00,254.0233,254.2561,254.0233,254.2561,660
2026-09-14 06:57:00,254.22,254.23,254.22,254.23,513
2026-09-14 06:59:00,254.2,254.2,254.2,254.2,100
2026-09-14 07:00:00,254.25,254.5,254.0934,254.3046,7038
2026-09-14 07:01:00,254.4,254.5624,254.3015,254.55,6532
2026-09-14 07:02:00,254.53,254.94,254.53,254.9,1173
2026-09-14 07:03:00,254.87,254.91,254.5718,254.72,2694
2026-09-14 07:04:00,254.8,255.15,254.7329,255.15,4784
2026-09-14 07:05:00,255.11,255.24,255,255.24,4214
2026-09-14 07:06:00,255.0296,255.24,254.96,255.22,5800
2026-09-14 07:07:00,255.065,255.3,255.06,255.3,4257
2026-09-14 07:08:00,255.25,255.39,255.1117,255.1117,1000
2026-09-14 07:09:00,255.3825,255.3825,255.1,255.17,1915
2026-09-14 07:10:00,255.1134,255.28,255.0564,255.25,2240
2026-09-14 07:11:00,255.14,255.14,255.0003,255.0003,660
2026-09-14 07:12:00,255.03,255.36,255,255.36,2525
2026-09-14 07:13:00,255.3486,255.59,255.3486,255.3857,5059
2026-09-14 07:14:00,255.45,255.63,255.45,255.45,2484
2026-09-14 07:15:00,255.45,255.45,255.45,255.45,200
2026-09-14 07:16:00,255.6306,255.6306,255.45,255.6106,492
2026-09-14 07:17:00,255.62,255.75,255.62,255.75,433
2026-09-14 07:18:00,255.73,256.24,255.5072,256.24,4798
2026-09-14 07:19:00,256,256,256,256,204
2026-09-14 07:20:00,255.98,255.9999,255.9,255.9761,835
2026-09-14 07:21:00,255.9047,255.9047,255.03,255.43,4461
2026-09-14 07:22:00,255.28,255.28,255.12,255.12,560
2026-09-14 07:23:00,255.35,255.46,255.35,255.4294,906
2026-09-14 07:24:00,255.4042,255.43,255.2511,255.2511,1100
2026-09-14 07:25:00,255.39,255.42,255.3693,255.3693,932
2026-09-14 07:26:00,255.41,255.41,255.26,255.26,320
2026-09-14 07:27:00,255.42,255.57,255.42,255.57,3494
2026-09-14 07:28:00,255.56,255.58,255.56,255.58,1452
2026-09-14 07:29:00,255.72,255.8,255.58,255.74,6773
2026-09-14 07:30:00,255.4613,255.74,255.45,255.74,550
2026-09-14 07:31:00,255.5508,255.77,255.44,255.74,8407
2026-09-14 07:32:00,255.5,255.74,255.33,255.63,2283
2026-09-14 07:33:00,255.5,255.65,255.3,255.55,2708
2026-09-14 07:34:00,255.3,255.71,255.1,255.4268,4590
2026-09-14 07:35:00,255.3,255.4,255.2,255.231,1023
2026-09-14 07:36:00,255.2,255.25,255.18,255.18,2599
2026-09-14 07:37:00,255,255,254.89,254.89,1400
2026-09-14 07:38:00,254.8378,255.34,254.8378,255.34,2659
2026-09-14 07:39:00,255.22,255.22,254.87,255.1,400
2026-09-14 07:40:00,255,255,254.98,255,8011
2026-09-14 07:41:00,254.95,255,254.5,254.5,7759
2026-09-14 07:42:00,254.95,255.15,254.95,255.15,1476
2026-09-14 07:43:00,255.2,255.5,255.2,255.5,1799
2026-09-14 07:44:00,255.5,255.55,255.45,255.5,1268
2026-09-14 07:45:00,255.45,255.45,255.45,255.45,870
2026-09-14 07:46:00,255.5,255.5,255.3,255.3,296
2026-09-14 07:47:00,255.4486,256.39,255.44,255.86,9353
2026-09-14 07:48:00,255.93,256.11,255.71,256,4966
2026-09-14 07:49:00,256,256,255.8,255.85,2806
2026-09-14 07:50:00,255.94,256.01,255.94,256,18997
2026-09-14 07:51:00,255.8717,256,255.8,256,3111
2026-09-14 07:52:00,255.6282,256.01,255.52,255.52,720
2026-09-14 07:53:00,255.58,256,255.5,255.5,8274
2026-09-14 07:54:00,255.51,255.6,255.51,255.6,200
2026-09-14 07:55:00,255.65,255.65,255.55,255.5694,1100
2026-09-14 07:56:00,255.63,255.81,255.48,255.48,2643
2026-09-14 07:57:00,255.3389,255.3389,255.3389,255.3389,596
2026-09-14 07:58:00,255.21,255.41,255.21,255.41,391
2026-09-14 07:59:00,255.2534,255.4795,255.2534,255.4,330
2026-09-14 08:00:00,255.42,255.42,255.42,255.42,230
2026-09-14 08:01:00,255.39,255.39,255.36,255.36,250
2026-09-14 08:02:00,255.13,255.5,255.13,255.42,3697
2026-09-14 08:03:00,255.54,255.5861,255.4512,255.4512,1050
2026-09-14 08:04:00,255.45,255.45,255.28,255.44,1245
2026-09-14 08:05:00,255.22,255.27,255.22,255.27,200
2026-09-14 08:06:00,255.26,255.26,255.1,255.1,615
2026-09-14 08:07:00,255.3621,255.3621,255.25,255.31,1935
2026-09-14 08:08:00,255.34,255.34,255.12,255.23,2602
2026-09-14 08:09:00,255.3097,255.35,255.2122,255.35,745
2026-09-14 08:10:00,255.148,255.28,255.1,255.28,1318
2026-09-14 08:11:00,255.29,255.29,255.29,255.29,800
2026-09-14 08:13:00,255.1283,255.1283,255.1,255.1,644
2026-09-14 08:14:00,255.1,255.24,255.1,255.14,715
2026-09-14 08:15:00,255.09,255.09,255.09,255.09,300
2026-09-14 08:16:00,255.048,255.28,255.048,255.28,550
2026-09-14 08:17:00,255.26,255.41,255.038,255.4,4078
2026-09-14 08:18:00,255.44,255.47,255.44,255.47,275
2026-09-14 08:19:00,255.4018,255.4018,255.4018,255.4018,100
2026-09-14 08:20:00,255.2301,255.2301,255.2301,255.2301,250
2026-09-14 08:22:00,255.11,255.11,255.11,255.11,394
2026-09-14 08:23:00,255.1272,255.45,254.83,254.8583,7846
2026-09-14 08:24:00,254.83,254.99,254.83,254.99,300
2026-09-14 08:25:00,254.83,254.8388,254.83,254.8318,360
2026-09-14 08:26:00,254.83,255,254.75,255,5128
2026-09-14 08:27:00,254.9628,254.9628,254.9628,254.9628,100
2026-09-14 08:28:00,254.94,255,254.94,254.99,1425
2026-09-14 08:29:00,254.82,254.82,254.68,254.8,1068
2026-09-14 08:30:00,254.86,255,254.58,254.8,4675
2026-09-14 08:31:00,254.6,254.94,254.6,254.83,453
2026-09-14 08:32:00,255,255,255,255,1000
2026-09-14 08:34:00,254.915,254.915,254.6,254.65,2631
2026-09-14 08:35:00,254.5635,254.6766,254.5,254.61,2792
2026-09-14 08:36:00,254.5,254.5539,254.46,254.46,2646
2026-09-14 08:37:00,254.5879,254.5879,254.32,254.3732,1903
2026-09-14 08:38:00,254.36,254.36,254.191,254.191,5595
2026-09-14 08:39:00,254.29,254.2932,254.19,254.2932,2671
2026-09-14 08:40:00,254.19,254.28,254.19,254.27,3540
2026-09-14 08:41:00,254.21,254.32,254,254.32,3086
2026-09-14 08:42:00,254.073,254.24,253.99,253.99,13429
2026-09-14 08:43:00,254.08,254.13,253.57,253.91,8999
2026-09-14 08:44:00,253.9664,253.9664,253.7847,253.7847,300
2026-09-14 08:45:00,253.8,253.8,253.1764,253.27,9659
2026-09-14 08:46:00,253.3908,253.3908,253.22,253.34,3150
2026-09-14 08:47:00,253.43,253.5,253.43,253.47,3300
2026-09-14 08:48:00,253.4577,253.5,253.45,253.5,10076
2026-09-14 08:49:00,253.4529,253.75,253.4529,253.75,1446
2026-09-14 08:50:00,253.8394,254,253.67,253.85,6721
2026-09-14 08:51:00,253.8681,253.95,253.85,253.9,5213
2026-09-14 08:52:00,253.9101,253.9101,253.9,253.9,947
2026-09-14 08:53:00,253.9,253.98,253.56,253.66,2842
2026-09-14 08:54:00,253.83,253.93,253.7,253.7,300
2026-09-14 08:55:00,253.562,253.8,253.562,253.7,877
2026-09-14 08:56:00,253.6,253.6,253.6,253.6,1941
2026-09-14 08:57:00,253.5,253.69,253.5,253.66,2862
2026-09-14 08:58:00,253.69,253.76,253.69,253.76,200
2026-09-14 08:59:00,253.85,253.85,253.8,253.8,300
2026-09-14 09:00:00,253.8,253.8,253.61,253.61,2455
2026-09-14 09:01:00,253.6003,253.6492,253.5,253.5,1100
2026-09-14 09:02:00,253.59,253.59,253.4,253.4,650
2026-09-14 09:03:00,253.35,253.35,253.2,253.25,6857
2026-09-14 09:04:00,253.24,253.55,253.2,253.2,6289
2026-09-14 09:05:00,253.27,253.27,253,253.25,10179
2026-09-14 09:06:00,253.3,253.36,253.3,253.36,200
2026-09-14 09:07:00,253.11,253.11,253.11,253.11,1807
2026-09-14 09:08:00,253.0903,253.0903,252.912,253.04,19686
2026-09-14 09:09:00,253.04,253.04,252.95,252.95,6822
2026-09-14 09:10:00,253.09,253.2428,253.017,253.2428,1095
2026-09-14 09:11:00,253.13,253.1688,253.05,253.1386,3171
2026-09-14 09:12:00,253.17,253.17,252.9927,252.9927,2745
2026-09-14 09:13:00,253,253,252.8,252.929,3182
2026-09-14 09:14:00,252.8903,253.09,252.8903,253.09,1911
2026-09-14 09:15:00,253.12,253.12,252.97,252.97,1600
2026-09-14 09:16:00,253,253.13,252.98,253.13,3802
2026-09-14 09:17:00,253.1197,253.13,253.09,253.12,3146
2026-09-14 09:18:00,253.09,253.12,253.0186,253.114,1465
2026-09-14 09:19:00,253.0777,253.1115,253.07,253.07,1170
2026-09-14 09:20:00,253,253,253,253,2910
2026-09-14 09:21:00,253.01,253.11,253.01,253.09,2359
2026-09-14 09:22:00,253.1191,253.12,253.11,253.12,2420
2026-09-14 09:23:00,253.12,253.12,253.08,253.0846,7526
2026-09-14 09:24:00,253.06,253.08,252.99,253,4829
2026-09-14 09:25:00,252.9,253.17,252.8,253.15,3759
2026-09-14 09:26:00,253.25,253.25,253.15,253.15,7570
2026-09-14 09:27:00,253.25,253.3,253.19,253.19,6331
2026-09-14 09:28:00,253.19,253.26,253.16,253.16,3195
2026-09-14 09:29:00,253.26,253.5,253.11,253.16,11237
2026-09-14 09:30:00,253.17,253.6,250.74,251.265,901598
2026-09-14 09:31:00,251.2804,251.745,251.1411,251.595,174509
2026-09-14 09:32:00,251.595,252.78,251.51,252.2,177316
2026-09-14 09:33:00,252.2,252.99,252.15,252.7194,128936
2026-09-14 09:34:00,252.7513,252.91,252.34,252.82,79663
2026-09-14 09:35:00,252.855,253.6399,252.7701,253.44,110876
2026-09-14 09:36:00,253.4271,253.8099,253.1899,253.8099,91611
2026-09-14 09:37:00,253.75,254.23,253.69,254.2048,100384
2026-09-14 09:38:00,254.25,254.7,254.1562,254.3,198534
2026-09-14 09:39:00,254.3,254.93,254.1953,254.325,163878
2026-09-14 09:40:00,254.31,254.7,254.0401,254.465,97393
2026-09-14 09:41:00,254.43,255.2,254.4,255.12,140812
2026-09-14 09:42:00,255.12,255.19,254.61,254.82,162998
2026-09-14 09:43:00,254.82,255.19,254.72,254.9,111705
2026-09-14 09:44:00,254.8945,255.095,254.54,254.55,74439
2026-09-14 09:45:00,254.565,254.62,253.7583,253.795,77458
2026-09-14 09:46:00,253.795,253.95,253.45,253.5,120173
2026-09-14 09:47:00,253.5609,253.76,253.4,253.665,131465
2026-09-14 09:48:00,253.665,253.8615,253.38,253.62,88241
2026-09-14 09:49:00,253.575,253.92,253.56,253.675,84464
2026-09-14 09:50:00,253.66,253.94,253.56,253.79,76606
2026-09-14 09:51:00,253.7626,254.5,253.7626,253.91,141203
2026-09-14 09:52:00,253.945,254.16,253.23,253.3,116487
2026-09-14 09:53:00,253.35,253.695,253.27,253.645,84547
2026-09-14 09:54:00,253.645,253.645,253.36,253.48,56997
2026-09-14 09:55:00,253.51,253.54,253.03,253.055,118266
2026-09-14 09:56:00,253.06,253.28,252.91,253.24,136814
2026-09-14 09:57:00,253.245,253.32,252.98,253.04,59431
2026-09-14 09:58:00,253.06,253.07,252.825,252.87,70110
2026-09-14 09:59:00,252.9,253.36,252.8121,253.265,63115
2026-09-14 10:00:00,253.255,253.36,253.04,253.2,72326
2026-09-14 10:01:00,253.16,253.22,253.05,253.16,50261
2026-09-14 10:02:00,253.16,253.23,253.03,253.185,58044
2026-09-14 10:03:00,253.2,253.28,252.9701,253.0014,55450
2026-09-14 10:04:00,253.02,253.07,252.875,252.895,46888
2026-09-14 10:05:00,252.87,252.97,252.78,252.8099,59112
2026-09-14 10:06:00,252.7774,252.89,252.63,252.81,63543
2026-09-14 10:07:00,252.81,252.96,252.74,252.86,68652
2026-09-14 10:08:00,252.88,253.06,252.64,252.65,53888
2026-09-14 10:09:00,252.65,252.81,252.6295,252.7,64034
2026-09-14 10:10:00,252.69,252.73,252.54,252.635,86010
2026-09-14 10:11:00,252.6,252.69,252.3318,252.365,63833
2026-09-14 10:12:00,252.4,252.5,252.2801,252.38,59954
2026-09-14 10:13:00,252.38,252.83,252.33,252.695,67942
2026-09-14 10:14:00,252.69,252.845,252.68,252.7667,31120
2026-09-14 10:15:00,252.79,252.815,252.455,252.485,40557
2026-09-14 10:16:00,252.51,252.68,252.5,252.58,34141
2026-09-14 10:17:00,252.575,252.6602,252.33,252.3522,37258
2026-09-14 10:18:00,252.33,252.33,251.91,251.96,89540
2026-09-14 10:19:00,251.94,252,251.81,251.905,104827
2026-09-14 10:20:00,251.92,251.97,251.69,251.83,59956
2026-09-14 10:21:00,251.8338,251.8338,251.66,251.685,47163
2026-09-14 10:22:00,251.67,251.7867,251.55,251.7778,66880
2026-09-14 10:23:00,251.79,251.875,251.75,251.86,43877
2026-09-14 10:24:00,251.8799,251.88,251.67,251.75,37508
2026-09-14 10:25:00,251.73,251.77,251.63,251.745,38132
2026-09-14 10:26:00,251.76,251.79,251.57,251.7199,46329
2026-09-14 10:27:00,251.7,251.9875,251.7,251.905,33333
2026-09-14 10:28:00,251.8969,251.9768,251.75,251.865,52313
2026-09-14 10:29:00,251.885,251.98,251.77,251.9201,41235
2026-09-14 10:30:00,251.93,251.9399,251.7,251.74,40432
2026-09-14 10:31:00,251.74,251.8896,251.62,251.75,45451
2026-09-14 10:32:00,251.77,251.95,251.725,251.93,41199
2026-09-14 10:33:00,251.955,252.1,251.93,252.1,36572
2026-09-14 10:34:00,252.065,252.244,251.96,252.04,46543
2026-09-14 10:35:00,252.01,252.035,251.82,251.97,27167
2026-09-14 10:36:00,251.94,252.05,251.68,251.69,38742
2026-09-14 10:37:00,251.69,251.7399,251.58,251.72,44827
2026-09-14 10:38:00,251.71,251.82,251.68,251.8093,42767
2026-09-14 10:39:00,251.79,251.93,251.752,251.8699,30209
2026-09-14 10:40:00,251.8641,251.89,251.585,251.635,47581
2026-09-14 10:41:00,251.635,251.83,251.635,251.78,35139
2026-09-14 10:42:00,251.77,252.1438,251.77,252.1,34903
2026-09-14 10:43:00,252.1,252.175,251.99,252.12,28556
2026-09-14 10:44:00,252.12,252.35,252.03,252.35,36456
2026-09-14 10:45:00,252.325,252.53,252.325,252.3808,63620
2026-09-14 10:46:00,252.385,252.48,252.31,252.3816,31262
2026-09-14 10:47:00,252.3816,252.48,252.3101,252.4416,32767
2026-09-14 10:48:00,252.45,252.725,252.45,252.72,40568
2026-09-14 10:49:00,252.73,252.73,252.54,252.58,29027
2026-09-14 10:50:00,252.5851,252.67,252.37,252.43,29168
2026-09-14 10:51:00,252.45,252.65,252.29,252.5199,90745
2026-09-14 10:52:00,252.5,252.505,252.205,252.205,24613
2026-09-14 10:53:00,252.195,252.36,252.13,252.31,38437
2026-09-14 10:54:00,252.28,252.42,252.21,252.301,16831
2026-09-14 10:55:00,252.335,252.4,252.25,252.36,41411
2026-09-14 10:56:00,252.33,252.33,252.03,252.045,38884
2026-09-14 10:57:00,252.06,252.18,251.97,252.1045,69481
2026-09-14 10:58:00,252.11,252.3699,252.1093,252.33,39040
2026-09-14 10:59:00,252.35,252.355,252.24,252.28,31889
2026-09-14 11:00:00,252.2744,252.3199,252.13,252.21,50063
2026-09-14 11:01:00,252.21,252.3199,252.1799,252.225,35842
2026-09-14 11:02:00,252.2,252.25,252,252.05,26925
2026-09-14 11:03:00,252.055,252.13,251.98,252.09,43540
2026-09-14 11:04:00,252.06,252.1672,252.04,252.05,24961
2026-09-14 11:05:00,252.075,252.95,252.05,252.72,136864
2026-09-14 11:06:00,252.75,253.13,252.74,253.065,65150
2026-09-14 11:07:00,253.055,253.1,252.92,253,40736
2026-09-14 11:08:00,253.04,253.0418,252.74,252.8,48479
2026-09-14 11:09:00,252.8138,252.89,252.725,252.75,15407
2026-09-14 11:10:00,252.74,252.8458,252.59,252.67,18551
2026-09-14 11:11:00,252.69,252.73,252.49,252.65,31064
2026-09-14 11:12:00,252.66,252.7025,252.565,252.59,14939
2026-09-14 11:13:00,252.59,252.75,252.57,252.71,17060
2026-09-14 11:14:00,252.7,252.77,252.65,252.65,13577
2026-09-14 11:15:00,252.65,252.6699,252.5,252.52,21405
2026-09-14 11:16:00,252.56,252.8,252.5199,252.8,16816
2026-09-14 11:17:00,252.8,253.1235,252.766,252.93,82950
2026-09-14 11:18:00,252.9495,252.9495,252.68,252.69,45834
2026-09-14 11:19:00,252.74,252.7982,252.6601,252.7699,16534
2026-09-14 11:20:00,252.75,252.8399,252.68,252.74,23758
2026-09-14 11:21:00,252.78,252.8399,252.68,252.78,22801
2026-09-14 11:22:00,252.775,252.95,252.775,252.89,23323
2026-09-14 11:23:00,252.895,253.04,252.85,252.9999,52808
2026-09-14 11:24:00,252.975,253.14,252.93,253.08,30213
2026-09-14 11:25:00,253.1,253.34,253.08,253.245,72107
2026-09-14 11:26:00,253.25,253.38,253.1907,253.27,29427
2026-09-14 11:27:00,253.24,253.38,253.14,253.14,27162
2026-09-14 11:28:00,253.19,253.245,253.1,253.13,20731
2026-09-14 11:29:00,253.1375,253.175,252.955,253.07,17600
2026-09-14 11:30:00,253.03,253.11,252.9601,253.05,30078
2026-09-14 11:31:00,253.0082,253.03,252.85,252.89,33469
2026-09-14 11:32:00,252.89,253.23,252.856,253.07,54569
2026-09-14 11:33:00,253.06,253.36,252.9001,253.26,45835
2026-09-14 11:34:00,253.2875,253.48,253.22,253.4401,58396
2026-09-14 11:35:00,253.46,253.55,253.41,253.5321,64481
2026-09-14 11:36:00,253.525,253.7599,253.5098,253.75,70075
2026-09-14 11:37:00,253.76,254.07,253.71,254,114025
2026-09-14 11:38:00,254,254.005,253.9,253.94,52338
2026-09-14 11:39:00,253.935,254,253.9101,253.96,17726
2026-09-14 11:40:00,253.93,254.3,253.91,254.025,59594
2026-09-14 11:41:00,254.05,254.18,253.94,254.1427,20151
2026-09-14 11:42:00,254.15,254.35,254.15,254.19,50841
2026-09-14 11:43:00,254.2,254.56,254.11,254.55,70957
2026-09-14 11:44:00,254.55,254.72,254.461,254.525,39213
2026-09-14 11:45:00,254.52,254.6,254.31,254.34,19637
2026-09-14 11:46:00,254.36,254.4388,254.19,254.27,38045
2026-09-14 11:47:00,254.26,254.32,254.12,254.25,35949
2026-09-14 11:48:00,254.225,254.3135,254.19,254.29,32166
2026-09-14 11:49:00,254.29,254.47,254.25,254.4,52704
2026-09-14 11:50:00,254.4,254.41,254.04,254.13,56222
2026-09-14 11:51:00,254.135,254.17,253.915,254.04,31320
2026-09-14 11:52:00,254.0181,254.1,253.92,253.97,33295
2026-09-14 11:53:00,253.94,254.09,253.92,253.99,32651
2026-09-14 11:54:00,254.0199,254.04,253.9001,253.9865,20947
2026-09-14 11:55:00,253.98,254.149,253.96,254.1,35784
2026-09-14 11:56:00,254.1,254.1179,253.95,253.96,33841
2026-09-14 11:57:00,253.975,254,253.84,253.92,30577
2026-09-14 11:58:00,253.93,253.98,253.85,253.8899,27328
2026-09-14 11:59:00,253.89,253.93,253.6618,253.71,34044
2026-09-14 12:00:00,253.71,253.74,253.56,253.62,64705
2026-09-14 12:01:00,253.57,253.7156,253.52,253.59,30448
2026-09-14 12:02:00,253.59,253.7,253.5,253.515,41521
2026-09-14 12:03:00,253.515,253.6748,253.49,253.6,41395
2026-09-14 12:04:00,253.61,253.61,253.45,253.5099,50643
2026-09-14 12:05:00,253.5,253.5699,253.42,253.565,41977
2026-09-14 12:06:00,253.57,253.62,253.53,253.615,32291
2026-09-14 12:07:00,253.62,253.65,253.52,253.63,36220
2026-09-14 12:08:00,253.61,253.6332,253.53,253.61,13714
2026-09-14 12:09:00,253.61,253.8199,253.585,253.6801,46076
2026-09-14 12:10:00,253.69,253.74,253.525,253.57,64364
2026-09-14 12:11:00,253.5725,253.78,253.5,253.745,58025
2026-09-14 12:12:00,253.76,253.8099,253.63,253.75,41431
2026-09-14 12:13:00,253.75,253.7699,253.56,253.63,38197
2026-09-14 12:14:00,253.63,253.67,253.585,253.62,18490
2026-09-14 12:15:00,253.6,253.81,253.55,253.78,26398
2026-09-14 12:16:00,253.76,253.85,253.72,253.78,13650
2026-09-14 12:17:00,253.7548,253.86,253.69,253.86,33852
2026-09-14 12:18:00,253.86,254.05,253.86,254.045,35687
2026-09-14 12:19:00,254.045,254.0699,253.77,253.785,48186
2026-09-14 12:20:00,253.81,253.9,253.73,253.8992,41617
2026-09-14 12:21:00,253.8999,253.97,253.87,253.9336,23667
2026-09-14 12:22:00,253.92,253.9595,253.84,253.91,26290
2026-09-14 12:23:00,253.94,253.96,253.84,253.94,41115
2026-09-14 12:24:00,253.945,254.0899,253.945,254.03,33600
2026-09-14 12:25:00,254.03,254.03,253.68,253.775,51053
2026-09-14 12:26:00,253.77,253.77,253.52,253.58,43277
2026-09-14 12:27:00,253.58,253.7,253.53,253.685,34935
2026-09-14 12:28:00,253.68,253.715,253.5801,253.63,11975
2026-09-14 12:29:00,253.6001,253.63,253.33,253.41,46297
2026-09-14 12:30:00,253.41,253.41,253.2,253.25,69508
2026-09-14 12:31:00,253.25,253.59,253.22,253.415,74510
2026-09-14 12:32:00,253.39,253.4725,253.35,253.35,32784
2026-09-14 12:33:00,253.385,253.5299,253.385,253.405,30908
2026-09-14 12:34:00,253.4,253.49,253.38,253.485,23256
2026-09-14 12:35:00,253.49,253.53,253.46,253.5,8920
2026-09-14 12:36:00,253.5357,253.57,253.485,253.54,13497
2026-09-14 12:37:00,253.54,253.67,253.53,253.655,14884
2026-09-14 12:38:00,253.63,253.71,253.53,253.55,23000
2026-09-14 12:39:00,253.5301,253.585,253.47,253.585,19798
2026-09-14 12:40:00,253.54,253.7,253.52,253.7,17496
2026-09-14 12:41:00,253.695,253.865,253.695,253.865,21014
2026-09-14 12:42:00,253.87,253.87,253.6101,253.68,15718
2026-09-14 12:43:00,253.68,253.8,253.65,253.7,11602
2026-09-14 12:44:00,253.68,253.79,253.655,253.75,20564
2026-09-14 12:45:00,253.755,253.8,253.6901,253.73,15984
2026-09-14 12:46:00,253.73,253.79,253.7,253.7199,16180
2026-09-14 12:47:00,253.705,254.25,253.67,254.18,50206
2026-09-14 12:48:00,254.1701,254.73,254.155,254.65,62425
2026-09-14 12:49:00,254.68,254.99,254.66,254.99,35131
2026-09-14 12:50:00,254.96,255.055,254.76,254.8,74190
2026-09-14 12:51:00,254.8,254.92,254.71,254.885,77105
2026-09-14 12:52:00,254.89,254.9499,254.7301,254.78,73916
2026-09-14 12:53:00,254.7442,254.8,254.6,254.78,43389
2026-09-14 12:54:00,254.78,254.815,254.665,254.74,29557
2026-09-14 12:55:00,254.74,254.88,254.68,254.875,30299
2026-09-14 12:56:00,254.875,255,254.86,254.895,26316
2026-09-14 12:57:00,254.885,254.91,254.63,254.72,35392
2026-09-14 12:58:00,254.715,254.74,254.635,254.72,13294
2026-09-14 12:59:00,254.74,254.79,254.69,254.775,17790
2026-09-14 13:00:00,254.76,254.95,254.73,254.8054,34220
2026-09-14 13:01:00,254.825,254.95,254.825,254.84,15894
2026-09-14 13:02:00,254.87,254.87,254.74,254.8,49051
2026-09-14 13:03:00,254.84,254.99,254.81,254.89,13920
2026-09-14 13:04:00,254.91,254.95,254.8901,254.95,24470
2026-09-14 13:05:00,254.935,254.94,254.8231,254.89,20822
2026-09-14 13:06:00,254.8999,254.9299,254.82,254.845,12726
2026-09-14 13:07:00,254.83,254.83,254.72,254.76,38511
2026-09-14 13:08:00,254.7801,254.8,254.66,254.66,15281
2026-09-14 13:09:00,254.665,254.75,254.62,254.73,28930
2026-09-14 13:10:00,254.755,254.8,254.7,254.75,9249
2026-09-14 13:11:00,254.713,254.92,254.713,254.915,13785
2026-09-14 13:12:00,254.93,255,254.905,254.97,33947
2026-09-14 13:13:00,255,255.075,254.75,254.75,33329
2026-09-14 13:14:00,254.764,254.86,254.705,254.72,14383
2026-09-14 13:15:00,254.705,254.79,254.68,254.77,20018
2026-09-14 13:16:00,254.75,255.04,254.75,255.025,19071
2026-09-14 13:17:00,255.025,255.025,254.9,254.93,22258
2026-09-14 13:18:00,254.96,254.97,254.64,254.67,36184
2026-09-14 13:19:00,254.67,254.7,254.6,254.635,39404
2026-09-14 13:20:00,254.645,254.725,254.59,254.6499,15238
2026-09-14 13:21:00,254.62,254.7,254.59,254.68,18670
2026-09-14 13:22:00,254.6999,254.795,254.62,254.7604,19946
2026-09-14 13:23:00,254.76,254.9,254.74,254.84,15315
2026-09-14 13:24:00,254.815,254.84,254.66,254.705,13863
2026-09-14 13:25:00,254.7,254.775,254.57,254.585,17161
2026-09-14 13:26:00,254.585,254.7199,254.57,254.69,19453
2026-09-14 13:27:00,254.705,254.84,254.66,254.84,30422
2026-09-14 13:28:00,254.8497,254.91,254.78,254.8399,28735
2026-09-14 13:29:00,254.82,254.96,254.82,254.87,37893
2026-09-14 13:30:00,254.86,255.09,254.86,255.06,50836
2026-09-14 13:31:00,255.07,255.17,255.02,255.06,48065
2026-09-14 13:32:00,255.06,255.1501,255.0125,255.03,29638
2026-09-14 13:33:00,255.045,255.14,254.97,255.13,28172
2026-09-14 13:34:00,255.1,255.19,255.05,255.14,31625
2026-09-14 13:35:00,255.15,255.44,255.15,255.38,55884
2026-09-14 13:36:00,255.345,255.4,255.2,255.2,35509
2026-09-14 13:37:00,255.25,255.49,255.23,255.44,34841
2026-09-14 13:38:00,255.44,255.68,255.39,255.61,75624
2026-09-14 13:39:00,255.615,255.63,255.5,255.55,39621
2026-09-14 13:40:00,255.57,255.72,255.57,255.68,27949
2026-09-14 13:41:00,255.67,255.8,255.6195,255.77,43031
2026-09-14 13:42:00,255.775,255.8,255.64,255.715,33563
2026-09-14 13:43:00,255.72,255.76,255.635,255.7073,27559
2026-09-14 13:44:00,255.685,255.685,255.4,255.41,21503
2026-09-14 13:45:00,255.4,255.42,255.24,255.415,22106
2026-09-14 13:46:00,255.425,255.53,255.4,255.47,17617
2026-09-14 13:47:00,255.4384,255.62,255.4384,255.52,16256
2026-09-14 13:48:00,255.51,255.79,255.51,255.77,17891
2026-09-14 13:49:00,255.78,255.95,255.76,255.82,36721
2026-09-14 13:50:00,255.7901,255.88,255.67,255.725,39398
2026-09-14 13:51:00,255.745,255.83,255.67,255.83,25051
2026-09-14 13:52:00,255.83,255.885,255.77,255.86,24158
2026-09-14 13:53:00,255.85,255.85,255.6962,255.6962,34727
2026-09-14 13:54:00,255.69,255.7,255.6,255.665,28894
2026-09-14 13:55:00,255.6546,255.6796,255.541,255.56,27761
2026-09-14 13:56:00,255.56,255.58,255.42,255.42,14087
2026-09-14 13:57:00,255.42,255.44,255.29,255.44,20266
2026-09-14 13:58:00,255.44,255.44,255.355,255.3695,9890
2026-09-14 13:59:00,255.34,255.355,255.245,255.3,18022
2026-09-14 14:00:00,255.32,255.4,255.25,255.25,22911
2026-09-14 14:01:00,255.256,255.41,255.21,255.395,14978
2026-09-14 14:02:00,255.38,255.42,255.315,255.37,14432
2026-09-14 14:03:00,255.38,255.38,255.21,255.22,24464
2026-09-14 14:04:00,255.23,255.32,255.19,255.245,25727
2026-09-14 14:05:00,255.23,255.3095,255.1976,255.26,24217
2026-09-14 14:06:00,255.26,255.31,255.141,255.21,22567
2026-09-14 14:07:00,255.23,255.26,255.16,255.205,14533
2026-09-14 14:08:00,255.19,255.4,255.19,255.385,17861
2026-09-14 14:09:00,255.3601,255.52,255.3601,255.48,26012
2026-09-14 14:10:00,255.49,255.54,255.39,255.48,30153
2026-09-14 14:11:00,255.495,255.57,255.4248,255.44,13923
2026-09-14 14:12:00,255.44,255.44,255.37,255.405,9882
2026-09-14 14:13:00,255.42,255.43,255.315,255.35,17759
2026-09-14 14:14:00,255.365,255.46,255.33,255.41,30594
2026-09-14 14:15:00,255.44,255.455,255.3,255.31,11773
2026-09-14 14:16:00,255.31,255.35,255.18,255.23,39084
2026-09-14 14:17:00,255.255,255.3282,255.21,255.31,14075
2026-09-14 14:18:00,255.3265,255.3265,255.18,255.196,11650
2026-09-14 14:19:00,255.195,255.33,255.1801,255.33,8956
2026-09-14 14:20:00,255.32,255.33,255.2,255.24,26395
2026-09-14 14:21:00,255.24,255.325,255.24,255.325,23722
2026-09-14 14:22:00,255.29,255.3099,255.22,255.24,7464
2026-09-14 14:23:00,255.24,255.24,255.13,255.1765,15043
2026-09-14 14:24:00,255.17,255.18,255.04,255.05,12406
2026-09-14 14:25:00,255.06,255.1025,255.035,255.09,16320
2026-09-14 14:26:00,255.095,255.21,255.06,255.1901,13385
2026-09-14 14:27:00,255.23,255.23,255.12,255.125,14324
2026-09-14 14:28:00,255.09,255.14,255.02,255.14,14581
2026-09-14 14:29:00,255.12,255.13,255.03,255.03,17565
2026-09-14 14:30:00,255.06,255.18,255.03,255.07,14253
2026-09-14 14:31:00,255.08,255.11,254.91,254.9599,50428
2026-09-14 14:32:00,254.9599,255.115,254.95,255.0536,16078
2026-09-14 14:33:00,255.0723,255.31,255.0723,255.2901,19551
2026-09-14 14:34:00,255.32,255.41,255.29,255.33,28095
2026-09-14 14:35:00,255.35,255.3585,255.2,255.265,13694
2026-09-14 14:36:00,255.27,255.325,255.21,255.24,7821
2026-09-14 14:37:00,255.22,255.28,255.22,255.26,7895
2026-09-14 14:38:00,255.27,255.27,255.2,255.24,11067
2026-09-14 14:39:00,255.23,255.4,255.19,255.34,24948
2026-09-14 14:40:00,255.37,255.48,255.315,255.43,36318
2026-09-14 14:41:00,255.455,255.485,255.345,255.345,12661
2026-09-14 14:42:00,255.334,255.38,255.2098,255.24,20538
2026-09-14 14:43:00,255.24,255.28,255.2,255.2,11653
2026-09-14 14:44:00,255.21,255.23,255.1,255.12,12333
2026-09-14 14:45:00,255.1031,255.1418,254.85,255,39583
2026-09-14 14:46:00,255,255.08,254.86,254.8989,22943
2026-09-14 14:47:00,254.89,254.98,254.8613,254.9275,47287
2026-09-14 14:48:00,254.915,255.03,254.83,254.996,26037
2026-09-14 14:49:00,255,255.02,254.92,254.9428,18479
2026-09-14 14:50:00,254.94,255.015,254.87,254.965,20456
2026-09-14 14:51:00,254.9899,254.9899,254.84,254.91,19100
2026-09-14 14:52:00,254.92,254.9399,254.86,254.9015,10328
2026-09-14 14:53:00,254.93,254.94,254.37,254.46,65487
2026-09-14 14:54:00,254.46,254.52,254.06,254.2,87149
2026-09-14 14:55:00,254.195,254.365,254.165,254.35,137226
2026-09-14 14:56:00,254.3526,254.398,254.29,254.34,22125
2026-09-14 14:57:00,254.34,254.34,254.1,254.1,30108
2026-09-14 14:58:00,254.11,254.19,253.75,253.75,79690
2026-09-14 14:59:00,253.75,253.78,253.6,253.725,86692
2026-09-14 15:00:00,253.69,253.775,253.04,253.115,116809
2026-09-14 15:01:00,253.09,253.1129,252.745,252.93,157382
2026-09-14 15:02:00,252.9475,253.19,252.9,253.07,96054
2026-09-14 15:03:00,253.07,253.28,252.85,253.005,57139
2026-09-14 15:04:00,252.96,253.09,252.8698,253.06,34634
2026-09-14 15:05:00,253.04,253.1199,252.96,253.05,53965
2026-09-14 15:06:00,253.03,253.16,252.945,253.06,37366
2026-09-14 15:07:00,253.06,253.11,252.91,252.955,38251
2026-09-14 15:08:00,252.955,252.9706,252.72,252.9428,45941
2026-09-14 15:09:00,252.94,253.0197,252.89,252.95,21853
2026-09-14 15:10:00,252.965,253.01,252.775,252.8693,37098
2026-09-14 15:11:00,252.87,252.965,252.76,252.965,26384
2026-09-14 15:12:00,252.965,253.0799,252.92,252.9829,22356
2026-09-14 15:13:00,253.02,253.37,252.98,253.225,67620
2026-09-14 15:14:00,253.2396,253.2396,253.07,253.1869,45131
2026-09-14 15:15:00,253.1745,253.307,253.065,253.095,50821
2026-09-14 15:16:00,253.07,253.2,253.07,253.2,30718
2026-09-14 15:17:00,253.22,253.39,253.17,253.38,37241
2026-09-14 15:18:00,253.37,253.43,253.3234,253.42,39622
2026-09-14 15:19:00,253.42,253.43,253.23,253.29,49198
2026-09-14 15:20:00,253.26,253.3203,253.23,253.32,23783
2026-09-14 15:21:00,253.286,253.5213,253.28,253.465,34814
2026-09-14 15:22:00,253.45,253.4744,253.3,253.4351,22004
2026-09-14 15:23:00,253.415,253.62,253.39,253.5546,47094
2026-09-14 15:24:00,253.565,253.78,253.5429,253.7,42004
2026-09-14 15:25:00,253.67,253.7074,253.51,253.516,22803
2026-09-14 15:26:00,253.545,253.62,253.47,253.61,26908
2026-09-14 15:27:00,253.6005,253.625,253.52,253.53,23599
2026-09-14 15:28:00,253.51,253.6406,253.496,253.52,27796
2026-09-14 15:29:00,253.51,253.6,253.4,253.575,42605
2026-09-14 15:30:00,253.575,253.81,253.54,253.775,50931
2026-09-14 15:31:00,253.78,253.87,253.7,253.83,31574
2026-09-14 15:32:00,253.825,253.8499,253.8,253.82,25039
2026-09-14 15:33:00,253.82,254.12,253.81,254.08,73577
2026-09-14 15:34:00,254.09,254.1,253.89,253.91,32555
2026-09-14 15:35:00,253.905,253.93,253.87,253.88,44550
2026-09-14 15:36:00,253.895,253.965,253.84,253.95,25713
2026-09-14 15:37:00,253.94,253.98,253.865,253.89,32129
2026-09-14 15:38:00,253.9,253.98,253.87,253.89,22347
2026-09-14 15:39:00,253.88,253.98,253.87,253.91,51444
2026-09-14 15:40:00,253.895,254,253.87,253.95,51336
2026-09-14 15:41:00,253.94,253.96,253.9,253.95,28667
2026-09-14 15:42:00,253.91,253.91,253.73,253.805,53028
2026-09-14 15:43:00,253.8,253.85,253.75,253.81,42233
2026-09-14 15:44:00,253.8,253.8,253.56,253.61,68490
2026-09-14 15:45:00,253.6,253.73,253.53,253.67,41651
2026-09-14 15:46:00,253.675,253.8,253.57,253.655,52839
2026-09-14 15:47:00,253.64,253.645,253.56,253.56,32834
2026-09-14 15:48:00,253.555,253.605,253.5,253.5,49440
2026-09-14 15:49:00,253.5,253.5,253.37,253.42,36761
2026-09-14 15:50:00,253.43,253.8576,253.405,253.715,102926
2026-09-14 15:51:00,253.71,253.71,253.55,253.61,44781
2026-09-14 15:52:00,253.61,253.67,253.52,253.615,69590
2026-09-14 15:53:00,253.61,253.735,253.54,253.5409,141947
2026-09-14 15:54:00,253.58,253.85,253.54,253.55,115379
2026-09-14 15:55:00,253.56,254.02,253.38,253.93,211162
2026-09-14 15:56:00,253.9399,253.98,253.71,253.76,177084
2026-09-14 15:57:00,253.75,253.77,253.57,253.585,130079
2026-09-14 15:58:00,253.5944,253.7,253.56,253.59,308763
2026-09-14 15:59:00,253.59,253.69,253.36,253.56,651116
2026-09-14 16:00:00,253.54,253.6,253.33,253.52,4319523
2026-09-14 16:01:00,253.49,253.54,253.43,253.43,874
2026-09-14 16:02:00,253.54,253.54,253.43,253.54,1584
2026-09-14 16:03:00,253.52,253.66,253.52,253.66,1601
2026-09-14 16:04:00,253.65,253.79,253.65,253.72,926
2026-09-14 16:05:00,253.7,253.7,253.55,253.55,290
2026-09-14 16:06:00,253.6,253.71,253.6,253.7,366
2026-09-14 16:07:00,253.5803,253.5803,253.5803,253.5803,200
2026-09-14 16:09:00,253.7,253.7,253.54,253.54,600
2026-09-14 16:10:00,253.56,253.56,253.56,253.56,250
2026-09-14 16:12:00,253.6386,253.6386,253.59,253.59,1319
2026-09-14 16:14:00,253.63,253.63,253.63,253.63,100
2026-09-14 16:15:00,253.6,253.6,253.54,253.54,200
2026-09-14 16:16:00,253.54,253.58,253.54,253.58,2220
2026-09-14 16:17:00,253.55,253.5576,253.55,253.5576,1600
2026-09-14 16:19:00,253.63,253.63,253.63,253.63,121
2026-09-14 16:22:00,253.64,253.68,253.64,253.68,494
2026-09-14 16:23:00,253.69,253.75,253.68,253.75,1592
2026-09-14 16:26:00,253.63,253.63,253.57,253.62,400
2026-09-14 16:27:00,253.6,253.71,253.6,253.69,2020
2026-09-14 16:30:00,253.71,253.71,253.69,253.69,1887
2026-09-14 16:31:00,253.6381,253.6381,253.6381,253.6381,100
2026-09-14 16:33:00,253.65,253.699,253.65,253.699,302
2026-09-14 16:34:00,253.69,253.74,253.6193,253.74,823
2026-09-14 16:35:00,253.7,253.7,253.7,253.7,100
2026-09-14 16:37:00,253.7,253.7,253.54,253.54,1878
2026-09-14 16:39:00,253.67,253.7,253.65,253.7,1409
2026-09-14 16:40:00,253.6,253.6676,253.6,253.6676,1100
2026-09-14 16:41:00,253.66,253.74,253.66,253.74,251
2026-09-14 16:42:00,253.74,253.74,253.74,253.74,250
2026-09-14 16:43:00,253.676,253.7,253.66,253.66,1005
2026-09-14 16:44:00,253.65,253.65,253.65,253.65,250
2026-09-14 16:45:00,253.74,253.74,253.74,253.74,891
2026-09-14 16:46:00,253.7949,253.7949,253.7949,253.7949,100
2026-09-14 16:47:00,253.7923,253.7923,253.7923,253.7923,500
2026-09-14 16:48:00,253.8,253.8,253.8,253.8,729
2026-09-14 16:49:00,253.8056,253.8056,253.8056,253.8056,200
2026-09-14 16:50:00,253.81,253.81,253.81,253.81,200
2026-09-14 16:51:00,253.8,253.8,253.8,253.8,200
2026-09-14 16:52:00,253.81,253.81,253.81,253.81,200
2026-09-14 16:53:00,253.7516,253.76,253.7516,253.76,300
2026-09-14 16:54:00,253.79,253.81,253.79,253.81,388
2026-09-14 16:55:00,253.76,253.76,253.76,253.76,260
2026-09-14 16:56:00,253.8001,253.84,253.8001,253.84,262
2026-09-14 16:58:00,253.79,253.79,253.75,253.75,1127
2026-09-14 16:59:00,253.72,253.75,253.72,253.75,217
2026-09-14 17:00:00,253.68,253.68,253.68,253.68,100
2026-09-14 17:03:00,253.6955,253.6955,253.6955,253.6955,100
2026-09-14 17:04:00,253.75,253.75,253.75,253.75,500
2026-09-14 17:06:00,253.773,253.78,253.739,253.78,1825
2026-09-14 17:07:00,253.78,253.78,253.78,253.78,120
2026-09-14 17:08:00,253.7645,253.7645,253.7645,253.7645,100
2026-09-14 17:10:00,253.75,253.75,253.75,253.75,250
2026-09-14 17:11:00,253.72,253.76,253.72,253.76,417
2026-09-14 17:12:00,253.7799,253.7799,253.77,253.7792,862
2026-09-14 17:13:00,253.78,253.7858,253.78,253.7858,300
2026-09-14 17:14:00,253.85,253.85,253.85,253.85,100
2026-09-14 17:15:00,253.8663,253.8663,253.79,253.79,1046
2026-09-14 17:16:00,253.8514,253.8514,253.8514,253.8514,500
2026-09-14 17:17:00,253.87,253.87,253.87,253.87,500
2026-09-14 17:18:00,253.85,253.85,253.82,253.82,200
2026-09-14 17:25:00,253.7822,253.7822,253.7822,253.7822,100
2026-09-14 17:26:00,253.85,253.85,253.7907,253.7907,989
2026-09-14 17:27:00,253.85,253.85,253.85,253.85,432
2026-09-14 17:31:00,253.795,253.795,253.795,253.795,100
2026-09-14 17:34:00,253.87,253.87,253.87,253.87,126
2026-09-14 17:36:00,253.81,253.8115,253.81,253.8115,780
2026-09-14 17:41:00,253.88,253.88,253.81,253.83,724
2026-09-14 17:43:00,253.81,253.81,253.81,253.81,580
2026-09-14 17:45:00,253.81,253.81,253.79,253.79,317
2026-09-14 17:46:00,253.79,253.79,253.7505,253.7516,779
2026-09-14 17:47:00,253.77,253.77,253.75,253.75,300
2026-09-14 17:51:00,253.75,253.75,253.75,253.75,250
2026-09-14 17:54:00,253.77,253.84,253.65,253.84,6159
2026-09-14 17:55:00,253.84,253.84,253.84,253.84,100
2026-09-14 17:57:00,253.75,253.75,253.75,253.75,155
2026-09-14 17:58:00,253.6794,253.6794,253.6794,253.6794,100
2026-09-14 18:01:00,253.7,253.7,253.7,253.7,500
2026-09-14 18:02:00,253.8,253.8,253.8,253.8,200
2026-09-14 18:03:00,253.69,253.72,253.67,253.72,2153
2026-09-14 18:05:00,253.76,253.76,253.76,253.76,1097
2026-09-14 18:09:00,253.76,253.76,253.76,253.76,300
2026-09-14 18:10:00,253.79,253.79,253.79,253.79,394
2026-09-14 18:12:00,253.6886,253.6886,253.6886,253.6886,100
2026-09-14 18:13:00,253.777,253.777,253.777,253.777,200
2026-09-14 18:14:00,253.682,253.682,253.682,253.682,1577
2026-09-14 18:16:00,253.72,253.73,253.67,253.67,417
2026-09-14 18:17:00,253.65,253.65,253.65,253.65,303
2026-09-14 18:18:00,253.76,253.82,253.76,253.82,1040
2026-09-14 18:19:00,253.7514,253.7514,253.7514,253.7514,200
2026-09-14 18:20:00,253.7621,253.7621,253.7621,253.7621,200
2026-09-14 18:23:00,253.7866,253.7866,253.7866,253.7866,100
2026-09-14 18:24:00,253.71,253.71,253.71,253.71,229
2026-09-14 18:29:00,253.69,253.69,253.67,253.67,200
2026-09-14 18:30:00,253.7,253.7,253.7,253.7,300
2026-09-14 18:31:00,253.75,253.75,253.75,253.75,300
2026-09-14 18:32:00,253.7,253.7,253.7,253.7,100
2026-09-14 18:34:00,253.7499,253.7499,253.7499,253.7499,400
2026-09-14 18:35:00,253.75,253.75,253.73,253.73,400
2026-09-14 18:36:00,253.7492,253.7492,253.7492,253.7492,100
2026-09-14 18:37:00,253.71,253.71,253.65,253.65,14537
2026-09-14 18:39:00,253.7,253.7,253.7,253.7,101
2026-09-14 18:44:00,253.6155,253.6155,253.6155,253.6155,150
2026-09-14 18:48:00,253.6933,253.6933,253.6933,253.6933,200
2026-09-14 18:51:00,253.68,253.68,253.6628,253.6628,200
2026-09-14 18:55:00,253.6,253.75,253.6,253.75,2445
2026-09-14 18:57:00,253.755,253.755,253.755,253.755,100
2026-09-14 19:00:00,253.75,253.75,253.75,253.75,2346
2026-09-14 19:04:00,253.6,253.76,253.6,253.76,1321
2026-09-14 19:06:00,253.69,253.69,253.69,253.69,100
2026-09-14 19:10:00,253.66,253.66,253.66,253.66,100
2026-09-14 19:11:00,253.7,253.7,253.7,253.7,100
2026-09-14 19:15:00,253.7445,253.7445,253.7445,253.7445,100
2026-09-14 19:16:00,253.65,253.65,253.65,253.65,200
2026-09-14 19:18:00,253.62,253.62,253.62,253.62,100
2026-09-14 19:20:00,253.64,253.64,253.64,253.64,500
2026-09-14 19:21:00,253.55,253.55,253.55,253.55,500
2026-09-14 19:23:00,253.61,253.64,253.61,253.64,729
2026-09-14 19:33:00,253.65,253.65,253.65,253.65,499
2026-09-14 19:35:00,253.67,253.67,253.66,253.66,427
2026-09-14 19:40:00,253.67,253.67,253.67,253.67,208
2026-09-14 19:41:00,253.66,253.71,253.66,253.71,200
2026-09-14 19:42:00,253.71,253.71,253.71,253.71,100
2026-09-14 19:43:00,253.66,253.66,253.65,253.65,200
2026-09-14 19:44:00,253.64,253.66,253.64,253.6585,350
2026-09-14 19:45:00,253.63,253.63,253.59,253.59,997
2026-09-14 19:46:00,253.6589,253.6589,253.6587,253.6587,400
2026-09-14 19:48:00,253.58,253.58,253.58,253.58,100
2026-09-14 19:49:00,253.6,253.7164,253.57,253.57,550
2026-09-14 19:50:00,253.7164,253.7164,253.7164,253.7164,200
2026-09-14 19:52:00,253.6931,253.6931,253.54,253.54,750
2026-09-14 19:54:00,253.54,253.55,253.5,253.5,6420
2026-09-14 19:55:00,253.49,253.5,253.49,253.5,3969
2026-09-14 19:57:00,253.6,253.6,253.5,253.5,885
2026-09-14 19:58:00,253.5,253.7,253.5,253.531,1449
2026-09-14 19:59:00,253.5,253.5,253.5,253.5,100
2026-09-15 04:00:00,252.4,253.45,252,252.25,27086
2026-09-15 04:01:00,252,253.27,252,252.8,3307
2026-09-15 04:02:00,252.77,252.81,251.92,252,8005
2026-09-15 04:03:00,252.06,252.18,252.01,252.18,1306
2026-09-15 04:04:00,252.18,252.18,252.18,252.18,100
2026-09-15 04:05:00,252.06,252.79,252,252.79,303
2026-09-15 04:06:00,252.01,252.01,252,252,438
2026-09-15 04:07:00,252,252,251.92,251.92,1236
2026-09-15 04:08:00,251.81,252,251.78,251.78,2901
2026-09-15 04:10:00,251.75,251.9823,251.74,251.74,384
2026-09-15 04:11:00,251.8,251.8,251.8,251.8,120
2026-09-15 04:12:00,251.8,251.8,251.8,251.8,127
2026-09-15 04:15:00,251.87,251.87,251.87,251.87,100
2026-09-15 04:16:00,251.83,251.83,251.82,251.82,515
2026-09-15 04:18:00,251.87,251.87,251.87,251.87,295
2026-09-15 04:20:00,251.99,252,251.95,251.95,860
2026-09-15 04:22:00,251.91,251.91,251.91,251.91,100
2026-09-15 04:23:00,251.9,251.94,251.9,251.94,250
2026-09-15 04:24:00,251.8515,251.99,251.8515,251.99,494
2026-09-15 04:25:00,251.99,251.99,251.99,251.99,100
2026-09-15 04:26:00,251.86,251.86,251.86,251.86,170
2026-09-15 04:27:00,251.86,251.98,251.86,251.98,770
2026-09-15 04:28:00,251.8,251.86,251.8,251.86,299
2026-09-15 04:29:00,251.7405,251.7405,251.7405,251.7405,200
2026-09-15 04:30:00,251.91,251.91,251.81,251.81,632
2026-09-15 04:31:00,251.96,251.96,251.96,251.96,100
2026-09-15 04:36:00,251.64,251.64,251.64,251.64,100
2026-09-15 04:38:00,251.7,251.7,251.7,251.7,200
2026-09-15 04:42:00,251.79,251.84,251.79,251.84,871
2026-09-15 04:43:00,251.8,251.8,251.8,251.8,370
2026-09-15 04:45:00,251.7,251.7,251.7,251.7,144
2026-09-15 05:02:00,251.83,252,251.83,252,3808
2026-09-15 05:03:00,252.05,252.05,252.05,252.05,400
2026-09-15 05:04:00,252.21,254.3,252.21,252.9,10042
2026-09-15 05:05:00,252.71,252.71,252.59,252.59,2512
2026-09-15 05:06:00,252.5,252.58,252.34,252.34,400
2026-09-15 05:08:00,252.1,252.1,252,252.07,918
2026-09-15 05:09:00,252.0909,252.0909,252.0909,252.0909,100
2026-09-15 05:10:00,252,252,252,252,100
2026-09-15 05:11:00,251.92,251.92,251.92,251.92,500
2026-09-15 05:14:00,251.7,251.7,251.7,251.7,300
2026-09-15 05:16:00,251.73,251.73,251.73,251.73,300
2026-09-15 05:17:00,251.58,251.58,251.5,251.5,327
2026-09-15 05:20:00,251.7349,251.7349,251.63,251.63,215
2026-09-15 05:21:00,251.56,251.57,251.56,251.57,422
2026-09-15 05:24:00,251.56,251.78,251.56,251.78,292
2026-09-15 05:28:00,251.75,251.75,251.75,251.75,100
2026-09-15 05:29:00,251.9533,251.9533,251.9533,251.9533,125
2026-09-15 05:30:00,251.8,251.8,251.8,251.8,159
2026-09-15 05:31:00,251.99,252,251.9397,251.9397,1169
2026-09-15 05:32:00,252.16,252.16,252.16,252.16,330
2026-09-15 05:33:00,252.0636,252.0636,251.94,251.94,873
2026-09-15 05:36:00,252.3121,252.3121,252.3121,252.3121,500
2026-09-15 05:39:00,252.5,252.5,252.5,252.5,100
2026-09-15 05:42:00,251.9,252,251.9,252,880
2026-09-15 05:46:00,252.1417,252.1417,252.1417,252.1417,132
2026-09-15 05:52:00,252.11,252.11,252.11,252.11,117
2026-09-15 06:01:00,252.31,252.31,252.31,252.31,100
2026-09-15 06:07:00,252.2,252.2,252.2,252.2,100
2026-09-15 06:11:00,252.27,252.27,252.27,252.27,103
2026-09-15 06:12:00,252.29,252.29,252.29,252.29,100
2026-09-15 06:14:00,252.33,252.33,252.33,252.33,100
2026-09-15 06:16:00,252.35,252.58,252.35,252.58,2735
2026-09-15 06:18:00,252.24,252.24,252.24,252.24,603
2026-09-15 06:22:00,252.2,252.292,252.2,252.292,1000
2026-09-15 06:24:00,252.2,252.34,252.2,252.34,968
2026-09-15 06:25:00,252.03,252.03,252.03,252.03,100
2026-09-15 06:26:00,252.1,252.1,252.1,252.1,346
2026-09-15 06:29:00,252.31,252.31,252.31,252.31,100
2026-09-15 06:30:00,252.45,252.45,252.45,252.45,121
2026-09-15 06:31:00,252.45,252.45,252.45,252.45,210
2026-09-15 06:35:00,252.62,252.69,252.36,252.36,1917
2026-09-15 06:40:00,252.3242,252.45,252.3242,252.45,600
2026-09-15 06:41:00,252.45,252.45,252.45,252.45,112
2026-09-15 06:43:00,252.4,252.4,252.4,252.4,164
2026-09-15 06:46:00,252.8,252.8,252.8,252.8,398
2026-09-15 06:56:00,252.53,252.53,252.53,252.53,175
2026-09-15 06:57:00,252.5,252.5,252.5,252.5,200
2026-09-15 06:59:00,252.62,252.62,252.62,252.62,100
2026-09-15 07:00:00,252.41,252.5,252.41,252.41,1278
2026-09-15 07:02:00,252.5,252.5,252.5,252.5,117
2026-09-15 07:03:00,252.6,252.6,252.6,252.6,149
2026-09-15 07:04:00,252.75,252.75,252.6944,252.6944,1050
2026-09-15 07:05:00,252.6,252.6,252.6,252.6,110
2026-09-15 07:06:00,252.6,252.61,252.6,252.61,1090
2026-09-15 07:07:00,252.75,252.75,252.75,252.75,200
2026-09-15 07:08:00,252.72,252.78,252.72,252.78,1414
2026-09-15 07:09:00,252.7756,252.8,252.76,252.8,1796
2026-09-15 07:10:00,252.83,252.96,252.8238,252.96,700
2026-09-15 07:11:00,252.9574,252.9574,252.9574,252.9574,158
2026-09-15 07:12:00,252.9605,252.98,252.9605,252.98,500
2026-09-15 07:14:00,252.98,252.98,252.98,252.98,100
2026-09-15 07:15:00,252.9,252.9,252.84,252.84,279
2026-09-15 07:16:00,252.98,252.98,252.85,252.85,1495
2026-09-15 07:17:00,252.89,252.89,252.82,252.82,500
2026-09-15 07:21:00,252.89,252.89,252.8,252.8,4366
2026-09-15 07:24:00,252.85,252.8835,252.82,252.8835,477
2026-09-15 07:25:00,252.8,252.82,252.7,252.7,643
2026-09-15 07:26:00,252.8014,252.81,252.7,252.72,550
2026-09-15 07:28:00,252.8,252.8,252.74,252.78,1617
2026-09-15 07:29:00,252.66,252.66,252.66,252.66,100
2026-09-15 07:30:00,252.7038,252.7038,252.7038,252.7038,100
2026-09-15 07:32:00,252.76,252.76,252.76,252.76,100
2026-09-15 07:33:00,252.66,252.82,252.66,252.82,950
2026-09-15 07:34:00,252.79,252.79,252.77,252.77,233
2026-09-15 07:35:00,252.9,252.97,252.9,252.97,1600
2026-09-15 07:36:00,252.99,253,252.99,253,1729
2026-09-15 07:39:00,253,253,253,253,133
2026-09-15 07:40:00,252.9,252.9,252.77,252.9,928
2026-09-15 07:41:00,252.7,252.7,252.7,252.7,100
2026-09-15 07:42:00,252.78,252.96,252.78,252.96,213
2026-09-15 07:43:00,252.98,253,252.98,253,200
2026-09-15 07:44:00,252.7907,252.7907,252.7907,252.7907,750
2026-09-15 07:47:00,253.0091,253.0091,253.0091,253.0091,100
2026-09-15 07:49:00,253,253,253,253,325
2026-09-15 07:50:00,253.04,253.08,253.04,253.08,202
2026-09-15 07:55:00,252.98,252.98,252.9798,252.9798,1587
2026-09-15 07:56:00,253,253,252.99,253,1793
2026-09-15 07:57:00,252.9802,252.9802,252.9802,252.9802,100
2026-09-15 07:58:00,253.05,253.05,252.96,252.96,300
2026-09-15 07:59:00,253,253,253,253,200
2026-09-15 08:00:00,252.9655,253.05,252.9655,253.05,300
2026-09-15 08:01:00,253.05,253.05,253.0055,253.0055,300
2026-09-15 08:03:00,252.95,252.95,252.89,252.91,2323
2026-09-15 08:04:00,252.88,252.88,252.88,252.88,100
2026-09-15 08:06:00,252.98,253,252.98,253,500
2026-09-15 08:07:00,253.14,253.14,253.14,253.14,130
2026-09-15 08:08:00,253.05,253.05,253.05,253.05,100
2026-09-15 08:09:00,253.1,253.1,253.1,253.1,100
2026-09-15 08:10:00,252.98,252.98,252.98,252.98,300
2026-09-15 08:11:00,253,253.14,253,253.14,10182
2026-09-15 08:12:00,253.1588,253.2,253.1588,253.2,995
2026-09-15 08:13:00,253.19,253.19,253.19,253.19,200
2026-09-15 08:14:00,253.01,253.01,253.01,253.01,179
2026-09-15 08:16:00,253.12,253.12,253.12,253.12,100
2026-09-15 08:17:00,253.11,253.1875,253.11,253.1875,775
2026-09-15 08:18:00,253.13,253.13,253.13,253.13,100
2026-09-15 08:19:00,253.157,253.157,253.157,253.157,100
2026-09-15 08:21:00,252.9742,252.9742,252.9742,252.9742,100
2026-09-15 08:22:00,253.06,253.06,253.0003,253.0003,805
2026-09-15 08:23:00,253.19,253.19,253.121,253.121,500
2026-09-15 08:24:00,253.01,253.01,252.95,252.95,3063
2026-09-15 08:25:00,253,253,253,253,700
2026-09-15 08:26:00,252.96,252.96,252.94,252.94,458
2026-09-15 08:29:00,252.9367,252.9367,252.9367,252.9367,112
2026-09-15 08:33:00,252.9,252.9,252.9,252.9,209
2026-09-15 08:34:00,253,253,253,253,300
2026-09-15 08:35:00,253.1,253.1,253.1,253.1,102
2026-09-15 08:37:00,253.0408,253.0408,253.0408,253.0408,100
2026-09-15 08:38:00,253.05,253.05,253.05,253.05,400
2026-09-15 08:39:00,253.0122,253.0122,253.0122,253.0122,200
2026-09-15 08:40:00,253.02,253.02,253,253,1128
2026-09-15 08:42:00,252.86,252.86,252.86,252.86,133
2026-09-15 08:44:00,253,253.0473,253,253.0473,565
2026-09-15 08:46:00,252.96,252.96,252.75,252.75,3095
2026-09-15 08:47:00,252.8,253,252.8,253,1463
2026-09-15 08:48:00,253.09,253.25,253.09,253.25,1844
2026-09-15 08:49:00,253.25,253.25,253.1,253.1,712
2026-09-15 08:53:00,253.1,253.24,253.1,253.24,500
2026-09-15 08:54:00,253.1824,253.19,253.1824,253.19,790
2026-09-15 08:55:00,253.11,253.13,252.97,253.05,1586
2026-09-15 08:56:00,253,253,252.9,252.9,572
2026-09-15 08:57:00,252.73,252.82,252.72,252.82,1041
2026-09-15 08:59:00,252.8785,252.8785,252.8,252.8,500
2026-09-15 09:00:00,252.75,252.7835,252.7332,252.7835,700
2026-09-15 09:02:00,252.722,252.81,252.7,252.7,1284
2026-09-15 09:03:00,252.6604,252.6604,252.66,252.66,225
2026-09-15 09:05:00,252.9,252.9,252.9,252.9,200
2026-09-15 09:07:00,252.8773,252.89,252.84,252.8761,2232
2026-09-15 09:08:00,252.8759,252.89,252.8759,252.89,350
2026-09-15 09:09:00,252.8139,252.8139,252.75,252.8,2626
2026-09-15 09:11:00,252.75,252.8021,252.66,252.66,1836
2026-09-15 09:12:00,252.6,252.67,252.6,252.67,5244
2026-09-15 09:13:00,252.6,252.65,252.6,252.6,1463
2026-09-15 09:14:00,252.6,252.6,252.55,252.55,450
2026-09-15 09:15:00,252.5,252.5,252.47,252.47,4632
2026-09-15 09:16:00,252.6386,252.6386,252.6,252.6,444
2026-09-15 09:17:00,252.6,252.63,252.6,252.63,270
2026-09-15 09:18:00,252.7056,252.76,252.6,252.76,1320
2026-09-15 09:19:00,252.59,252.6219,252.55,252.55,739
2026-09-15 09:20:00,252.6,252.67,252.561,252.67,568
2026-09-15 09:21:00,252.68,252.68,252.62,252.68,5885
2026-09-15 09:22:00,252.68,252.69,252.66,252.66,1026
2026-09-15 09:23:00,252.6693,252.6693,252.6,252.66,1428
2026-09-15 09:24:00,252.7,252.7097,252.69,252.69,466
2026-09-15 09:25:00,252.66,252.66,252.5,252.56,1713
2026-09-15 09:26:00,252.72,252.72,252.53,252.55,920
2026-09-15 09:27:00,252.53,252.53,252.18,252.18,5396
2026-09-15 09:28:00,252.22,252.39,252.18,252.3,3531
2026-09-15 09:29:00,252.25,252.51,252.25,252.34,1808
2026-09-15 09:30:00,252.34,253.25,252.05,252.74,625226
2026-09-15 09:31:00,252.685,252.87,252.07,252.12,126443
2026-09-15 09:32:00,252.19,252.5,252.05,252.1,62546
2026-09-15 09:33:00,252.1451,252.335,251.76,251.91,122346
2026-09-15 09:34:00,251.9,252.376,251.78,252.36,52813
2026-09-15 09:35:00,252.38,252.9051,252.12,252.86,112535
2026-09-15 09:36:00,252.855,252.88,252.455,252.76,89619
2026-09-15 09:37:00,252.79,252.92,252.615,252.63,58053
2026-09-15 09:38:00,252.615,252.91,252.42,252.8108,59122
2026-09-15 09:39:00,252.81,253.13,252.55,252.69,100727
2026-09-15 09:40:00,252.71,252.99,252.53,252.99,55575
2026-09-15 09:41:00,252.95,253.05,252.82,252.96,46394
2026-09-15 09:42:00,252.96,252.98,252.62,252.74,56328
2026-09-15 09:43:00,252.74,253.11,252.72,252.85,78348
2026-09-15 09:44:00,252.835,253.16,252.765,253.073,46796
2026-09-15 09:45:00,253.08,253.15,252.66,252.66,69856
2026-09-15 09:46:00,252.66,252.88,252.54,252.71,61981
2026-09-15 09:47:00,252.68,252.79,252.5,252.59,33831
2026-09-15 09:48:00,252.59,252.92,252.52,252.855,30417
2026-09-15 09:49:00,252.83,253.1518,252.8101,252.92,58127
2026-09-15 09:50:00,252.92,253.23,252.9002,253.12,114285
2026-09-15 09:51:00,253.1,253.2399,252.87,253.145,63136
2026-09-15 09:52:00,253.16,253.27,252.92,253.1,33842
2026-09-15 09:53:00,253.071,253.13,252.54,252.695,43059
2026-09-15 09:54:00,252.695,252.7668,252.64,252.6583,24839
2026-09-15 09:55:00,252.62,252.675,252.26,252.3188,83218
2026-09-15 09:56:00,252.3285,252.39,252.05,252.06,64993
2026-09-15 09:57:00,252.078,252.46,252,252.2,31069
2026-09-15 09:58:00,252.2,252.32,252.04,252.15,60635
2026-09-15 09:59:00,252.12,252.26,252.05,252.23,29412
2026-09-15 10:00:00,252.15,252.16,251.43,251.465,226649
2026-09-15 10:01:00,251.445,251.52,251.22,251.335,118343
2026-09-15 10:02:00,251.31,251.44,251.04,251.09,92344
2026-09-15 10:03:00,251.12,251.34,251.0101,251.0303,120471
2026-09-15 10:04:00,251.05,251.07,250.73,250.74,127234
2026-09-15 10:05:00,250.745,250.83,250.3804,250.425,99190
2026-09-15 10:06:00,250.425,250.79,250.4,250.57,83624
2026-09-15 10:07:00,250.58,250.61,250.21,250.29,110474
2026-09-15 10:08:00,250.29,250.38,250.03,250.085,105308
2026-09-15 10:09:00,250.1,250.21,250.02,250.185,92262
2026-09-15 10:10:00,250.18,250.35,249.99,250.125,233116
2026-09-15 10:11:00,250.13,250.1638,249.95,250.0984,83489
2026-09-15 10:12:00,250.0981,250.265,250.02,250.08,71045
2026-09-15 10:13:00,250.08,250.13,249.94,249.9501,57138
2026-09-15 10:14:00,249.96,250.11,249.82,249.885,117246
2026-09-15 10:15:00,249.875,250.1694,249.865,250.09,77761
2026-09-15 10:16:00,250.095,250.33,250.03,250.1902,65309
2026-09-15 10:17:00,250.19,250.26,250.0705,250.125,35881
2026-09-15 10:18:00,250.0801,250.19,250.01,250.12,41604
2026-09-15 10:19:00,250.12,250.18,249.9175,249.9401,44941
2026-09-15 10:20:00,249.97,249.98,249.61,249.66,123158
2026-09-15 10:21:00,249.67,249.76,249.46,249.46,130356
2026-09-15 10:22:00,249.485,249.64,249.41,249.43,69554
2026-09-15 10:23:00,249.4183,249.4183,249.12,249.125,90546
2026-09-15 10:24:00,249.125,249.5193,249.12,249.4772,66812
2026-09-15 10:25:00,249.4726,249.7599,249.45,249.595,123502
2026-09-15 10:26:00,249.61,249.913,249.55,249.86,69381
2026-09-15 10:27:00,249.83,249.885,249.68,249.73,45734
2026-09-15 10:28:00,249.73,249.78,249.63,249.735,36021
2026-09-15 10:29:00,249.72,249.73,249.5501,249.6,61021
2026-09-15 10:30:00,249.585,249.68,249.36,249.41,79177
2026-09-15 10:31:00,249.41,249.47,249.26,249.31,56797
2026-09-15 10:32:00,249.28,249.33,249.18,249.2,46333
2026-09-15 10:33:00,249.195,249.4,249.078,249.16,87796
2026-09-15 10:34:00,249.17,249.1899,249.02,249.075,116860
2026-09-15 10:35:00,249.06,249.41,249.05,249.39,80904
2026-09-15 10:36:00,249.385,249.4,249.25,249.26,59221
2026-09-15 10:37:00,249.285,249.3099,249.06,249.0812,44877
2026-09-15 10:38:00,249.08,249.21,249.08,249.18,42450
2026-09-15 10:39:00,249.17,249.22,249.1,249.17,50494
2026-09-15 10:40:00,249.165,249.1799,248.92,248.97,123651
2026-09-15 10:41:00,248.97,249.01,248.87,248.965,55442
2026-09-15 10:42:00,248.965,248.9999,248.9,248.96,43489
2026-09-15 10:43:00,248.965,249.04,248.79,248.8,71866
2026-09-15 10:44:00,248.795,248.92,248.75,248.88,62881
2026-09-15 10:45:00,248.875,249,248.85,248.875,58327
2026-09-15 10:46:00,248.87,248.94,248.67,248.825,66359
2026-09-15 10:47:00,248.82,248.83,248.58,248.7301,88250
2026-09-15 10:48:00,248.74,248.81,248.65,248.6899,43143
2026-09-15 10:49:00,248.68,248.79,248.59,248.6,37491
2026-09-15 10:50:00,248.58,248.68,248.5,248.66,70321
2026-09-15 10:51:00,248.69,248.77,248.435,248.62,91524
2026-09-15 10:52:00,248.59,248.67,248.55,248.59,58238
2026-09-15 10:53:00,248.62,248.62,248.46,248.52,62918
2026-09-15 10:54:00,248.55,248.69,248.51,248.63,48013
2026-09-15 10:55:00,248.62,248.7399,248.61,248.635,44814
2026-09-15 10:56:00,248.66,248.78,248.62,248.7408,48146
2026-09-15 10:57:00,248.76,248.78,248.65,248.73,38189
2026-09-15 10:58:00,248.73,248.75,248.52,248.54,59156
2026-09-15 10:59:00,248.5599,248.605,248.45,248.49,96606
2026-09-15 11:00:00,248.51,248.62,248.495,248.54,51936
2026-09-15 11:01:00,248.55,248.605,248.47,248.59,57621
2026-09-15 11:02:00,248.59,248.62,248.5,248.608,41984
2026-09-15 11:03:00,248.6,248.62,248.515,248.62,25012
2026-09-15 11:04:00,248.58,248.67,248.53,248.62,31802
2026-09-15 11:05:00,248.635,248.73,248.55,248.625,41864
2026-09-15 11:06:00,248.61,248.655,248.48,248.54,91065
2026-09-15 11:07:00,248.55,248.81,248.49,248.78,76788
2026-09-15 11:08:00,248.7701,248.84,248.7,248.78,71116
2026-09-15 11:09:00,248.8196,248.86,248.78,248.825,44169
2026-09-15 11:10:00,248.825,249.0699,248.8101,248.95,64759
2026-09-15 11:11:00,248.96,249.16,248.96,249.07,64300
2026-09-15 11:12:00,249.0401,249.05,248.83,248.875,44492
2026-09-15 11:13:00,248.85,248.94,248.785,248.86,32916
2026-09-15 11:14:00,248.86,248.93,248.84,248.9099,54438
2026-09-15 11:15:00,248.89,248.98,248.875,248.96,53851
2026-09-15 11:16:00,248.9401,249.02,248.88,248.99,68542
2026-09-15 11:17:00,248.99,249.09,248.9,248.94,51912
2026-09-15 11:18:00,248.93,249.02,248.805,248.94,42472
2026-09-15 11:19:00,248.91,248.96,248.76,248.83,40709
2026-09-15 11:20:00,248.81,248.835,248.72,248.825,58058
2026-09-15 11:21:00,248.83,248.84,248.69,248.745,39169
2026-09-15 11:22:00,248.745,248.95,248.745,248.83,34642
2026-09-15 11:23:00,248.84,248.94,248.82,248.92,22553
2026-09-15 11:24:00,248.92,248.939,248.79,248.87,39004
2026-09-15 11:25:00,248.88,248.91,248.71,248.72,26134
2026-09-15 11:26:00,248.73,248.86,248.56,248.8,56078
2026-09-15 11:27:00,248.8,248.93,248.715,248.91,48186
2026-09-15 11:28:00,248.91,248.9417,248.78,248.87,39436
2026-09-15 11:29:00,248.875,248.95,248.8,248.815,48000
2026-09-15 11:30:00,248.815,248.8685,248.705,248.81,43668
2026-09-15 11:31:00,248.83,248.9152,248.735,248.75,21769
2026-09-15 11:32:00,248.77,248.865,248.7,248.865,24603
2026-09-15 11:33:00,248.865,248.92,248.805,248.81,24932
2026-09-15 11:34:00,248.79,249,248.7501,248.97,33672
2026-09-15 11:35:00,248.99,249.1,248.96,248.99,26128
2026-09-15 11:36:00,248.96,249.0399,248.91,248.985,33048
2026-09-15 11:37:00,249,249.03,248.9201,248.96,43638
2026-09-15 11:38:00,248.955,249,248.94,248.97,15239
2026-09-15 11:39:00,248.95,248.99,248.87,248.91,17479
2026-09-15 11:40:00,248.91,249.17,248.895,249.1629,22114
2026-09-15 11:41:00,249.18,249.25,249.1,249.195,56032
2026-09-15 11:42:00,249.2014,249.23,249.06,249.13,60888
2026-09-15 11:43:00,249.1,249.18,249.0801,249.16,30452
2026-09-15 11:44:00,249.17,249.25,249.0635,249.09,76349
2026-09-15 11:45:00,249.07,249.14,249.04,249.11,11915
2026-09-15 11:46:00,249.11,249.23,249.06,249.22,53476
2026-09-15 11:47:00,249.2263,249.24,249.05,249.11,53512
2026-09-15 11:48:00,249.11,249.1639,249.0705,249.11,15615
2026-09-15 11:49:00,249.095,249.1,248.98,248.98,42799
2026-09-15 11:50:00,248.99,249.19,248.94,249.115,42405
2026-09-15 11:51:00,249.12,249.17,249.05,249.1,13585
2026-09-15 11:52:00,249.12,249.14,249.0301,249.0701,19942
2026-09-15 11:53:00,249.09,249.277,249.08,249.265,79002
2026-09-15 11:54:00,249.2644,249.28,249.14,249.18,52413
2026-09-15 11:55:00,249.21,249.61,249.1,249.48,103865
2026-09-15 11:56:00,249.48,249.56,249.36,249.395,100764
2026-09-15 11:57:00,249.395,249.7,249.395,249.67,115728
2026-09-15 11:58:00,249.6799,249.74,249.61,249.64,37483
2026-09-15 11:59:00,249.65,249.73,249.62,249.63,36307
2026-09-15 12:00:00,249.665,249.675,249.3601,249.44,33133
2026-09-15 12:01:00,249.49,249.675,249.44,249.61,55434
2026-09-15 12:02:00,249.61,249.67,249.54,249.551,33525
2026-09-15 12:03:00,249.56,249.56,249.34,249.35,42325
2026-09-15 12:04:00,249.365,249.575,249.365,249.56,24104
2026-09-15 12:05:00,249.575,249.58,249.09,249.112,59387
2026-09-15 12:06:00,249.11,249.2599,249.1,249.2233,23490
2026-09-15 12:07:00,249.22,249.22,249.05,249.1,40534
2026-09-15 12:08:00,249.09,249.1,248.84,248.88,67485
2026-09-15 12:09:00,248.8899,248.92,248.79,248.9076,56937
2026-09-15 12:10:00,248.91,249.0499,248.8705,248.94,33013
2026-09-15 12:11:00,248.93,249.16,248.91,249.15,34285
2026-09-15 12:12:00,249.17,249.2582,249.05,249.06,28019
2026-09-15 12:13:00,249.06,249.085,248.99,249.085,44442
2026-09-15 12:14:00,249.08,249.095,249.01,249.0701,21132
2026-09-15 12:15:00,249.095,249.145,249.0101,249.05,19859
2026-09-15 12:16:00,249.03,249.05,248.88,249.0174,27159
2026-09-15 12:17:00,249.02,249.075,248.99,249.065,27848
2026-09-15 12:18:00,249.065,249.115,248.99,249.075,20533
2026-09-15 12:19:00,249.08,249.19,249.07,249.15,19785
2026-09-15 12:20:00,249.1699,249.2,249.09,249.18,23114
2026-09-15 12:21:00,249.2,249.3,249.2,249.275,26598
2026-09-15 12:22:00,249.28,249.3398,249.26,249.31,25533
2026-09-15 12:23:00,249.31,249.525,249.31,249.475,45659
2026-09-15 12:24:00,249.45,249.54,249.365,249.54,35891
2026-09-15 12:25:00,249.515,249.515,249.395,249.48,32192
2026-09-15 12:26:00,249.46,249.5,249.4,249.43,18931
2026-09-15 12:27:00,249.41,249.46,249.39,249.4599,24596
2026-09-15 12:28:00,249.43,249.46,249.39,249.43,37328
2026-09-15 12:29:00,249.42,249.42,249.27,249.32,39591
2026-09-15 12:30:00,249.32,249.38,249.2818,249.3105,23612
2026-09-15 12:31:00,249.335,249.37,249.3,249.36,29469
2026-09-15 12:32:00,249.34,249.48,249.33,249.47,39816
2026-09-15 12:33:00,249.465,249.48,249.405,249.41,21018
2026-09-15 12:34:00,249.4,249.41,249.3301,249.38,24203
2026-09-15 12:35:00,249.382,249.445,249.3201,249.4005,18324
2026-09-15 12:36:00,249.4,249.46,249.3501,249.41,27680
2026-09-15 12:37:00,249.42,249.44,249.33,249.35,24682
2026-09-15 12:38:00,249.355,249.4099,249.265,249.265,25655
2026-09-15 12:39:00,249.265,249.3,249.2301,249.285,25397
2026-09-15 12:40:00,249.28,249.29,249.15,249.19,35480
2026-09-15 12:41:00,249.19,249.315,249.18,249.29,12256
2026-09-15 12:42:00,249.29,249.33,249.2,249.21,19104
2026-09-15 12:43:00,249.2,249.2,249.09,249.15,37530
2026-09-15 12:44:00,249.165,249.18,248.9801,249.105,46894
2026-09-15 12:45:00,249.105,249.19,249.09,249.13,29081
2026-09-15 12:46:00,249.13,249.19,249.11,249.145,21179
2026-09-15 12:47:00,249.14,249.16,249.045,249.09,20961
2026-09-15 12:48:00,249.09,249.11,248.94,248.97,33437
2026-09-15 12:49:00,248.98,249.05,248.74,248.75,91648
2026-09-15 12:50:00,248.77,248.95,248.7401,248.895,62767
2026-09-15 12:51:00,248.9,249.12,248.87,249.04,25126
2026-09-15 12:52:00,249.04,249.2,249.025,249.19,24240
2026-09-15 12:53:00,249.21,249.33,249.17,249.305,37678
2026-09-15 12:54:00,249.33,249.41,249.27,249.27,27236
2026-09-15 12:55:00,249.3275,249.405,249.32,249.33,22342
2026-09-15 12:56:00,249.33,249.35,249.185,249.23,19136
2026-09-15 12:57:00,249.23,249.26,249.2,249.25,19314
2026-09-15 12:58:00,249.225,249.27,249.186,249.265,11829
2026-09-15 12:59:00,249.275,249.38,249.235,249.3605,18834
2026-09-15 13:00:00,249.3725,249.45,249.2705,249.28,24289
2026-09-15 13:01:00,249.3,249.33,249.23,249.31,19724
2026-09-15 13:02:00,249.3138,249.3138,249.05,249.105,29799
2026-09-15 13:03:00,249.105,249.17,249.075,249.16,16348
2026-09-15 13:04:00,249.16,249.1799,249.03,249.08,25671
2026-09-15 13:05:00,249.085,249.18,249.055,249.105,28037
2026-09-15 13:06:00,249.105,249.18,249.09,249.125,16275
2026-09-15 13:07:00,249.125,249.1747,249.11,249.135,18702
2026-09-15 13:08:00,249.14,249.2605,249.14,249.224,21922
2026-09-15 13:09:00,249.23,249.26,249.16,249.235,10149
2026-09-15 13:10:00,249.235,249.3,249.21,249.26,22097
2026-09-15 13:11:00,249.27,249.31,249.19,249.19,17010
2026-09-15 13:12:00,249.18,249.1852,249.075,249.075,17037
2026-09-15 13:13:00,249.062,249.235,249.0617,249.235,25923
2026-09-15 13:14:00,249.235,249.25,248.975,249.016,34227
2026-09-15 13:15:00,249.01,249.04,248.975,248.99,23556
2026-09-15 13:16:00,248.985,248.985,248.8213,248.85,39302
2026-09-15 13:17:00,248.88,248.88,248.8,248.855,9404
2026-09-15 13:18:00,248.84,248.84,248.68,248.775,41087
2026-09-15 13:19:00,248.79,248.8706,248.76,248.835,23139
2026-09-15 13:20:00,248.875,248.89,248.8,248.8499,22329
2026-09-15 13:21:00,248.83,248.88,248.8,248.84,13625
2026-09-15 13:22:00,248.82,248.84,248.68,248.74,35180
2026-09-15 13:23:00,248.7301,248.7593,248.58,248.6075,29684
2026-09-15 13:24:00,248.6,248.62,248.48,248.48,60022
2026-09-15 13:25:00,248.48,248.59,248.48,248.56,25207
2026-09-15 13:26:00,248.575,248.619,248.505,248.525,16788
2026-09-15 13:27:00,248.51,248.5899,248.5,248.52,16497
2026-09-15 13:28:00,248.515,248.57,248.31,248.365,46882
2026-09-15 13:29:00,248.3673,248.4799,248.3,248.4299,37738
2026-09-15 13:30:00,248.44,248.53,248.38,248.38,44880
2026-09-15 13:31:00,248.39,248.61,248.36,248.6,23111
2026-09-15 13:32:00,248.6099,248.71,248.58,248.69,28117
2026-09-15 13:33:00,248.685,248.72,248.57,248.64,36881
2026-09-15 13:34:00,248.645,248.66,248.57,248.57,23902
2026-09-15 13:35:00,248.56,248.71,248.53,248.67,20387
2026-09-15 13:36:00,248.67,248.67,248.58,248.595,13466
2026-09-15 13:37:00,248.585,248.695,248.49,248.65,64686
2026-09-15 13:38:00,248.63,248.8,248.615,248.745,45086
2026-09-15 13:39:00,248.75,248.77,248.49,248.58,30279
2026-09-15 13:40:00,248.56,248.59,248.52,248.565,21908
2026-09-15 13:41:00,248.55,248.56,248.45,248.48,31746
2026-09-15 13:42:00,248.52,248.55,248.45,248.52,17439
2026-09-15 13:43:00,248.53,248.55,248.41,248.49,22909
2026-09-15 13:44:00,248.49,248.5699,248.47,248.49,18560
2026-09-15 13:45:00,248.5,248.5,248.34,248.37,23365
2026-09-15 13:46:00,248.35,248.39,248.32,248.345,27605
2026-09-15 13:47:00,248.36,248.47,248.35,248.46,21548
2026-09-15 13:48:00,248.465,248.55,248.44,248.47,26006
2026-09-15 13:49:00,248.4627,248.52,248.44,248.4748,12023
2026-09-15 13:50:00,248.48,248.53,248.45,248.53,10387
2026-09-15 13:51:00,248.535,248.56,248.485,248.535,21276
2026-09-15 13:52:00,248.54,248.59,248.49,248.59,24890
2026-09-15 13:53:00,248.565,248.66,248.55,248.6,35176
2026-09-15 13:54:00,248.6,248.77,248.585,248.77,22598
2026-09-15 13:55:00,248.75,248.76,248.63,248.729,31573
2026-09-15 13:56:00,248.74,248.83,248.74,248.8,37819
2026-09-15 13:57:00,248.79,248.8999,248.78,248.885,28256
2026-09-15 13:58:00,248.9,248.91,248.69,248.75,33043
2026-09-15 13:59:00,248.71,248.71,248.57,248.62,22215
2026-09-15 14:00:00,248.625,248.72,248.53,248.62,21747
2026-09-15 14:01:00,248.62,248.68,248.61,248.635,12784
2026-09-15 14:02:00,248.64,248.72,248.62,248.62,18139
2026-09-15 14:03:00,248.63,248.6629,248.58,248.64,18035
2026-09-15 14:04:00,248.65,248.69,248.62,248.69,13533
2026-09-15 14:05:00,248.69,248.695,248.62,248.655,21266
2026-09-15 14:06:00,248.6469,248.72,248.6469,248.705,11044
2026-09-15 14:07:00,248.705,248.76,248.67,248.7375,18246
2026-09-15 14:08:00,248.73,248.75,248.575,248.575,25172
2026-09-15 14:09:00,248.575,248.66,248.56,248.66,21794
2026-09-15 14:10:00,248.68,248.79,248.65,248.765,41662
2026-09-15 14:11:00,248.77,248.87,248.765,248.85,21286
2026-09-15 14:12:00,248.8699,248.89,248.83,248.876,15598
2026-09-15 14:13:00,248.8761,249,248.875,248.93,29704
2026-09-15 14:14:00,248.93,248.9844,248.8805,248.8805,34974
2026-09-15 14:15:00,248.915,248.92,248.74,248.78,37324
2026-09-15 14:16:00,248.76,248.76,248.56,248.595,28929
2026-09-15 14:17:00,248.57,248.7,248.54,248.67,57072
2026-09-15 14:18:00,248.65,248.78,248.61,248.67,47968
2026-09-15 14:19:00,248.67,248.76,248.66,248.71,13244
2026-09-15 14:20:00,248.715,248.73,248.64,248.6869,21622
2026-09-15 14:21:00,248.685,248.79,248.683,248.76,24786
2026-09-15 14:22:00,248.76,248.7745,248.61,248.645,18931
2026-09-15 14:23:00,248.655,248.74,248.62,248.685,16287
2026-09-15 14:24:00,248.6775,248.75,248.67,248.72,18972
2026-09-15 14:25:00,248.735,248.74,248.665,248.705,17936
2026-09-15 14:26:00,248.69,248.8,248.6301,248.73,61611
2026-09-15 14:27:00,248.72,248.74,248.65,248.67,16205
2026-09-15 14:28:00,248.67,248.7234,248.58,248.615,15709
2026-09-15 14:29:00,248.64,248.68,248.48,248.68,78481
2026-09-15 14:30:00,248.705,248.7125,248.55,248.55,31290
2026-09-15 14:31:00,248.56,248.67,248.46,248.61,42434
2026-09-15 14:32:00,248.6275,248.74,248.59,248.605,32670
2026-09-15 14:33:00,248.59,248.6075,248.51,248.585,29481
2026-09-15 14:34:00,248.59,248.63,248.5,248.525,37698
2026-09-15 14:35:00,248.53,248.67,248.525,248.655,54775
2026-09-15 14:36:00,248.655,248.6699,248.54,248.605,34168
2026-09-15 14:37:00,248.605,248.68,248.575,248.61,37228
2026-09-15 14:38:00,248.609,248.76,248.59,248.685,32999
2026-09-15 14:39:00,248.685,248.69,248.57,248.57,16429
2026-09-15 14:40:00,248.585,248.6199,248.5382,248.57,28687
2026-09-15 14:41:00,248.57,248.82,248.49,248.73,48968
2026-09-15 14:42:00,248.73,248.77,248.6,248.65,21972
2026-09-15 14:43:00,248.65,248.65,248.53,248.54,16781
2026-09-15 14:44:00,248.555,248.58,248.35,248.355,52945
2026-09-15 14:45:00,248.355,248.39,248.16,248.23,89182
2026-09-15 14:46:00,248.23,248.28,248.19,248.2,36415
2026-09-15 14:47:00,248.21,248.385,248.15,248.365,32255
2026-09-15 14:48:00,248.37,248.53,248.37,248.43,23760
2026-09-15 14:49:00,248.45,248.45,248.16,248.16,16381
2026-09-15 14:50:00,248.15,248.2348,248.09,248.125,38346
2026-09-15 14:51:00,248.13,248.15,247.9,247.94,122282
2026-09-15 14:52:00,247.935,248.07,247.935,248,30383
2026-09-15 14:53:00,247.99,248.03,247.9109,247.98,34417
2026-09-15 14:54:00,247.98,248.0099,247.88,247.915,44841
2026-09-15 14:55:00,247.92,247.93,247.71,247.725,48567
2026-09-15 14:56:00,247.735,247.78,247.64,247.765,61972
2026-09-15 14:57:00,247.765,247.86,247.74,247.8,41592
2026-09-15 14:58:00,247.82,247.9,247.77,247.84,37873
2026-09-15 14:59:00,247.86,247.9299,247.84,247.91,48797
2026-09-15 15:00:00,247.89,247.89,247.79,247.835,26261
2026-09-15 15:01:00,247.82,247.86,247.78,247.86,34327
2026-09-15 15:02:00,247.865,247.92,247.84,247.92,31247
2026-09-15 15:03:00,247.9,247.93,247.85,247.855,33233
2026-09-15 15:04:00,247.87,247.8999,247.82,247.86,19786
2026-09-15 15:05:00,247.86,248.12,247.86,248.06,41398
2026-09-15 15:06:00,248.06,248.105,248.04,248.105,32716
2026-09-15 15:07:00,248.095,248.16,248.085,248.135,28900
2026-09-15 15:08:00,248.1399,248.36,248.11,248.24,61504
2026-09-15 15:09:00,248.228,248.29,248.17,248.2,36007
2026-09-15 15:10:00,248.215,248.23,248.13,248.195,53740
2026-09-15 15:11:00,248.195,248.21,248.05,248.095,52260
2026-09-15 15:12:00,248.095,248.155,248.07,248.155,24270
2026-09-15 15:13:00,248.155,248.23,248.09,248.23,35738
2026-09-15 15:14:00,248.21,248.3,248.2,248.22,27233
2026-09-15 15:15:00,248.215,248.26,248.1346,248.16,29193
2026-09-15 15:16:00,248.16,248.18,248.02,248.095,40651
2026-09-15 15:17:00,248.08,248.15,248.05,248.125,41315
2026-09-15 15:18:00,248.125,248.185,248.11,248.175,23265
2026-09-15 15:19:00,248.175,248.235,248.145,248.15,27537
2026-09-15 15:20:00,248.14,248.16,248.022,248.025,42231
2026-09-15 15:21:00,248.03,248.055,247.93,247.98,38718
2026-09-15 15:22:00,247.97,247.9999,247.91,247.94,28502
2026-09-15 15:23:00,247.935,248.03,247.92,247.965,30460
2026-09-15 15:24:00,247.965,247.97,247.87,247.92,28480
2026-09-15 15:25:00,247.92,247.93,247.79,247.79,45685
2026-09-15 15:26:00,247.8,247.87,247.72,247.845,60100
2026-09-15 15:27:00,247.845,247.87,247.8,247.84,37639
2026-09-15 15:28:00,247.825,247.855,247.725,247.785,45676
2026-09-15 15:29:00,247.79,247.81,247.74,247.785,32881
2026-09-15 15:30:00,247.77,247.84,247.72,247.775,36081
2026-09-15 15:31:00,247.76,247.86,247.75,247.835,45647
2026-09-15 15:32:00,247.82,247.95,247.815,247.92,59526
2026-09-15 15:33:00,247.92,248.0497,247.855,247.985,67662
2026-09-15 15:34:00,247.985,248.0884,247.915,248.085,41591
2026-09-15 15:35:00,248.1,248.105,247.965,248.0161,38141
2026-09-15 15:36:00,248.02,248.11,248.02,248.09,42984
2026-09-15 15:37:00,248.11,248.1312,248.005,248.06,35513
2026-09-15 15:38:00,248.06,248.06,247.94,248.015,42903
2026-09-15 15:39:00,248.015,248.08,248,248.08,33366
2026-09-15 15:40:00,248.08,248.08,247.945,247.965,39125
2026-09-15 15:41:00,247.96,247.99,247.77,247.79,76915
2026-09-15 15:42:00,247.8,247.915,247.64,247.64,68520
2026-09-15 15:43:00,247.66,247.7799,247.655,247.68,67037
2026-09-15 15:44:00,247.68,247.76,247.6,247.75,60250
2026-09-15 15:45:00,247.765,247.765,247.62,247.62,85700
2026-09-15 15:46:00,247.65,247.69,247.36,247.37,89912
2026-09-15 15:47:00,247.37,247.47,247.28,247.455,90038
2026-09-15 15:48:00,247.4401,247.5,247.385,247.485,133091
2026-09-15 15:49:00,247.49,247.73,247.47,247.675,125871
2026-09-15 15:50:00,247.65,247.83,247.585,247.6,93203
2026-09-15 15:51:00,247.6,247.62,247.41,247.42,107820
2026-09-15 15:52:00,247.43,247.43,247.25,247.285,147128
2026-09-15 15:53:00,247.285,247.6,247.22,247.41,179592
2026-09-15 15:54:00,247.4,248.19,247.39,248.17,287063
2026-09-15 15:55:00,248.17,248.67,248.12,248.24,331286
2026-09-15 15:56:00,248.24,248.27,248.03,248.225,257356
2026-09-15 15:57:00,248.23,248.69,248.22,248.605,421922
2026-09-15 15:58:00,248.61,248.62,248.38,248.48,459990
2026-09-15 15:59:00,248.49,248.55,248.17,248.44,986449
2026-09-15 16:00:00,248.42,248.49,248.16,248.16,5678870
2026-09-15 16:01:00,248.42,248.51,248.36,248.36,10006
2026-09-15 16:02:00,248.4015,248.455,248.4015,248.42,1550
2026-09-15 16:03:00,248.42,248.42,248.4,248.42,887
2026-09-15 16:04:00,248.42,248.42,248.35,248.35,3938
2026-09-15 16:05:00,248.41,248.4487,248.41,248.4487,810
2026-09-15 16:06:00,248.326,248.326,248.3,248.3,600
2026-09-15 16:07:00,248.42,249.0927,248.42,248.49,1087
2026-09-15 16:08:00,248.49,248.5,248.4194,248.4194,475
2026-09-15 16:09:00,248.42,248.48,248.42,248.44,645
2026-09-15 16:10:00,248.46,248.53,248.435,248.53,14071
2026-09-15 16:11:00,248.43,248.5,248.43,248.5,500
2026-09-15 16:12:00,248.475,248.475,248.4,248.439,636
2026-09-15 16:13:00,248.44,248.5,248.44,248.5,1850
2026-09-15 16:14:00,248.42,248.6,248.42,248.56,9665
2026-09-15 16:15:00,248.56,248.65,248.56,248.65,2663
2026-09-15 16:16:00,248.6455,248.65,248.64,248.65,6224
2026-09-15 16:17:00,248.58,248.58,248.58,248.58,500
2026-09-15 16:18:00,248.5954,248.5954,248.55,248.55,3455
2026-09-15 16:19:00,248.58,248.58,248.58,248.58,200
2026-09-15 16:20:00,248.5233,248.5671,248.5233,248.5671,565
2026-09-15 16:21:00,248.55,248.55,248.548,248.55,532
2026-09-15 16:22:00,248.55,248.55,248.51,248.51,200
2026-09-15 16:23:00,248.5498,248.5498,248.5498,248.5498,100
2026-09-15 16:24:00,248.51,248.55,248.51,248.5162,3339
2026-09-15 16:25:00,248.51,248.51,248.5,248.5,1119
2026-09-15 16:26:00,248.42,248.46,248.42,248.46,2159
2026-09-15 16:27:00,248.2865,248.2865,248.2,248.2,220
2026-09-15 16:29:00,248.39,248.39,248.39,248.39,250
2026-09-15 16:30:00,248.38,248.3996,248.38,248.3907,815
2026-09-15 16:31:00,248.34,248.34,248.34,248.34,150
2026-09-15 16:32:00,248.37,248.38,248.37,248.38,350
2026-09-15 16:33:00,248.2763,248.2763,248.2763,248.2763,100
2026-09-15 16:34:00,248.42,248.42,248.2843,248.3,3045
2026-09-15 16:35:00,248.376,248.376,248.376,248.376,100
2026-09-15 16:36:00,248.385,248.385,248.21,248.21,1186
2026-09-15 16:37:00,248.36,248.42,248.36,248.42,2717
2026-09-15 16:38:00,248.4699,248.4699,248.42,248.42,700
2026-09-15 16:39:00,248.452,248.452,248.42,248.42,1403
2026-09-15 16:40:00,248.4369,248.4369,248.42,248.42,927
2026-09-15 16:43:00,248.4197,248.42,248.4197,248.42,2318
2026-09-15 16:44:00,248.4,248.4,248.39,248.39,2309
2026-09-15 16:45:00,248.41,248.43,248.25,248.25,450
2026-09-15 16:46:00,248.41,248.42,248.41,248.42,300
2026-09-15 16:47:00,248.39,248.43,248.39,248.39,741
2026-09-15 16:48:00,248.44,248.44,248.4135,248.4135,401
2026-09-15 16:49:00,248.4062,248.45,248.4062,248.45,200
2026-09-15 16:51:00,248.37,248.41,248.37,248.41,578
2026-09-15 16:52:00,248.28,248.3917,248.28,248.3917,278
2026-09-15 16:53:00,248.37,248.37,248.37,248.37,100
2026-09-15 16:56:00,248.44,248.44,248.42,248.42,209
2026-09-15 16:57:00,248.4491,248.45,248.4491,248.45,2441
2026-09-15 17:01:00,248.36,248.36,248.36,248.36,225
2026-09-15 17:02:00,248.3994,248.4,248.3994,248.4,1320
2026-09-15 17:03:00,248.43,248.43,248.43,248.43,119
2026-09-15 17:04:00,248.43,248.43,248.43,248.43,681
2026-09-15 17:06:00,248.44,248.45,248.44,248.44,700
2026-09-15 17:08:00,248.44,248.45,248.44,248.45,500
2026-09-15 17:09:00,248.44,248.45,248.44,248.44,3950
2026-09-15 17:11:00,248.38,248.38,248.38,248.38,500
2026-09-15 17:12:00,248.39,248.45,248.39,248.45,800
2026-09-15 17:13:00,248.45,248.45,248.45,248.45,346
2026-09-15 17:14:00,248.45,248.45,248.45,248.45,246
2026-09-15 17:16:00,248.415,248.415,248.4046,248.4046,305
2026-09-15 17:17:00,248.429,248.429,248.4,248.4,504
2026-09-15 17:18:00,248.3806,248.3969,248.3806,248.3969,475
2026-09-15 17:20:00,248.3845,248.4,248.3845,248.4,200
2026-09-15 17:21:00,248.3999,248.4,248.3999,248.4,200
2026-09-15 17:22:00,248.4,248.4,248.4,248.4,116
2026-09-15 17:24:00,248.43,248.43,248.43,248.43,300
2026-09-15 17:26:00,248.4299,248.4299,248.42,248.42,220
2026-09-15 17:28:00,248.4201,248.4201,248.4201,248.4201,2000
2026-09-15 17:29:00,248.42,248.42,248.42,248.42,116
2026-09-15 17:30:00,248.3232,248.44,248.3232,248.44,200
2026-09-15 17:31:00,248.44,248.44,248.42,248.42,735
2026-09-15 17:33:00,248.3044,248.3044,248.3044,248.3044,810
2026-09-15 17:34:00,248.3,248.3,248.3,248.3,2500
2026-09-15 17:37:00,248.3101,248.3101,248.3101,248.3101,300
2026-09-15 17:38:00,248.34,248.34,248.34,248.34,100
2026-09-15 17:39:00,248.33,248.33,248.3,248.32,765
2026-09-15 17:42:00,248.3566,248.4261,248.3566,248.4261,300
2026-09-15 17:43:00,248.395,248.395,248.395,248.395,100
2026-09-15 17:44:00,248.4,248.4,248.35,248.35,1750
2026-09-15 17:45:00,248.3669,248.3669,248.36,248.36,600
2026-09-15 17:46:00,248.3699,248.3699,248.369,248.369,450
2026-09-15 17:50:00,248.35,248.367,248.35,248.367,846
2026-09-15 17:51:00,248.3032,248.3038,248.3032,248.3038,380
2026-09-15 17:52:00,248.3682,248.3682,248.3682,248.3682,100
2026-09-15 17:53:00,248.3715,248.3715,248.3009,248.3009,300
2026-09-15 17:55:00,248.3004,248.3799,248.3004,248.3799,397
2026-09-15 17:56:00,248.3026,248.3026,248.3026,248.3026,300
2026-09-15 17:59:00,248.27,248.27,248.2,248.2,827
2026-09-15 18:00:00,248.25,248.25,248.25,248.25,100
2026-09-15 18:01:00,248.24,248.29,248.23,248.25,2676
2026-09-15 18:02:00,248.25,248.25,248.1,248.24,2900
2026-09-15 18:03:00,248.15,248.2,248.15,248.1518,600
2026-09-15 18:04:00,248.18,248.23,248.18,248.23,468
2026-09-15 18:05:00,248.25,248.25,248.1577,248.1577,452
2026-09-15 18:06:00,248.168,248.1938,248.168,248.1938,600
2026-09-15 18:09:00,248.1963,248.2,248.1963,248.2,1429
2026-09-15 18:10:00,248.18,248.18,248.18,248.18,248
2026-09-15 18:12:00,248.2,248.2,248.17,248.17,300
2026-09-15 18:14:00,248.17,248.18,248.11,248.17,607
2026-09-15 18:16:00,248.2,248.2,248.2,248.2,711
2026-09-15 18:17:00,248.3488,248.35,248.3488,248.35,200
2026-09-15 18:20:00,248.2028,248.2028,248.2028,248.2028,108
2026-09-15 18:21:00,248.2,248.2,248.2,248.2,100
2026-09-15 18:22:00,248.2458,248.25,248.2077,248.2077,742
2026-09-15 18:24:00,248.203,248.203,248.203,248.203,500
2026-09-15 18:28:00,248.2402,248.25,248.2402,248.25,305
2026-09-15 18:30:00,248.25,248.25,248.25,248.25,200
2026-09-15 18:31:00,248.23,248.23,248,248.13,1550
2026-09-15 18:34:00,248.19,248.2,248.19,248.2,378
2026-09-15 18:36:00,248.1706,248.28,248.162,248.25,1023
2026-09-15 18:37:00,248.25,248.25,248.25,248.25,313
2026-09-15 18:38:00,248.34,248.38,248.34,248.38,1609
2026-09-15 18:39:00,248.39,248.39,248.39,248.39,411
2026-09-15 18:40:00,248.38,248.3981,248.38,248.39,337
2026-09-15 18:41:00,248.39,248.44,248.39,248.4255,7341
2026-09-15 18:42:00,248.5,248.5,248.5,248.5,100
2026-09-15 18:45:00,248.5,248.5,248.4,248.4,512
2026-09-15 18:46:00,248.4,248.4,248.4,248.4,925
2026-09-15 18:49:00,248.4464,248.4464,248.4462,248.4462,600
2026-09-15 18:50:00,248.4065,248.4065,248.4065,248.4065,100
2026-09-15 18:51:00,248.4473,248.4473,248.41,248.41,239
2026-09-15 18:52:00,248.45,248.45,248.45,248.45,378
2026-09-15 18:55:00,248.4876,248.4876,248.4876,248.4876,200
2026-09-15 18:56:00,248.46,248.46,248.45,248.45,2171
2026-09-15 18:59:00,248.4201,248.49,248.4201,248.49,1300
2026-09-15 19:00:00,248.48,248.48,248.48,248.48,108
2026-09-15 19:03:00,248.4669,248.4669,248.4,248.42,2589
2026-09-15 19:04:00,248.47,248.47,248.43,248.43,200
2026-09-15 19:05:00,248.4,248.4,248.4,248.4,200
2026-09-15 19:06:00,248.43,248.43,248.43,248.43,100
2026-09-15 19:07:00,248.43,248.43,248.43,248.43,100
2026-09-15 19:10:00,248.45,248.45,248.45,248.45,154
2026-09-15 19:11:00,248.435,248.435,248.435,248.435,100
2026-09-15 19:13:00,248.4584,248.4584,248.4584,248.4584,100
2026-09-15 19:15:00,248.42,248.42,248.42,248.42,100
2026-09-15 19:16:00,248.4,248.4,248.3,248.3,765
2026-09-15 19:17:00,248.3852,248.3852,248.3852,248.3852,100
2026-09-15 19:19:00,248.3003,248.3003,248.3003,248.3003,3157
2026-09-15 19:20:00,248.3,248.3,248.3,248.3,600
2026-09-15 19:22:00,248.3,248.3,248.3,248.3,350
2026-09-15 19:23:00,248.28,248.28,248.28,248.28,143
2026-09-15 19:24:00,248.31,248.31,248.31,248.31,700
2026-09-15 19:25:00,248.29,248.29,248.29,248.29,100
2026-09-15 19:26:00,248.27,248.27,248.27,248.27,204
2026-09-15 19:27:00,248.28,248.28,248.28,248.28,228
2026-09-15 19:29:00,248.25,248.2624,248.2498,248.2498,1579
2026-09-15 19:30:00,248.24,248.24,248.24,248.24,100
2026-09-15 19:32:00,248.19,248.19,248.19,248.19,200
2026-09-15 19:33:00,248.18,248.18,248.17,248.17,243
2026-09-15 19:34:00,248.1559,248.1559,248.1559,248.1559,100
2026-09-15 19:35:00,248.15,248.16,248,248.16,1810
2026-09-15 19:36:00,248.1494,248.1494,248.1494,248.1494,350
2026-09-15 19:37:00,248.13,248.13,248.12,248.12,318
2026-09-15 19:38:00,248.11,248.11,248.11,248.11,100
2026-09-15 19:41:00,248.1,248.29,248.1,248.29,232
2026-09-15 19:42:00,248.3,248.3,248.2,248.2,452
2026-09-15 19:43:00,248.25,248.4,248.25,248.34,2323
2026-09-15 19:44:00,248.1934,248.1934,248.1934,248.1934,250
2026-09-15 19:46:00,248.3029,248.32,248.3029,248.31,2055
2026-09-15 19:47:00,248.3,248.3169,248.3,248.3169,1300
2026-09-15 19:48:00,248.33,248.33,248.33,248.33,272
2026-09-15 19:49:00,248.39,248.39,248.39,248.39,100
2026-09-15 19:51:00,248.42,248.42,248.42,248.42,100
2026-09-15 19:52:00,248.43,248.43,248.42,248.43,600
2026-09-15 19:53:00,248.44,248.44,248.44,248.44,511
2026-09-15 19:54:00,248.46,248.47,248.46,248.4699,700
2026-09-15 19:55:00,248.44,248.44,248.43,248.43,890
2026-09-15 19:56:00,248.431,248.431,248.42,248.42,1294
2026-09-15 19:57:00,248.4,248.4,248.3624,248.3624,200
2026-09-15 19:58:00,248.2606,248.2606,248.2606,248.2606,300
2026-09-15 19:59:00,248.35,248.35,248.35,248.35,250
2026-09-16 04:00:00,248.79,249,248.56,248.83,6901
2026-09-16 04:01:00,248.95,248.95,248.4,248.558,5187
2026-09-16 04:02:00,248.79,249,248.28,248.3016,6707
2026-09-16 04:03:00,248.48,248.48,248.48,248.48,271
2026-09-16 04:04:00,248.41,248.41,248.4,248.41,302
2026-09-16 04:05:00,248.4,248.4,248.34,248.35,1115
2026-09-16 04:06:00,248.36,248.42,248.36,248.42,1000
2026-09-16 04:09:00,248.43,248.43,248.43,248.43,100
2026-09-16 04:10:00,248.41,248.42,248.41,248.42,242
2026-09-16 04:12:00,248.3189,248.3189,248.3189,248.3189,200
2026-09-16 04:15:00,248.39,248.39,248.39,248.39,160
2026-09-16 04:17:00,248.41,248.43,248.41,248.43,2000
2026-09-16 04:22:00,248.56,248.56,248.56,248.56,180
2026-09-16 04:29:00,248.5089,248.5089,248.5089,248.5089,200
2026-09-16 04:30:00,248.6,248.6,248.6,248.6,495
2026-09-16 04:31:00,248.64,248.64,248.64,248.64,100
2026-09-16 04:32:00,248.58,248.58,248.58,248.58,100
2026-09-16 04:33:00,248.65,248.65,248.65,248.65,102
2026-09-16 04:39:00,248.7,248.7,248.7,248.7,100
2026-09-16 04:43:00,248.5,248.5,248.5,248.5,100
2026-09-16 04:45:00,248.56,248.56,248.56,248.56,100
2026-09-16 04:54:00,248.64,248.64,248.64,248.64,100
2026-09-16 04:57:00,248.68,248.68,248.68,248.68,100
2026-09-16 05:01:00,248.65,248.7,248.65,248.7,681
2026-09-16 05:03:00,248.6,248.73,248.6,248.73,229
2026-09-16 05:05:00,248.79,248.8,248.79,248.8,288
2026-09-16 05:11:00,248.75,248.77,248.75,248.77,600
2026-09-16 05:14:00,248.67,248.74,248.67,248.74,325
2026-09-16 05:18:00,248.6,248.6,248.6,248.6,225
2026-09-16 05:20:00,248.6,248.6,248.6,248.6,108
2026-09-16 05:21:00,248.67,248.7,248.67,248.7,780
2026-09-16 05:28:00,248.62,248.62,248.62,248.62,201
2026-09-16 05:33:00,248.79,248.79,248.79,248.79,100
2026-09-16 05:47:00,248.74,248.795,248.74,248.795,300
2026-09-16 05:53:00,248.83,248.83,248.82,248.82,600
2026-09-16 05:55:00,248.85,248.88,248.85,248.88,633
2026-09-16 05:56:00,248.88,248.88,248.8,248.8,1790
2026-09-16 05:59:00,248.82,248.84,248.82,248.84,995
2026-09-16 06:04:00,248.8,248.8,248.78,248.78,262
2026-09-16 06:12:00,248.95,248.95,248.95,248.95,200
2026-09-16 06:13:00,248.86,248.86,248.86,248.86,100
2026-09-16 06:15:00,248.95,248.98,248.95,248.96,626
2026-09-16 06:18:00,248.95,248.96,248.95,248.96,420
2026-09-16 06:19:00,248.98,248.98,248.98,248.98,300
2026-09-16 06:24:00,248.95,248.95,248.95,248.95,100
2026-09-16 06:25:00,248.9,248.9,248.9,248.9,107
2026-09-16 06:29:00,248.88,248.88,248.85,248.85,482
2026-09-16 06:30:00,248.85,248.9,248.85,248.9,1574
2026-09-16 06:31:00,248.83,248.83,248.83,248.83,100
2026-09-16 06:37:00,248.8895,248.8895,248.8895,248.8895,150
2026-09-16 06:39:00,248.88,248.88,248.88,248.88,100
2026-09-16 06:40:00,248.94,248.94,248.94,248.94,100
2026-09-16 06:44:00,248.94,248.94,248.94,248.94,100
2026-09-16 06:46:00,248.94,248.94,248.94,248.94,713
2026-09-16 06:48:00,248.88,248.9696,248.88,248.9696,200
2026-09-16 06:49:00,248.87,248.87,248.87,248.87,125
2026-09-16 06:50:00,248.9,248.9,248.9,248.9,100
2026-09-16 06:57:00,248.85,248.87,248.85,248.85,465
2026-09-16 06:59:00,248.9,249,248.9,249,800
2026-09-16 07:00:00,249.12,249.27,249.06,249.2,3157
2026-09-16 07:01:00,249.12,249.3,249.0264,249.1597,470
2026-09-16 07:02:00,249.1572,249.1572,249.1572,249.1572,1000
2026-09-16 07:03:00,248.94,248.94,248.94,248.94,177
2026-09-16 07:04:00,249,249,248.9944,249,450
2026-09-16 07:05:00,249.0504,249.0504,249.0504,249.0504,250
2026-09-16 07:06:00,248.9868,248.9868,248.9868,248.9868,120
2026-09-16 07:07:00,248.91,248.91,248.8653,248.9,1508
2026-09-16 07:08:00,248.9155,249.01,248.9,248.9,2911
2026-09-16 07:09:00,248.9,248.9,248.8914,248.9,1224
2026-09-16 07:10:00,248.9905,248.9905,248.9905,248.9905,100
2026-09-16 07:11:00,249,249,248.99,248.99,500
2026-09-16 07:13:00,248.99,249,248.99,249,214
2026-09-16 07:14:00,248.91,248.91,248.9,248.9,1094
2026-09-16 07:15:00,248.86,248.87,248.86,248.87,300
2026-09-16 07:17:00,248.82,248.82,248.82,248.82,203
2026-09-16 07:19:00,248.82,248.85,248.82,248.85,200
2026-09-16 07:20:00,248.85,248.85,248.85,248.85,100
2026-09-16 07:21:00,248.75,248.75,248.75,248.75,100
2026-09-16 07:22:00,248.8,248.8,248.7111,248.7111,300
2026-09-16 07:23:00,248.73,248.85,248.73,248.79,447
2026-09-16 07:24:00,248.7406,248.84,248.7406,248.84,898
2026-09-16 07:25:00,248.7981,248.8,248.7981,248.8,225
2026-09-16 07:26:00,248.8,248.879,248.8,248.8,1006
2026-09-16 07:27:00,248.83,248.83,248.83,248.83,261
2026-09-16 07:28:00,248.78,248.78,248.78,248.78,100
2026-09-16 07:29:00,248.7897,248.7897,248.72,248.72,1781
2026-09-16 07:30:00,248.75,249.01,248.75,248.95,9432
2026-09-16 07:31:00,248.92,249.03,248.92,248.96,2051
2026-09-16 07:32:00,249.01,249.01,248.98,249.01,1175
2026-09-16 07:33:00,249.0999,249.0999,249.05,249.05,300
2026-09-16 07:35:00,249,249.1,248.95,249.1,1027
2026-09-16 07:36:00,249.04,249.1,249.04,249.1,729
2026-09-16 07:37:00,249.1,249.12,249.1,249.12,5322
2026-09-16 07:38:00,249.19,249.2,249.0433,249.0433,1200
2026-09-16 07:39:00,249.1,249.18,249.1,249.12,1616
2026-09-16 07:40:00,249.1797,249.1797,249,249,4014
2026-09-16 07:41:00,249.01,249.0701,249.01,249.0701,634
2026-09-16 07:42:00,249.18,249.18,249.18,249.18,100
2026-09-16 07:43:00,249.15,249.15,249.0523,249.0523,910
2026-09-16 07:44:00,249.03,249.1,249,249.1,2798
2026-09-16 07:45:00,249.0877,249.0877,249.0877,249.0877,500
2026-09-16 07:46:00,249.05,249.05,248.91,248.91,4058
2026-09-16 07:47:00,248.9,248.9,248.9,248.9,800
2026-09-16 07:48:00,249,249,248.93,248.93,200
2026-09-16 07:49:00,248.95,248.95,248.893,248.893,317
2026-09-16 07:51:00,248.9,248.9,248.9,248.9,200
2026-09-16 07:52:00,248.9,248.9,248.8886,248.9,715
2026-09-16 07:53:00,248.9,248.984,248.9,248.984,1500
2026-09-16 07:54:00,248.95,248.95,248.95,248.95,200
2026-09-16 07:55:00,248.95,248.95,248.95,248.95,200
2026-09-16 07:56:00,248.9088,248.94,248.9088,248.94,550
2026-09-16 07:57:00,248.95,248.967,248.9,248.967,544
2026-09-16 07:58:00,248.9,248.9,248.9,248.9,100
2026-09-16 07:59:00,248.9686,248.9686,248.8918,248.8918,325
2026-09-16 08:00:00,248.97,248.99,248.9682,248.9682,800
2026-09-16 08:01:00,249.04,249.1,249.04,249.1,2441
2026-09-16 08:02:00,249.1,249.1,249.1,249.1,800
2026-09-16 08:04:00,249.0118,249.09,249.0118,249.08,2443
2026-09-16 08:05:00,249.0688,249.1,249.0688,249.1,441
2026-09-16 08:06:00,249.11,249.25,249.11,249.19,2811
2026-09-16 08:07:00,249.2299,249.23,249.2,249.23,1511
2026-09-16 08:08:00,249.2284,249.2284,249.21,249.21,200
2026-09-16 08:09:00,249.22,249.22,249.22,249.22,200
2026-09-16 08:10:00,249.1147,249.1147,249.1147,249.1147,400
2026-09-16 08:11:00,249.13,249.15,249.13,249.15,440
2026-09-16 08:12:00,249.15,249.15,249.13,249.14,536
2026-09-16 08:13:00,249.12,249.12,249.12,249.12,120
2026-09-16 08:14:00,249.09,249.09,249.05,249.05,845
2026-09-16 08:15:00,249.053,249.07,249.0159,249.0546,1437
2026-09-16 08:16:00,249.04,249.0419,249.0146,249.0146,675
2026-09-16 08:17:00,249.04,249.09,249.01,249.04,4798
2026-09-16 08:18:00,249.15,249.15,249.01,249.01,3924
2026-09-16 08:19:00,249.0499,249.05,249.01,249.05,12824
2026-09-16 08:20:00,249,249.02,249,249,1895
2026-09-16 08:21:00,248.9549,249.0856,248.9549,249,4227
2026-09-16 08:22:00,249.0642,249.07,249.0565,249.07,666
2026-09-16 08:23:00,249.07,249.09,249.07,249.09,488
2026-09-16 08:25:00,249.1695,249.17,249.15,249.15,579
2026-09-16 08:26:00,249.11,249.15,249.11,249.15,677
2026-09-16 08:27:00,249.1401,249.18,249.1401,249.18,7115
2026-09-16 08:28:00,249.1514,249.16,249.1514,249.16,431
2026-09-16 08:29:00,249.17,249.25,249.1232,249.1232,536
2026-09-16 08:30:00,249.244,249.29,249.244,249.29,1200
2026-09-16 08:31:00,249.4,249.5,249.4,249.5,2935
2026-09-16 08:32:00,249.45,249.45,249.41,249.41,2287
2026-09-16 08:33:00,249.45,249.5,249.41,249.4941,1454
2026-09-16 08:34:00,249.4908,249.5,249.43,249.4984,2409
2026-09-16 08:35:00,249.4905,249.5,249.4266,249.5,1000
2026-09-16 08:36:00,249.42,249.43,249.2441,249.2441,1302
2026-09-16 08:37:00,249.22,249.39,249.1921,249.1921,1113
2026-09-16 08:38:00,249.12,249.15,249.12,249.12,600
2026-09-16 08:39:00,249.19,249.27,249.04,249.06,735
2026-09-16 08:40:00,249.1684,249.17,249.16,249.16,1429
2026-09-16 08:42:00,249.2,249.3,249.1518,249.1518,2785
2026-09-16 08:43:00,249.28,249.29,249.1,249.1416,2399
2026-09-16 08:44:00,249.1981,249.1981,249.1808,249.1808,400
2026-09-16 08:45:00,249.2,249.2,249.1,249.1,1303
2026-09-16 08:46:00,249.1,249.1382,249.1,249.1382,541
2026-09-16 08:47:00,249.1,249.1,249.1,249.1,104
2026-09-16 08:48:00,249.12,249.12,249.0594,249.0594,2140
2026-09-16 08:49:00,249.1981,249.1981,249.1981,249.1981,100
2026-09-16 08:50:00,249.2,249.25,249.19,249.25,3736
2026-09-16 08:51:00,249.21,249.21,249.1238,249.1238,2300
2026-09-16 08:52:00,249.17,249.17,249.17,249.17,3135
2026-09-16 08:53:00,249.12,249.12,248.92,248.92,4746
2026-09-16 08:54:00,248.9,249.01,248.8598,249.01,457
2026-09-16 08:55:00,248.95,248.95,248.81,248.81,273
2026-09-16 08:56:00,248.85,248.85,248.85,248.85,203
2026-09-16 08:57:00,248.89,248.9,248.89,248.9,200
2026-09-16 08:58:00,249.0009,249.0009,248.9,248.9,500
2026-09-16 08:59:00,249.14,249.14,249.14,249.14,160
2026-09-16 09:00:00,249.04,249.04,248.93,248.93,400
2026-09-16 09:01:00,249,249.0504,249,249.0504,700
2026-09-16 09:02:00,249.09,249.09,248.85,248.95,1301
2026-09-16 09:03:00,248.86,249,248.85,248.85,950
2026-09-16 09:04:00,248.8999,248.9,248.89,248.89,6423
2026-09-16 09:05:00,248.91,249.03,248.8771,248.95,3020
2026-09-16 09:06:00,248.8779,248.9,248.8,248.8,5079
2026-09-16 09:07:00,248.8255,248.85,248.66,248.75,4080
2026-09-16 09:09:00,248.7992,248.7992,248.7992,248.7992,200
2026-09-16 09:10:00,248.8,248.85,248.8,248.85,2080
2026-09-16 09:11:00,248.8215,248.8215,248.8215,248.8215,300
2026-09-16 09:12:00,248.81,248.9,248.81,248.9,4701
2026-09-16 09:13:00,248.93,248.93,248.86,248.86,700
2026-09-16 09:14:00,248.9,248.9,248.88,248.9,4452
2026-09-16 09:15:00,248.8,248.8,248.7732,248.7732,200
2026-09-16 09:16:00,248.85,248.9,248.81,248.81,450
2026-09-16 09:17:00,248.8507,248.8507,248.8,248.8,500
2026-09-16 09:18:00,248.9,248.9899,248.8,248.85,7240
2026-09-16 09:19:00,248.99,248.99,248.89,248.89,2453
2026-09-16 09:20:00,248.95,248.97,248.82,248.94,1919
2026-09-16 09:22:00,248.9,248.9,248.9,248.9,600
2026-09-16 09:23:00,248.85,248.85,248.8,248.8,829
2026-09-16 09:24:00,248.8,248.9,248.8,248.9,1170
2026-09-16 09:25:00,248.944,248.944,248.67,248.67,1700
2026-09-16 09:26:00,248.77,248.96,248.67,248.96,2686
2026-09-16 09:27:00,248.82,248.9845,248.58,248.58,1100
2026-09-16 09:28:00,248.5,248.5,248.25,248.3,3966
2026-09-16 09:29:00,248.255,248.315,248.11,248.11,3325
2026-09-16 09:30:00,248.1,249.16,248.08,249.0459,607619
2026-09-16 09:31:00,249.04,249.26,248.41,248.465,115423
2026-09-16 09:32:00,248.4,248.63,248.13,248.375,98284
2026-09-16 09:33:00,248.385,248.4559,247.16,247.205,128354
2026-09-16 09:34:00,247.223,247.4399,246.69,246.921,139942
2026-09-16 09:35:00,246.91,247.38,246.8609,247.22,82120
2026-09-16 09:36:00,247.2,247.45,247.17,247.385,84514
2026-09-16 09:37:00,247.36,247.5499,247.27,247.41,99376
2026-09-16 09:38:00,247.44,247.45,246.95,247,89495
2026-09-16 09:39:00,246.95,247.16,246.8301,247.005,84748
2026-09-16 09:40:00,247,247.65,247,247.52,90745
2026-09-16 09:41:00,247.55,247.81,247.43,247.595,89188
2026-09-16 09:42:00,247.595,247.8669,247.5,247.65,86902
2026-09-16 09:43:00,247.67,247.67,247.32,247.36,141687
2026-09-16 09:44:00,247.36,247.4482,247.2729,247.35,74927
2026-09-16 09:45:00,247.31,247.74,247.23,247.565,125884
2026-09-16 09:46:00,247.54,247.7699,247.53,247.68,62761
2026-09-16 09:47:00,247.65,247.86,247.56,247.86,73573
2026-09-16 09:48:00,247.83,247.83,247.45,247.47,63903
2026-09-16 09:49:00,247.465,247.73,247.346,247.625,81387
2026-09-16 09:50:00,247.62,247.97,247.58,247.87,90521
2026-09-16 09:51:00,247.875,248.6399,247.87,248.565,171941
2026-09-16 09:52:00,248.59,248.76,248.4101,248.45,123811
2026-09-16 09:53:00,248.48,248.8,248.42,248.7401,118752
2026-09-16 09:54:00,248.7509,248.88,248.49,248.53,68527
2026-09-16 09:55:00,248.5001,248.76,248.37,248.38,66157
2026-09-16 09:56:00,248.37,248.4144,248.15,248.19,62235
2026-09-16 09:57:00,248.195,248.2,248.03,248.145,29305
2026-09-16 09:58:00,248.145,248.25,247.985,248.2125,47689
2026-09-16 09:59:00,248.212,248.5,248.07,248.36,65474
2026-09-16 10:00:00,248.38,248.46,248.16,248.338,61592
2026-09-16 10:01:00,248.35,248.46,248.27,248.33,44914
2026-09-16 10:02:00,248.32,248.3399,248.15,248.19,66985
2026-09-16 10:03:00,248.1793,248.275,248.1,248.13,40786
2026-09-16 10:04:00,248.11,248.18,248,248.12,27081
2026-09-16 10:05:00,248.135,248.15,247.8,247.83,62815
2026-09-16 10:06:00,247.82,248.146,247.8001,248.075,59536
2026-09-16 10:07:00,248.065,248.21,247.9701,248.175,39231
2026-09-16 10:08:00,248.2,248.2,248.055,248.055,23209
2026-09-16 10:09:00,248.07,248.16,248.03,248.04,30665
2026-09-16 10:10:00,248.06,248.09,247.8601,248.07,36911
2026-09-16 10:11:00,248.055,248.14,247.985,248,24912
2026-09-16 10:12:00,248,248.03,247.725,247.8,26930
2026-09-16 10:13:00,247.8,247.85,247.71,247.78,31542
2026-09-16 10:14:00,247.76,247.76,247.6,247.72,42858
2026-09-16 10:15:00,247.72,247.72,247.44,247.54,43460
2026-09-16 10:16:00,247.51,247.73,247.46,247.665,44077
2026-09-16 10:17:00,247.64,247.7099,247.47,247.62,34955
2026-09-16 10:18:00,247.59,247.6176,247.38,247.46,40633
2026-09-16 10:19:00,247.42,247.53,247.39,247.4,31285
2026-09-16 10:20:00,247.42,247.4699,247.35,247.42,40872
2026-09-16 10:21:00,247.395,247.41,247.32,247.355,52409
2026-09-16 10:22:00,247.34,247.36,247.11,247.17,50240
2026-09-16 10:23:00,247.19,247.2999,247.17,247.2635,25991
2026-09-16 10:24:00,247.26,247.34,247.24,247.33,32238
2026-09-16 10:25:00,247.33,247.44,247.26,247.27,57225
2026-09-16 10:26:00,247.275,247.46,247.26,247.395,34732
2026-09-16 10:27:00,247.395,247.395,247.25,247.29,38658
2026-09-16 10:28:00,247.2701,247.32,247.1761,247.27,35361
2026-09-16 10:29:00,247.2517,247.41,247.23,247.25,81838
2026-09-16 10:30:00,247.27,247.345,247.195,247.3,74375
2026-09-16 10:31:00,247.31,247.32,247.11,247.195,21714
2026-09-16 10:32:00,247.2399,247.31,247.2,247.28,25978
2026-09-16 10:33:00,247.2967,247.605,247.28,247.55,114178
2026-09-16 10:34:00,247.53,247.57,247.35,247.49,59743
2026-09-16 10:35:00,247.47,247.55,247.4501,247.515,25061
2026-09-16 10:36:00,247.52,247.52,247.375,247.39,94626
2026-09-16 10:37:00,247.3803,247.44,247.35,247.38,25101
2026-09-16 10:38:00,247.36,247.48,247.35,247.45,27972
2026-09-16 10:39:00,247.44,247.44,247.14,247.17,54084
2026-09-16 10:40:00,247.14,247.24,247.05,247.205,41450
2026-09-16 10:41:00,247.2,247.26,247.12,247.15,40043
2026-09-16 10:42:00,247.1698,247.4,247.15,247.315,47024
2026-09-16 10:43:00,247.315,247.32,247.2,247.245,27887
2026-09-16 10:44:00,247.22,247.2425,247.11,247.18,41818
2026-09-16 10:45:00,247.1859,247.3025,247.18,247.27,44931
2026-09-16 10:46:00,247.27,247.3099,247.16,247.2,31814
2026-09-16 10:47:00,247.17,247.1951,246.92,247.02,89419
2026-09-16 10:48:00,247.015,247.1369,246.93,246.99,46549
2026-09-16 10:49:00,246.99,247.03,246.82,246.83,56853
2026-09-16 10:50:00,246.83,247.01,246.8201,246.965,43179
2026-09-16 10:51:00,246.98,247.06,246.95,246.9701,37856
2026-09-16 10:52:00,246.985,247.04,246.93,247.03,47703
2026-09-16 10:53:00,247,247.05,246.92,246.94,24427
2026-09-16 10:54:00,246.945,246.96,246.81,246.845,60327
2026-09-16 10:55:00,246.8484,246.98,246.8305,246.97,55999
2026-09-16 10:56:00,246.96,246.99,246.8,246.86,48733
2026-09-16 10:57:00,246.89,246.98,246.77,246.9499,86687
2026-09-16 10:58:00,246.94,247.24,246.935,247.22,100850
2026-09-16 10:59:00,247.22,247.47,247.18,247.46,176855
2026-09-16 11:00:00,247.45,247.63,247.4243,247.6,98403
2026-09-16 11:01:00,247.6,247.6,247.35,247.43,80237
2026-09-16 11:02:00,247.4,247.48,247.27,247.29,65348
2026-09-16 11:03:00,247.27,247.6,247.27,247.47,92751
2026-09-16 11:04:00,247.47,247.49,247.3016,247.34,49588
2026-09-16 11:05:00,247.345,247.57,247.34,247.54,84045
2026-09-16 11:06:00,247.4735,247.55,247.42,247.5411,30740
2026-09-16 11:07:00,247.545,248.24,247.545,248.0999,130447
2026-09-16 11:08:00,248.08,248.2298,247.87,247.905,52131
2026-09-16 11:09:00,247.87,247.9799,247.8443,247.93,50660
2026-09-16 11:10:00,247.94,247.96,247.83,247.88,19900
2026-09-16 11:11:00,247.86,248.27,247.86,248.105,58319
2026-09-16 11:12:00,248.11,248.17,247.83,247.91,70278
2026-09-16 11:13:00,247.94,248.15,247.93,248.04,43862
2026-09-16 11:14:00,248.04,248.0828,247.92,248.04,40467
2026-09-16 11:15:00,248.1,248.18,247.9,247.96,42817
2026-09-16 11:16:00,247.97,248.14,247.9401,247.97,24539
2026-09-16 11:17:00,248.01,248.01,247.86,247.9325,24421
2026-09-16 11:18:00,247.955,248.01,247.9312,247.96,16733
2026-09-16 11:19:00,247.93,247.93,247.62,247.665,26338
2026-09-16 11:20:00,247.66,247.68,247.452,247.495,32595
2026-09-16 11:21:00,247.53,247.64,247.47,247.48,11219
2026-09-16 11:22:00,247.46,247.66,247.46,247.65,21771
2026-09-16 11:23:00,247.65,247.68,247.5,247.57,31069
2026-09-16 11:24:00,247.57,247.57,247.38,247.53,20788
2026-09-16 11:25:00,247.54,247.64,247.42,247.615,29058
2026-09-16 11:26:00,247.59,247.7472,247.59,247.67,51107
2026-09-16 11:27:00,247.66,247.69,247.61,247.67,15435
2026-09-16 11:28:00,247.6562,247.6899,247.5401,247.5401,15053
2026-09-16 11:29:00,247.54,247.69,247.53,247.63,26549
2026-09-16 11:30:00,247.615,247.69,247.45,247.53,27389
2026-09-16 11:31:00,247.555,247.66,247.5155,247.535,20963
2026-09-16 11:32:00,247.5,247.5866,247.47,247.515,19455
2026-09-16 11:33:00,247.4901,247.55,247.471,247.535,13123
2026-09-16 11:34:00,247.53,247.6151,247.51,247.595,26700
2026-09-16 11:35:00,247.62,247.78,247.5921,247.665,38180
2026-09-16 11:36:00,247.64,247.66,247.55,247.551,16107
2026-09-16 11:37:00,247.59,247.6,247.4701,247.6,25504
2026-09-16 11:38:00,247.61,247.63,247.51,247.61,12994
2026-09-16 11:39:00,247.62,247.635,247.57,247.59,7984
2026-09-16 11:40:00,247.58,247.71,247.55,247.69,18133
2026-09-16 11:41:00,247.68,247.68,247.535,247.555,40716
2026-09-16 11:42:00,247.5722,247.5795,247.465,247.47,29557
2026-09-16 11:43:00,247.48,247.5,247.39,247.49,24697
2026-09-16 11:44:00,247.5,247.665,247.47,247.595,22413
2026-09-16 11:45:00,247.6,247.6,247.4503,247.4503,13273
2026-09-16 11:46:00,247.465,247.5,247.38,247.43,24303
2026-09-16 11:47:00,247.4418,248,247.425,247.765,59573
2026-09-16 11:48:00,247.695,248.03,247.695,248.03,38582
2026-09-16 11:49:00,248.0297,248.04,247.75,247.9,28355
2026-09-16 11:50:00,247.91,247.93,247.81,247.835,19755
2026-09-16 11:51:00,247.84,247.87,247.75,247.83,18551
2026-09-16 11:52:00,247.82,247.8299,247.76,247.78,19298
2026-09-16 11:53:00,247.78,248.0913,247.78,248.03,30237
2026-09-16 11:54:00,248.03,248.12,248,248.07,23057
2026-09-16 11:55:00,248.075,248.16,248.03,248.15,18128
2026-09-16 11:56:00,248.15,248.1699,248.05,248.15,20525
2026-09-16 11:57:00,248.1201,248.13,247.93,247.98,24437
2026-09-16 11:58:00,247.96,248.09,247.8686,248.05,29626
2026-09-16 11:59:00,248.05,248.1532,247.99,248.02,34056
2026-09-16 12:00:00,248.03,248.15,247.934,248.15,30417
2026-09-16 12:01:00,248.1325,248.17,247.91,247.945,27972
2026-09-16 12:02:00,247.93,247.9899,247.88,247.88,15581
2026-09-16 12:03:00,247.88,247.94,247.83,247.865,22580
2026-09-16 12:04:00,247.88,247.88,247.75,247.75,13007
2026-09-16 12:05:00,247.72,247.8,247.7,247.73,19984
2026-09-16 12:06:00,247.755,247.84,247.755,247.775,17445
2026-09-16 12:07:00,247.78,247.81,247.72,247.765,12388
2026-09-16 12:08:00,247.73,247.85,247.72,247.8,13782
2026-09-16 12:09:00,247.8,247.86,247.76,247.81,15518
2026-09-16 12:10:00,247.795,247.85,247.78,247.7883,14785
2026-09-16 12:11:00,247.78,247.78,247.55,247.58,31071
2026-09-16 12:12:00,247.57,247.59,247.37,247.39,21307
2026-09-16 12:13:00,247.4,247.65,247.37,247.6,72713
2026-09-16 12:14:00,247.59,247.76,247.5241,247.76,35748
2026-09-16 12:15:00,247.78,247.89,247.78,247.84,24535
2026-09-16 12:16:00,247.87,247.94,247.86,247.92,22080
2026-09-16 12:17:00,247.92,248.08,247.92,248.05,40358
2026-09-16 12:18:00,248,248.08,248,248.055,20804
2026-09-16 12:19:00,248.0434,248.07,247.885,247.96,41511
2026-09-16 12:20:00,247.95,247.95,247.83,247.83,21451
2026-09-16 12:21:00,247.84,247.85,247.69,247.7,8867
2026-09-16 12:22:00,247.72,247.77,247.65,247.69,20349
2026-09-16 12:23:00,247.67,247.78,247.66,247.77,15003
2026-09-16 12:24:00,247.77,247.82,247.72,247.73,13901
2026-09-16 12:25:00,247.71,247.7899,247.69,247.735,22260
2026-09-16 12:26:00,247.74,247.85,247.74,247.85,15594
2026-09-16 12:27:00,247.85,247.86,247.79,247.81,16120
2026-09-16 12:28:00,247.8,247.85,247.73,247.84,7864
2026-09-16 12:29:00,247.84,247.9,247.8293,247.88,12132
2026-09-16 12:30:00,247.89,248,247.87,248,11023
2026-09-16 12:31:00,248,248.0149,247.83,247.845,11234
2026-09-16 12:32:00,247.845,247.8499,247.7452,247.77,12274
2026-09-16 12:33:00,247.75,247.8231,247.72,247.76,8310
2026-09-16 12:34:00,247.73,247.8,247.72,247.72,8328
2026-09-16 12:35:00,247.72,247.905,247.72,247.895,18091
2026-09-16 12:36:00,247.885,247.955,247.855,247.87,10138
2026-09-16 12:37:00,247.84,247.9268,247.8005,247.86,18014
2026-09-16 12:38:00,247.85,247.89,247.8,247.81,19346
2026-09-16 12:39:00,247.8001,247.875,247.76,247.86,14098
2026-09-16 12:40:00,247.81,247.835,247.78,247.815,12086
2026-09-16 12:41:00,247.815,247.83,247.77,247.83,7982
2026-09-16 12:42:00,247.84,247.84,247.71,247.76,5584
2026-09-16 12:43:00,247.76,247.81,247.75,247.788,9762
2026-09-16 12:44:00,247.78,247.82,247.7,247.75,15885
2026-09-16 12:45:00,247.76,247.915,247.76,247.83,20986
2026-09-16 12:46:00,247.86,247.92,247.78,247.91,32208
2026-09-16 12:47:00,247.925,247.93,247.88,247.88,10897
2026-09-16 12:48:00,247.875,247.89,247.78,247.8,6920
2026-09-16 12:49:00,247.8,248.02,247.8,247.9581,31951
2026-09-16 12:50:00,247.95,248.01,247.87,247.88,15555
2026-09-16 12:51:00,247.88,247.9599,247.85,247.86,20943
2026-09-16 12:52:00,247.85,247.88,247.8001,247.86,16188
2026-09-16 12:53:00,247.8699,247.945,247.8486,247.92,11221
2026-09-16 12:54:00,247.915,248.014,247.84,247.8775,23399
2026-09-16 12:55:00,247.885,247.9299,247.8601,247.8775,7237
2026-09-16 12:56:00,247.8886,247.91,247.87,247.91,25906
2026-09-16 12:57:00,247.9,247.9068,247.81,247.845,19161
2026-09-16 12:58:00,247.83,247.855,247.775,247.82,21790
2026-09-16 12:59:00,247.84,247.84,247.7,247.78,19896
2026-09-16 13:00:00,247.775,247.775,247.65,247.65,18304
2026-09-16 13:01:00,247.65,247.69,247.63,247.65,19517
2026-09-16 13:02:00,247.66,247.67,247.58,247.61,16173
2026-09-16 13:03:00,247.62,247.63,247.57,247.59,13964
2026-09-16 13:04:00,247.57,247.7102,247.57,247.68,14927
2026-09-16 13:05:00,247.68,247.72,247.67,247.7,8947
2026-09-16 13:06:00,247.7,247.725,247.645,247.66,19246
2026-09-16 13:07:00,247.66,247.69,247.64,247.685,20171
2026-09-16 13:08:00,247.685,247.69,247.59,247.635,16959
2026-09-16 13:09:00,247.64,247.675,247.625,247.64,13192
2026-09-16 13:10:00,247.63,247.65,247.57,247.57,10694
2026-09-16 13:11:00,247.5615,247.5899,247.45,247.48,20213
2026-09-16 13:12:00,247.48,247.51,247.4404,247.442,11262
2026-09-16 13:13:00,247.47,247.495,247.4501,247.48,14335
2026-09-16 13:14:00,247.49,247.57,247.48,247.535,19474
2026-09-16 13:15:00,247.5209,247.54,247.45,247.45,11959
2026-09-16 13:16:00,247.4515,247.544,247.4515,247.54,12811
2026-09-16 13:17:00,247.54,247.54,247.49,247.49,8738
2026-09-16 13:18:00,247.495,247.55,247.475,247.531,19582
2026-09-16 13:19:00,247.53,247.53,247.37,247.405,40893
2026-09-16 13:20:00,247.405,247.6199,247.39,247.609,37303
2026-09-16 13:21:00,247.59,247.65,247.551,247.59,16032
2026-09-16 13:22:00,247.63,247.685,247.57,247.575,18870
2026-09-16 13:23:00,247.6,247.6199,247.53,247.53,9870
2026-09-16 13:24:00,247.53,247.65,247.52,247.63,11120
2026-09-16 13:25:00,247.62,247.7,247.6001,247.6708,41188
2026-09-16 13:26:00,247.7,247.75,247.66,247.74,8595
2026-09-16 13:27:00,247.76,247.76,247.695,247.71,9250
2026-09-16 13:28:00,247.71,247.75,247.64,247.65,36541
2026-09-16 13:29:00,247.66,247.76,247.66,247.76,7200
2026-09-16 13:30:00,247.755,247.77,247.66,247.69,15881
2026-09-16 13:31:00,247.68,247.7,247.575,247.575,6157
2026-09-16 13:32:00,247.6,247.64,247.581,247.635,14365
2026-09-16 13:33:00,247.644,247.715,247.63,247.685,12058
2026-09-16 13:34:00,247.66,247.68,247.63,247.6415,12124
2026-09-16 13:35:00,247.64,247.67,247.59,247.63,15687
2026-09-16 13:36:00,247.62,247.71,247.62,247.71,21670
2026-09-16 13:37:00,247.72,247.72,247.64,247.675,15567
2026-09-16 13:38:00,247.675,247.675,247.61,247.65,9622
2026-09-16 13:39:00,247.64,247.7,247.585,247.59,13033
2026-09-16 13:40:00,247.595,247.62,247.5,247.515,33550
2026-09-16 13:41:00,247.515,247.55,247.44,247.485,36538
2026-09-16 13:42:00,247.485,247.52,247.44,247.52,22616
2026-09-16 13:43:00,247.525,247.55,247.38,247.38,12686
2026-09-16 13:44:00,247.395,247.42,247.34,247.34,26292
2026-09-16 13:45:00,247.36,247.45,247.33,247.41,32607
2026-09-16 13:46:00,247.41,247.5,247.34,247.4826,24925
2026-09-16 13:47:00,247.48,247.6999,247.45,247.67,18336
2026-09-16 13:48:00,247.67,247.72,247.575,247.575,10799
2026-09-16 13:49:00,247.552,247.59,247.53,247.565,11071
2026-09-16 13:50:00,247.565,247.64,247.49,247.64,26299
2026-09-16 13:51:00,247.65,247.69,247.61,247.67,13993
2026-09-16 13:52:00,247.68,247.75,247.59,247.75,31542
2026-09-16 13:53:00,247.75,247.78,247.62,247.68,18602
2026-09-16 13:54:00,247.71,247.74,247.66,247.68,9343
2026-09-16 13:55:00,247.68,247.68,247.56,247.59,18850
2026-09-16 13:56:00,247.59,247.67,247.56,247.67,19172
2026-09-16 13:57:00,247.6529,247.73,247.64,247.72,17152
2026-09-16 13:58:00,247.72,247.84,247.7,247.8,23145
2026-09-16 13:59:00,247.7701,247.83,247.66,247.8,20699
2026-09-16 14:00:00,247.79,248,247.66,247.755,65315
2026-09-16 14:01:00,247.765,247.795,247.59,247.72,29809
2026-09-16 14:02:00,247.67,247.92,247.66,247.88,29382
2026-09-16 14:03:00,247.88,248.1,247.88,247.94,54227
2026-09-16 14:04:00,247.94,248.29,247.9,248.2,49705
2026-09-16 14:05:00,248.16,248.33,247.97,247.98,34439
2026-09-16 14:06:00,247.95,248.095,247.8756,248,30899
2026-09-16 14:07:00,248,248.2,247.995,248.16,34960
2026-09-16 14:08:00,248.16,248.4,248.1448,248.205,56307
2026-09-16 14:09:00,248.23,248.2399,248.04,248.075,41728
2026-09-16 14:10:00,248.0959,248.0995,247.769,247.845,45305
2026-09-16 14:11:00,247.84,247.8899,247.7,247.7694,32049
2026-09-16 14:12:00,247.75,247.85,247.605,247.695,35423
2026-09-16 14:13:00,247.68,247.83,247.64,247.815,18872
2026-09-16 14:14:00,247.815,247.93,247.68,247.765,32342
2026-09-16 14:15:00,247.77,247.81,247.67,247.7,14568
2026-09-16 14:16:00,247.62,247.69,247.405,247.55,91268
2026-09-16 14:17:00,247.57,247.66,247.5101,247.58,45137
2026-09-16 14:18:00,247.585,247.685,247.525,247.552,19532
2026-09-16 14:19:00,247.5325,247.88,247.51,247.7152,44470
2026-09-16 14:20:00,247.71,247.74,247.55,247.71,9156
2026-09-16 14:21:00,247.695,247.77,247.61,247.65,13612
2026-09-16 14:22:00,247.645,247.715,247.61,247.6292,26129
2026-09-16 14:23:00,247.6096,247.6096,247.5,247.524,20871
2026-09-16 14:24:00,247.55,247.6099,247.48,247.5,22558
2026-09-16 14:25:00,247.52,247.55,247.39,247.405,25096
2026-09-16 14:26:00,247.405,247.51,247.4,247.475,26288
2026-09-16 14:27:00,247.49,247.49,247.3505,247.3705,31549
2026-09-16 14:28:00,247.37,247.37,247.21,247.26,33544
2026-09-16 14:29:00,247.255,247.39,247.23,247.33,28466
2026-09-16 14:30:00,247.3,247.38,247.125,247.205,35234
2026-09-16 14:31:00,247.21,247.21,247,247.1,52407
2026-09-16 14:32:00,247.105,247.15,246.85,246.995,72707
2026-09-16 14:33:00,246.98,247.13,246.75,246.75,75459
2026-09-16 14:34:00,246.7429,246.8223,246.61,246.695,99062
2026-09-16 14:35:00,246.68,246.73,246.34,246.34,83405
2026-09-16 14:36:00,246.38,246.43,246.12,246.125,68169
2026-09-16 14:37:00,246.15,246.27,246.05,246.13,81022
2026-09-16 14:38:00,246.125,246.78,246.125,246.69,61374
2026-09-16 14:39:00,246.696,246.91,246.64,246.9,63817
2026-09-16 14:40:00,246.895,247.1834,246.86,247.166,69221
2026-09-16 14:41:00,247.16,247.4,247.11,247.4,38209
2026-09-16 14:42:00,247.41,247.73,247.41,247.728,54250
2026-09-16 14:43:00,247.73,247.78,247.56,247.61,56013
2026-09-16 14:44:00,247.61,247.65,247.32,247.37,58334
2026-09-16 14:45:00,247.33,247.58,247.2001,247.38,24998
2026-09-16 14:46:00,247.355,247.425,247.2001,247.24,30912
2026-09-16 14:47:00,247.2166,247.28,247.01,247.23,77767
2026-09-16 14:48:00,247.235,247.36,247.12,247.125,33162
2026-09-16 14:49:00,247.12,247.2,247.05,247.1,47415
2026-09-16 14:50:00,247.1,247.12,246.85,246.86,39982
2026-09-16 14:51:00,246.88,246.92,246.75,246.92,36012
2026-09-16 14:52:00,246.9,246.9,246.5,246.62,48362
2026-09-16 14:53:00,246.605,246.68,246.36,246.39,37920
2026-09-16 14:54:00,246.35,246.37,246.22,246.26,45942
2026-09-16 14:55:00,246.26,246.445,246.1105,246.23,49130
2026-09-16 14:56:00,246.25,246.265,246.09,246.14,56039
2026-09-16 14:57:00,246.11,246.11,245.77,245.855,128845
2026-09-16 14:58:00,245.86,245.94,245.75,245.82,62447
2026-09-16 14:59:00,245.84,245.9632,245.67,245.73,66400
2026-09-16 15:00:00,245.75,246.155,245.68,246.11,88147
2026-09-16 15:01:00,246.11,246.28,246.03,246.075,43921
2026-09-16 15:02:00,246.04,246.21,246.03,246.17,41670
2026-09-16 15:03:00,246.1747,246.37,246.07,246.35,50345
2026-09-16 15:04:00,246.36,246.485,246.24,246.31,37559
2026-09-16 15:05:00,246.2584,246.33,246.01,246.2105,53093
2026-09-16 15:06:00,246.22,246.32,246.11,246.1505,32848
2026-09-16 15:07:00,246.16,246.175,245.97,246.035,19756
2026-09-16 15:08:00,246.03,246.125,245.83,245.9635,40129
2026-09-16 15:09:00,245.96,245.96,245.73,245.8604,49677
2026-09-16 15:10:00,245.87,245.92,245.57,245.58,71509
2026-09-16 15:11:00,245.59,245.64,245.3096,245.3448,117755
2026-09-16 15:12:00,245.355,245.38,245.1201,245.14,110625
2026-09-16 15:13:00,245.14,245.27,244.93,245.015,183974
2026-09-16 15:14:00,245,245.25,244.95,245.17,147094
2026-09-16 15:15:00,245.16,245.4,245.11,245.17,46486
2026-09-16 15:16:00,245.165,245.165,244.95,245.05,52506
2026-09-16 15:17:00,245.05,245.07,244.925,244.96,55313
2026-09-16 15:18:00,244.97,245.11,244.96,245.0259,71381
2026-09-16 15:19:00,245.02,245.065,244.78,244.93,58854
2026-09-16 15:20:00,244.92,245.06,244.73,244.732,90210
2026-09-16 15:21:00,244.76,244.81,244.67,244.72,96541
2026-09-16 15:22:00,244.73,244.86,244.67,244.775,123414
2026-09-16 15:23:00,244.76,244.92,244.68,244.69,70777
2026-09-16 15:24:00,244.705,244.81,244.65,244.77,56277
2026-09-16 15:25:00,244.8,244.92,244.5,244.51,81032
2026-09-16 15:26:00,244.5,244.52,244.33,244.44,99784
2026-09-16 15:27:00,244.44,244.57,244.31,244.52,93148
2026-09-16 15:28:00,244.51,244.54,244.3,244.3591,74766
2026-09-16 15:29:00,244.36,244.715,244.36,244.68,56451
2026-09-16 15:30:00,244.68,244.9,244.63,244.85,90790
2026-09-16 15:31:00,244.8471,244.95,244.82,244.88,61513
2026-09-16 15:32:00,244.88,245.12,244.855,245.025,120552
2026-09-16 15:33:00,245.0274,245.165,244.88,245.01,78727
2026-09-16 15:34:00,245.005,245.35,244.99,245.34,61190
2026-09-16 15:35:00,245.335,245.47,245.31,245.43,55901
2026-09-16 15:36:00,245.41,245.432,245.01,245.095,71290
2026-09-16 15:37:00,245.09,245.3528,245.06,245.3528,45953
2026-09-16 15:38:00,245.345,245.45,245.33,245.355,54281
2026-09-16 15:39:00,245.3593,245.52,245.33,245.42,56998
2026-09-16 15:40:00,245.425,245.455,245.28,245.37,46397
2026-09-16 15:41:00,245.38,245.52,245.13,245.15,110677
2026-09-16 15:42:00,245.1324,245.28,245.06,245.1,67571
2026-09-16 15:43:00,245.1088,245.32,245.07,245.28,53841
2026-09-16 15:44:00,245.31,245.35,245.2201,245.285,77905
2026-09-16 15:45:00,245.285,245.54,245.23,245.47,54382
2026-09-16 15:46:00,245.4767,245.6,245.445,245.49,66763
2026-09-16 15:47:00,245.49,245.59,245.47,245.58,50997
2026-09-16 15:48:00,245.58,245.7,245.52,245.6207,69869
2026-09-16 15:49:00,245.624,245.67,245.58,245.615,56084
2026-09-16 15:50:00,245.63,245.77,245.53,245.75,107707
2026-09-16 15:51:00,245.735,245.81,245.65,245.68,94892
2026-09-16 15:52:00,245.685,245.78,245.635,245.78,87905
2026-09-16 15:53:00,245.77,245.805,245.6018,245.615,106987
2026-09-16 15:54:00,245.6,245.79,245.51,245.6,107710
2026-09-16 15:55:00,245.59,246.14,245.37,246.14,222571
2026-09-16 15:56:00,246.15,246.19,246,246.06,141958
2026-09-16 15:57:00,246.07,246.1,245.9,245.9094,136375
2026-09-16 15:58:00,245.905,245.95,245.84,245.945,266049
2026-09-16 15:59:00,245.945,246.14,245.78,245.84,722634
2026-09-16 16:00:00,245.96,245.99,245.95,245.95,4874455
2026-09-16 16:01:00,245.9705,246.15,245.96,246.02,35703
2026-09-16 16:02:00,246.07,246.1,245.97,246.1,5036
2026-09-16 16:03:00,246.0993,246.1,246.0917,246.0917,800
2026-09-16 16:04:00,246.03,246.1,245.96,246.05,752
2026-09-16 16:05:00,246.01,246.0787,246.01,246.03,300
2026-09-16 16:06:00,246.03,246.14,246,246.14,3823
2026-09-16 16:07:00,246.14,246.15,246.03,246.1094,3316
2026-09-16 16:08:00,246.24,246.2699,246.24,246.24,300
2026-09-16 16:09:00,246.24,246.27,246.12,246.15,2646
2026-09-16 16:10:00,246.19,246.19,245.96,245.96,3287
2026-09-16 16:11:00,246.1,246.1,246.1,246.1,500
2026-09-16 16:13:00,246.1155,246.15,246.1017,246.1017,1099
2026-09-16 16:14:00,246.15,246.15,246.15,246.15,1367
2026-09-16 16:15:00,246.16,246.22,246.1503,246.2191,950
2026-09-16 16:16:00,246.2,246.2,246.1,246.1,300
2026-09-16 16:17:00,246.124,246.15,246.124,246.15,746
2026-09-16 16:18:00,246.12,246.5,246.12,246.1655,7325
2026-09-16 16:19:00,246.38,246.38,246.254,246.3157,1619
2026-09-16 16:20:00,246.3155,246.3988,246.3155,246.344,1794
2026-09-16 16:21:00,246.12,246.35,246.12,246.35,400
2026-09-16 16:22:00,246.39,246.39,246.3,246.39,1008
2026-09-16 16:23:00,246.31,246.31,246.2207,246.2207,750
2026-09-16 16:24:00,246.27,246.4,246.27,246.3601,3723
2026-09-16 16:25:00,246.2716,246.2716,246.2,246.2,1083
2026-09-16 16:26:00,246.38,246.38,246.2,246.2,468
2026-09-16 16:27:00,246.16,246.34,246.16,246.25,300
2026-09-16 16:28:00,246.1771,246.1771,246.1771,246.1771,100
2026-09-16 16:29:00,246.34,246.34,246.2186,246.2186,3282
2026-09-16 16:30:00,246.28,246.28,246.28,246.28,150
2026-09-16 16:31:00,246.33,246.3314,246.2,246.2,3790
2026-09-16 16:32:00,246.15,246.16,246.15,246.16,217
2026-09-16 16:33:00,246.25,246.25,246.1,246.1,755
2026-09-16 16:34:00,246.1324,246.2397,246.1324,246.2397,586
2026-09-16 16:35:00,246.2,246.2,246.2,246.2,1000
2026-09-16 16:36:00,246.2474,246.2474,246.19,246.19,538
2026-09-16 16:37:00,246.25,246.25,246.2484,246.2484,2840
2026-09-16 16:38:00,246.25,246.25,246.2,246.2,1947
2026-09-16 16:39:00,246.24,246.25,246.24,246.25,1120
2026-09-16 16:40:00,246.21,246.25,246.21,246.25,2425
2026-09-16 16:41:00,246.23,246.25,246.17,246.22,1231
2026-09-16 16:42:00,246.2,246.2,246.2,246.2,147
2026-09-16 16:43:00,246.18,246.25,246.18,246.25,200
2026-09-16 16:44:00,246.2499,246.2499,246.2499,246.2499,1500
2026-09-16 16:45:00,246.19,246.19,246.18,246.18,200
2026-09-16 16:46:00,246.2347,246.2347,246.186,246.186,350
2026-09-16 16:48:00,246.2354,246.2354,246.2354,246.2354,380
2026-09-16 16:50:00,246.2,246.24,246.2,246.24,1526
2026-09-16 16:51:00,246.22,246.24,246.21,246.21,368
2026-09-16 16:53:00,246.19,246.2,246.12,246.2,1762
2026-09-16 16:54:00,246.23,246.23,246.23,246.23,100
2026-09-16 16:55:00,246.2292,246.2292,246.1887,246.1887,200
2026-09-16 16:56:00,246.23,246.23,246.17,246.23,518
2026-09-16 16:57:00,246.18,246.18,246.18,246.18,100
2026-09-16 16:58:00,246.137,246.2,246.137,246.2,809
2026-09-16 16:59:00,246.1386,246.24,246.1386,246.17,1980
2026-09-16 17:00:00,246.17,246.17,246.17,246.17,100
2026-09-16 17:02:00,246.17,246.17,246.12,246.1603,1216
2026-09-16 17:03:00,246.1,246.1,246.1,246.1,100
2026-09-16 17:04:00,246.1132,246.17,246.1132,246.17,1451
2026-09-16 17:05:00,245.96,246.1138,245.96,246.1138,91080
2026-09-16 17:07:00,246.16,246.16,246.1507,246.16,895
2026-09-16 17:10:00,246.17,246.17,246.17,246.17,100
2026-09-16 17:11:00,246.17,246.17,246.17,246.17,100
2026-09-16 17:13:00,246.1677,246.1677,246.1677,246.1677,500
2026-09-16 17:14:00,246.17,246.17,246.1,246.17,679
2026-09-16 17:15:00,246.17,246.17,246.17,246.17,100
2026-09-16 17:22:00,246.16,246.16,246.16,246.16,1946
2026-09-16 17:23:00,246.1643,246.1643,246.1,246.1,420
2026-09-16 17:24:00,246.1088,246.17,246.1088,246.17,350
2026-09-16 17:26:00,246.1685,246.17,246.1685,246.17,425
2026-09-16 17:31:00,246.16,246.16,246.16,246.16,2000
2026-09-16 17:33:00,246.17,246.17,246.1077,246.1077,300
2026-09-16 17:34:00,246.15,246.15,246.15,246.15,919
2026-09-16 17:36:00,246.17,246.17,246.17,246.17,100
2026-09-16 17:38:00,246.17,246.17,246.15,246.15,2400
2026-09-16 17:39:00,246.1581,246.1581,246.1581,246.1581,100
2026-09-16 17:40:00,246.1581,246.1581,246.1581,246.1581,100
2026-09-16 17:41:00,246.1698,246.1698,246.1698,246.1698,100
2026-09-16 17:42:00,246.15,246.15,246.15,246.15,486
2026-09-16 17:43:00,246.17,246.17,246.17,246.17,620
2026-09-16 17:44:00,246.25,246.25,246.2368,246.2368,200
2026-09-16 17:46:00,246.2469,246.2469,246.2469,246.2469,200
2026-09-16 17:47:00,246.24,246.25,246.23,246.25,404
2026-09-16 17:48:00,246.2467,246.2467,246.2467,246.2467,162
2026-09-16 17:50:00,246.25,246.25,246.2,246.2447,650
2026-09-16 17:53:00,246.2,246.23,246.2,246.2013,2229
2026-09-16 17:54:00,246.23,246.23,246.23,246.23,200
2026-09-16 17:55:00,246.25,246.25,246.25,246.25,100
2026-09-16 17:56:00,246.22,246.22,246.16,246.16,3927
2026-09-16 17:58:00,246.1101,246.2408,246.1101,246.2365,1970
2026-09-16 18:00:00,246.1,246.1,246.1,246.1,2177
2026-09-16 18:01:00,246.01,246.01,246.01,246.01,210
2026-09-16 18:02:00,246.24,246.24,246.2279,246.2279,274
2026-09-16 18:03:00,246.17,246.17,246.17,246.17,500
2026-09-16 18:04:00,246.25,246.25,245.95,245.95,1252
2026-09-16 18:05:00,246.09,246.1,246.09,246.1,395
2026-09-16 18:06:00,246,246,246,246,245
2026-09-16 18:08:00,246.2,246.2,246.2,246.2,1480
2026-09-16 18:09:00,246.0148,246.0148,246.0148,246.0148,200
2026-09-16 18:10:00,246.09,246.2299,246.09,246.2299,343
2026-09-16 18:11:00,246.23,246.23,246.19,246.22,1587
2026-09-16 18:12:00,246.1,246.31,246.1,246.3008,6146
2026-09-16 18:13:00,246.3075,246.34,246.3,246.34,550
2026-09-16 18:16:00,246.32,246.33,246.32,246.33,904
2026-09-16 18:17:00,246.3,246.3,246.3,246.3,193
2026-09-16 18:18:00,246.19,246.19,246.19,246.19,100
2026-09-16 18:19:00,246.24,246.48,246.24,246.3776,6276
2026-09-16 18:20:00,246.42,246.44,246.42,246.44,500
2026-09-16 18:21:00,246.3912,246.3912,246.3912,246.3912,100
2026-09-16 18:23:00,246.5,246.5,246.5,246.5,100
2026-09-16 18:24:00,246.5,246.5,246.5,246.5,100
2026-09-16 18:25:00,246.448,246.5,246.448,246.5,3160
2026-09-16 18:26:00,246.4678,246.4678,246.4678,246.4678,204
2026-09-16 18:28:00,246.65,246.65,246.4748,246.4748,300
2026-09-16 18:29:00,246.45,246.5911,246.45,246.58,1276
2026-09-16 18:30:00,246.57,246.6042,246.57,246.6042,335
2026-09-16 18:31:00,246.5,246.5,246.5,246.5,268
2026-09-16 18:32:00,246.59,246.59,246.59,246.59,100
2026-09-16 18:33:00,246.6507,246.6507,246.6496,246.6496,200
2026-09-16 18:34:00,246.639,246.9,246.6024,246.9,5468
2026-09-16 18:35:00,246.9,246.9,246.7,246.79,2089
2026-09-16 18:36:00,246.75,246.9,246.75,246.9,2250
2026-09-16 18:37:00,246.8707,246.9,246.7732,246.7732,1300
2026-09-16 18:38:00,246.8,246.8,246.7501,246.7501,840
2026-09-16 18:39:00,246.8,246.81,246.7732,246.8,900
2026-09-16 18:40:00,246.84,246.95,246.84,246.84,4044
2026-09-16 18:41:00,246.81,246.89,246.81,246.85,1500
2026-09-16 18:42:00,246.92,246.92,246.869,246.869,200
2026-09-16 18:43:00,246.9,246.9,246.9,246.9,200
2026-09-16 18:44:00,246.83,246.88,246.83,246.88,242
2026-09-16 18:45:00,246.89,246.8924,246.8524,246.8924,1694
2026-09-16 18:46:00,246.8574,246.9399,246.8574,246.8639,1296
2026-09-16 18:47:00,246.9,246.9,246.85,246.85,2363
2026-09-16 18:48:00,246.8797,246.8797,246.8797,246.8797,100
2026-09-16 18:49:00,246.86,246.86,246.75,246.8,1106
2026-09-16 18:50:00,246.8,246.8261,246.8,246.8261,1570
2026-09-16 18:51:00,246.8372,246.8372,246.8,246.8,500
2026-09-16 18:52:00,246.7647,246.8,246.7647,246.8,500
2026-09-16 18:54:00,246.7,246.81,246.7,246.81,1200
2026-09-16 18:56:00,246.83,246.83,246.83,246.83,111
2026-09-16 18:57:00,246.83,246.83,246.83,246.83,500
2026-09-16 18:58:00,246.76,246.82,246.75,246.82,2012
2026-09-16 18:59:00,246.8,246.84,246.8,246.84,1600
2026-09-16 19:00:00,246.8016,246.85,246.8016,246.831,8084
2026-09-16 19:01:00,246.89,246.89,246.8426,246.88,300
2026-09-16 19:02:00,246.89,246.89,246.84,246.84,499
2026-09-16 19:03:00,246.88,246.92,246.88,246.91,1750
2026-09-16 19:04:00,246.94,246.95,246.94,246.95,899
2026-09-16 19:05:00,246.9,247,246.9,247,1422
2026-09-16 19:08:00,247.01,247.01,247.01,247.01,100
2026-09-16 19:10:00,247.09,247.09,247.09,247.09,100
2026-09-16 19:11:00,247.0845,247.0845,247.0845,247.0845,300
2026-09-16 19:12:00,247.0981,247.0981,247.09,247.09,400
2026-09-16 19:14:00,247.0845,247.0845,247.0485,247.0485,500
2026-09-16 19:15:00,247.05,247.05,247.05,247.05,396
2026-09-16 19:16:00,247.1,247.1,247.1,247.1,150
2026-09-16 19:18:00,247.3,247.3,247.3,247.3,100
2026-09-16 19:19:00,247.2,247.2,247.2,247.2,200
2026-09-16 19:20:00,247.2,247.2,247.2,247.2,100
2026-09-16 19:21:00,247.21,247.25,247.21,247.25,300
2026-09-16 19:22:00,247.23,247.35,247.23,247.3268,1600
2026-09-16 19:23:00,247.2095,247.3,247.2095,247.3,516
2026-09-16 19:24:00,247.39,247.39,247.2423,247.2423,2350
2026-09-16 19:25:00,247.31,247.36,247.31,247.36,398
2026-09-16 19:27:00,247.35,247.45,247.35,247.4,1518
2026-09-16 19:28:00,247.44,247.44,247.42,247.43,404
2026-09-16 19:29:00,247.4,247.44,247.38,247.4028,715
2026-09-16 19:31:00,247.38,247.4101,247.38,247.4101,300
2026-09-16 19:32:00,247.42,247.42,247.42,247.42,100
2026-09-16 19:33:00,247.4,247.4,247.4,247.4,274
2026-09-16 19:34:00,247.41,247.51,247.41,247.5,6541
2026-09-16 19:35:00,247.5,247.5,247.5,247.5,100
2026-09-16 19:36:00,247.48,247.48,247.48,247.48,306
2026-09-16 19:38:00,247.45,247.47,247.4139,247.47,815
2026-09-16 19:39:00,247.42,247.42,247.4,247.4,2879
2026-09-16 19:40:00,247.2472,247.71,247.2472,247.71,2220
2026-09-16 19:41:00,247.31,247.7,247.31,247.6469,2650
2026-09-16 19:42:00,247.65,247.65,247.65,247.65,100
2026-09-16 19:43:00,247.51,247.51,247.51,247.51,100
2026-09-16 19:44:00,247.65,247.68,247.4434,247.4434,2332
2026-09-16 19:45:00,247.68,247.68,247.68,247.68,1787
2026-09-16 19:46:00,247.6599,247.67,247.5,247.5,2680
2026-09-16 19:47:00,247.6521,247.7688,247.6521,247.7,11403
2026-09-16 19:48:00,247.5101,247.5101,247.5101,247.5101,500
2026-09-16 19:49:00,247.5456,247.7001,247.5456,247.7001,5500
2026-09-16 19:50:00,247.79,247.95,247.75,247.95,3505
2026-09-16 19:51:00,247.8175,247.9,247.8175,247.9,750
2026-09-16 19:52:00,247.8,247.8,247.7969,247.8,400
2026-09-16 19:53:00,247.56,247.76,247.56,247.73,1550
2026-09-16 19:54:00,247.7,247.79,247.7,247.79,1707
2026-09-16 19:55:00,247.76,247.76,247.6201,247.75,885
2026-09-16 19:56:00,247.75,247.75,247.75,247.75,2045
2026-09-16 19:57:00,247.61,247.9,247.61,247.8745,1702
2026-09-16 19:58:00,247.8838,247.89,247.79,247.8,3693
2026-09-16 19:59:00,247.8,247.8,247.78,247.8,2693
2026-09-17 04:00:00,248.91,248.97,247.87,248.83,8882
2026-09-17 04:01:00,249,249.15,247.8,248.2,11758
2026-09-17 04:02:00,249.09,250,247.52,248.97,18945
2026-09-17 04:03:00,249.06,249.16,249.0508,249.1,1412
2026-09-17 04:04:00,249,249.16,249,249.16,1853
2026-09-17 04:05:00,249.16,249.2,249.12,249.12,566
2026-09-17 04:06:00,249.06,249.06,249,249.01,1360
2026-09-17 04:08:00,249.05,249.24,249.05,249.18,3201
2026-09-17 04:09:00,249.1266,249.1266,249,249.01,896
2026-09-17 04:10:00,249.02,249.02,249.02,249.02,100
2026-09-17 04:11:00,248.99,248.99,248.99,248.99,100
2026-09-17 04:12:00,248.81,249,248.81,249,4829
2026-09-17 04:14:00,248.85,248.85,248.8,248.8,6946
2026-09-17 04:15:00,248.84,248.85,248.83,248.85,492
2026-09-17 04:16:00,248.85,248.86,248.7,248.86,1790
2026-09-17 04:18:00,248.6922,248.6922,248.6922,248.6922,175
2026-09-17 04:19:00,248.64,248.65,248.64,248.65,480
2026-09-17 04:20:00,248.57,248.57,248.57,248.57,100
2026-09-17 04:21:00,248.55,248.55,248.55,248.55,100
2026-09-17 04:23:00,248.68,248.68,248.68,248.68,100
2026-09-17 04:26:00,248.86,248.86,248.83,248.85,540
2026-09-17 04:28:00,248.7682,248.7682,248.7682,248.7682,850
2026-09-17 04:29:00,248.75,248.88,248.75,248.88,1971
2026-09-17 04:32:00,248.98,249.14,248.98,249.14,3267
2026-09-17 04:34:00,249.06,249.06,249.06,249.06,116
2026-09-17 04:38:00,249.11,249.11,249.11,249.11,307
2026-09-17 04:39:00,249.18,249.25,249.17,249.19,1019
2026-09-17 04:41:00,249.12,249.3,249.12,249.3,255
2026-09-17 04:44:00,249.1,249.1,249.06,249.1,1402
2026-09-17 04:45:00,249.03,249.03,249.01,249.02,794
2026-09-17 04:47:00,249.11,249.2,249.11,249.2,300
2026-09-17 04:51:00,249.21,249.21,249.2,249.2,930
2026-09-17 04:53:00,249.25,249.3,249.25,249.3,810
2026-09-17 04:54:00,249.3,249.3,249.3,249.3,219
2026-09-17 04:56:00,249.3,249.3,249.26,249.26,400
2026-09-17 04:58:00,249.26,249.26,249.26,249.26,100
2026-09-17 04:59:00,249.31,249.31,249.22,249.22,255
2026-09-17 05:07:00,249.26,249.26,249.22,249.22,3857
2026-09-17 05:08:00,249.29,249.3,249.2321,249.2321,315
2026-09-17 05:09:00,249.24,249.24,249.22,249.22,438
2026-09-17 05:10:00,249.32,249.32,249.32,249.32,650
2026-09-17 05:11:00,249.22,249.22,249.22,249.22,1000
2026-09-17 05:13:00,249.37,249.37,249.36,249.36,402
2026-09-17 05:14:00,249.4,249.4,249.4,249.4,100
2026-09-17 05:15:00,249.24,249.24,249.22,249.22,800
2026-09-17 05:16:00,249.4,249.4,249.4,249.4,100
2026-09-17 05:17:00,249.3,249.3,249.3,249.3,2003
2026-09-17 05:18:00,249.3,249.3,249.3,249.3,100
2026-09-17 05:19:00,249.25,249.25,249.25,249.25,116
2026-09-17 05:20:00,249.23,249.23,249.22,249.22,868
2026-09-17 05:22:00,249.2563,249.2563,249.2563,249.2563,100
2026-09-17 05:23:00,249.29,249.29,249.29,249.29,100
2026-09-17 05:24:00,249.2547,249.2547,249.2,249.2,10108
2026-09-17 05:25:00,249.27,249.28,249.27,249.28,450
2026-09-17 05:26:00,249.3,249.3,249.3,249.3,100
2026-09-17 05:28:00,249.23,249.23,249.22,249.22,400
2026-09-17 05:29:00,249.1302,249.1302,249.1302,249.1302,300
2026-09-17 05:30:00,249.18,249.18,249,249,4330
2026-09-17 05:32:00,249.19,249.19,249.19,249.19,257
2026-09-17 05:33:00,249.12,249.12,249.12,249.12,1100
2026-09-17 05:34:00,249.13,249.13,249.1,249.1,833
2026-09-17 05:36:00,249.1,249.1,249.1,249.1,100
2026-09-17 05:39:00,249.15,249.15,249.15,249.15,100
2026-09-17 05:41:00,249.0906,249.0906,249.07,249.07,600
2026-09-17 05:42:00,249.1,249.1,249.1,249.1,2526
2026-09-17 05:43:00,249.25,249.25,249.25,249.25,124
2026-09-17 05:44:00,249.0801,249.2,249.0801,249.2,8114
2026-09-17 05:54:00,249.1532,249.1532,249.1532,249.1532,100
2026-09-17 05:55:00,249.17,249.17,249.17,249.17,217
2026-09-17 05:56:00,249.12,249.12,249.12,249.12,1800
2026-09-17 05:58:00,249.15,249.15,249.15,249.15,100
2026-09-17 05:59:00,249.17,249.17,249.17,249.17,100
2026-09-17 06:00:00,249,249.2,249,249.2,844
2026-09-17 06:02:00,249.16,249.16,249.16,249.16,100
2026-09-17 06:03:00,249.12,249.175,249.12,249.175,609
2026-09-17 06:04:00,249.27,249.75,249.19,249.37,3924
2026-09-17 06:05:00,249.37,249.37,249.37,249.37,522
2026-09-17 06:07:00,249.3343,249.3343,249.3343,249.3343,100
2026-09-17 06:09:00,249.23,249.26,249.21,249.21,600
2026-09-17 06:10:00,249.2,249.21,249.2,249.21,5063
2026-09-17 06:11:00,249.0622,249.21,249.0622,249.21,2785
2026-09-17 06:13:00,249.28,249.3,249.28,249.3,995
2026-09-17 06:15:00,249.35,249.4,249.35,249.4,3020
2026-09-17 06:16:00,249.4554,249.4554,249.4554,249.4554,200
2026-09-17 06:17:00,249.38,249.4,249.35,249.35,1627
2026-09-17 06:19:00,249.35,249.37,249.35,249.37,2200
2026-09-17 06:20:00,249.2634,249.2634,249.2634,249.2634,500
2026-09-17 06:21:00,249.15,249.15,249.15,249.15,1000
2026-09-17 06:22:00,249.18,249.18,249.15,249.15,3964
2026-09-17 06:25:00,249.2,249.36,249.2,249.36,963
2026-09-17 06:28:00,249.39,249.39,249.39,249.39,490
2026-09-17 06:29:00,249.47,249.47,249.47,249.47,500
2026-09-17 06:30:00,249.46,250.23,249.41,249.83,32557
2026-09-17 06:31:00,250,250,249.67,249.67,287
2026-09-17 06:32:00,249.6,249.6,249.6,249.6,119
2026-09-17 06:33:00,249.58,249.635,249.58,249.635,748
2026-09-17 06:34:00,249.41,249.41,249.4,249.4,576
2026-09-17 06:35:00,249.4,249.4,249.4,249.4,300
2026-09-17 06:36:00,249.35,249.35,249.35,249.35,159
2026-09-17 06:37:00,249.65,249.65,249.43,249.43,300
2026-09-17 06:38:00,249.4232,249.4232,249.4232,249.4232,100
2026-09-17 06:41:00,249.3,249.3,249.3,249.3,100
2026-09-17 06:44:00,249.33,249.33,249.2003,249.2003,3358
2026-09-17 06:46:00,249.21,249.21,249.21,249.21,400
2026-09-17 06:49:00,249.2229,249.39,249.2229,249.39,1231
2026-09-17 06:50:00,249.37,249.39,249.37,249.39,742
2026-09-17 06:52:00,249.3,249.3206,249.3,249.3206,4522
2026-09-17 06:54:00,249.27,249.27,249.27,249.27,100
2026-09-17 06:55:00,249.26,249.26,249.26,249.26,500
2026-09-17 06:56:00,249.29,249.29,249.28,249.2897,658
2026-09-17 06:57:00,249.28,249.28,249.28,249.28,200
2026-09-17 06:59:00,249.33,249.4,249.32,249.4,2696
2026-09-17 07:00:00,249.4,249.44,249.31,249.3897,9475
2026-09-17 07:01:00,249.36,249.51,249.36,249.5,7009
2026-09-17 07:02:00,249.46,249.5,249.4,249.44,2555
2026-09-17 07:03:00,249.4667,249.4667,249.3,249.31,6652
2026-09-17 07:04:00,249.31,249.48,249.27,249.38,1795
2026-09-17 07:05:00,249.34,249.4385,249.3012,249.4385,400
2026-09-17 07:06:00,249.4,249.44,249.3722,249.3722,1100
2026-09-17 07:07:00,249.3668,249.3668,249.2407,249.3507,3100
2026-09-17 07:08:00,249.23,249.28,249.22,249.28,2692
2026-09-17 07:09:00,249.34,249.34,249.28,249.28,440
2026-09-17 07:10:00,249.25,249.28,249.22,249.28,1375
2026-09-17 07:11:00,249.3,249.3,249.25,249.25,700
2026-09-17 07:12:00,249.3377,249.3377,249.2338,249.2338,1002
2026-09-17 07:13:00,249.211,249.23,249.211,249.23,596
2026-09-17 07:14:00,249.2,249.24,249.2,249.24,5671
2026-09-17 07:15:00,249.28,249.4,249.28,249.3035,4802
2026-09-17 07:16:00,249.36,249.4277,249.36,249.4277,324
2026-09-17 07:17:00,249.4,249.4191,249.35,249.35,997
2026-09-17 07:18:00,249.31,249.31,249.31,249.31,100
2026-09-17 07:19:00,249.31,249.31,249.31,249.31,100
2026-09-17 07:20:00,249.34,249.35,249.2,249.34,4814
2026-09-17 07:22:00,249.32,249.39,249.29,249.39,600
2026-09-17 07:23:00,249.35,249.4,249.25,249.3,3020
2026-09-17 07:24:00,249.261,249.3897,249.2,249.29,4594
2026-09-17 07:25:00,249.2011,249.239,249.2011,249.239,534
2026-09-17 07:26:00,249.29,249.29,249.29,249.29,100
2026-09-17 07:27:00,249.21,249.25,249.2,249.25,3864
2026-09-17 07:28:00,249.25,249.25,249.25,249.25,1150
2026-09-17 07:29:00,249.25,249.2912,249.25,249.25,1267
2026-09-17 07:30:00,249.24,249.24,249.2188,249.2188,1100
2026-09-17 07:31:00,249.26,249.28,249.11,249.11,1363
2026-09-17 07:32:00,249.14,249.14,249.1,249.1,289
2026-09-17 07:33:00,249.1,249.1001,248.8,248.895,5665
2026-09-17 07:34:00,248.99,249,248.8666,249,984
2026-09-17 07:35:00,249.01,249.17,249,249.17,1220
2026-09-17 07:36:00,249.031,249.11,249.031,249.11,200
2026-09-17 07:37:00,249.1,249.1908,249.1,249.13,1508
2026-09-17 07:38:00,249.15,249.17,249.14,249.17,538
2026-09-17 07:39:00,249.1907,249.1907,249.1,249.15,600
2026-09-17 07:40:00,249.1833,249.2,249.1833,249.2,1500
2026-09-17 07:41:00,249.1081,249.19,249.1081,249.12,550
2026-09-17 07:42:00,249.1,249.1,249.1,249.1,100
2026-09-17 07:43:00,249.13,249.13,249.13,249.13,512
2026-09-17 07:44:00,249.1077,249.12,249.1077,249.12,379
2026-09-17 07:45:00,249.1,249.1343,249.06,249.06,1632
2026-09-17 07:46:00,249.03,249.0792,249.02,249.0792,500
2026-09-17 07:47:00,249.0452,249.0454,249.02,249.0454,617
2026-09-17 07:48:00,249.05,249.06,249.04,249.06,2604
2026-09-17 07:49:00,249.1,249.1845,249.08,249.1845,1467
2026-09-17 07:50:00,249.1818,249.1981,249.16,249.19,738
2026-09-17 07:51:00,249.2,249.25,249.1631,249.25,1309
2026-09-17 07:52:00,249.1854,249.23,249.1854,249.23,301
2026-09-17 07:53:00,249.26,249.34,249.26,249.28,3462
2026-09-17 07:54:00,249.3,249.34,249.29,249.3,1024
2026-09-17 07:55:00,249.3,249.5,249.2509,249.2509,600
2026-09-17 07:56:00,249.3043,249.3043,249.3043,249.3043,100
2026-09-17 07:57:00,249.34,249.34,249.25,249.25,350
2026-09-17 07:58:00,249.3126,249.67,249.3126,249.38,10787
2026-09-17 07:59:00,249.632,249.632,249.5,249.55,2219
2026-09-17 08:00:00,249.5122,249.5122,249.45,249.45,560
2026-09-17 08:01:00,249.55,249.55,249.3681,249.4,2032
2026-09-17 08:02:00,249.43,249.5,249.43,249.5,600
2026-09-17 08:03:00,249.48,249.5,249.41,249.41,1060
2026-09-17 08:04:00,249.5,249.6,249.4232,249.55,8599
2026-09-17 08:05:00,249.65,249.8,249.65,249.8,3087
2026-09-17 08:06:00,249.8,249.82,249.77,249.8,1700
2026-09-17 08:07:00,249.76,249.8,249.76,249.8,2149
2026-09-17 08:08:00,249.8,249.84,249.8,249.84,10288
2026-09-17 08:09:00,249.9,250.48,249.89,250.48,20813
2026-09-17 08:10:00,250.48,250.55,250.4,250.44,9815
2026-09-17 08:11:00,250.5,250.5,250.352,250.41,2013
2026-09-17 08:12:00,250.42,250.52,250.3201,250.5,22901
2026-09-17 08:13:00,250.5,250.66,250.5,250.65,6140
2026-09-17 08:14:00,250.66,250.9,250.632,250.85,23974
2026-09-17 08:15:00,250.72,251.0795,250.72,250.9948,18862
2026-09-17 08:16:00,251,251,250.51,250.51,12797
2026-09-17 08:17:00,250.76,251,250.72,251,15632
2026-09-17 08:18:00,250.9001,251.0079,250.9,251,21867
2026-09-17 08:19:00,251.0278,251.14,250.91,251.1397,8958
2026-09-17 08:20:00,251.1193,251.12,250.95,251,5266
2026-09-17 08:21:00,251,251.04,250.95,251.04,12947
2026-09-17 08:22:00,251.03,251.4,245.96,251.1531,92989
2026-09-17 08:23:00,251.1579,251.19,251.0148,251.0148,2104
2026-09-17 08:24:00,251.03,251.19,251.02,251.1345,4423
2026-09-17 08:25:00,251.1384,251.15,251.0334,251.09,5274
2026-09-17 08:26:00,251.02,251.11,251,251.02,8824
2026-09-17 08:27:00,251.08,251.19,251,251.19,8320
2026-09-17 08:28:00,251.21,251.22,251.1764,251.22,1649
2026-09-17 08:29:00,251.22,251.5,251.19,251.36,7937
2026-09-17 08:30:00,251.2,251.3,251.16,251.27,2403
2026-09-17 08:31:00,251.25,251.46,251.15,251.1925,5357
2026-09-17 08:32:00,251.18,251.4,251.0996,251.29,7284
2026-09-17 08:33:00,251.152,251.37,251.152,251.26,4259
2026-09-17 08:34:00,251.3,251.34,251.17,251.17,4401
2026-09-17 08:35:00,251.17,251.24,251.03,251.03,4804
2026-09-17 08:36:00,251.07,251.07,251,251,9714
2026-09-17 08:37:00,251,251.06,251,251.0053,6410
2026-09-17 08:38:00,251,251,250.787,250.8248,4405
2026-09-17 08:39:00,250.9,250.9425,250.8025,250.9425,3696
2026-09-17 08:40:00,250.83,250.93,250.83,250.929,3610
2026-09-17 08:41:00,250.95,250.99,250.94,250.94,2081
2026-09-17 08:42:00,250.94,251.0597,250.84,251.0597,16867
2026-09-17 08:43:00,250.84,251,250.84,250.9721,1187
2026-09-17 08:44:00,250.85,251.1,250.85,251,8429
2026-09-17 08:45:00,250.95,250.9718,250.85,250.876,3734
2026-09-17 08:46:00,250.9,250.92,250.86,250.8954,9672
2026-09-17 08:47:00,250.8952,250.92,250.89,250.92,2197
2026-09-17 08:48:00,250.88,251,250.7,251,5405
2026-09-17 08:49:00,251,251.2,250.9108,251.2,6516
2026-09-17 08:50:00,251.2,251.5,251.0706,251.4,31540
2026-09-17 08:51:00,251.4,251.4,251.29,251.39,11437
2026-09-17 08:52:00,251.2984,251.4,251.2984,251.4,7726
2026-09-17 08:53:00,251.34,251.3499,251.3,251.3017,2196
2026-09-17 08:54:00,251.3057,251.68,251.3057,251.5556,11526
2026-09-17 08:55:00,251.626,251.65,251.5,251.55,2660
2026-09-17 08:56:00,251.51,251.53,251.39,251.42,4636
2026-09-17 08:57:00,251.41,251.49,251.41,251.4676,3260
2026-09-17 08:58:00,251.44,251.44,251.3577,251.37,11582
2026-09-17 08:59:00,251.4,251.43,251.4,251.4015,4458
2026-09-17 09:00:00,251.4,251.59,249.02,251.29,61330
2026-09-17 09:01:00,251.32,251.32,250.95,251.13,2230
2026-09-17 09:02:00,251.25,251.55,251.18,251.4999,8479
2026-09-17 09:03:00,251.5,251.75,251.49,251.6701,16657
2026-09-17 09:04:00,251.62,251.7,251.5,251.5,3452
2026-09-17 09:05:00,251.5,251.56,251.41,251.43,4887
2026-09-17 09:06:00,251.46,251.51,251.37,251.38,1137
2026-09-17 09:07:00,251.359,251.4381,251.2,251.2,4036
2026-09-17 09:08:00,251.3,251.45,251.3,251.32,1505
2026-09-17 09:09:00,251.26,251.29,251.1599,251.16,3423
2026-09-17 09:10:00,251.12,251.2185,251.0485,251.12,2645
2026-09-17 09:11:00,251.0546,251.2,251,251.14,4440
2026-09-17 09:12:00,251.12,251.15,251.06,251.08,2362
2026-09-17 09:13:00,251.17,251.39,251.17,251.2684,3622
2026-09-17 09:14:00,251.31,251.36,251.26,251.2901,3947
2026-09-17 09:15:00,251.35,251.35,251.06,251.06,2606
2026-09-17 09:16:00,251.11,251.24,251.08,251.24,2000
2026-09-17 09:17:00,251.2,251.3175,251.12,251.25,6102
2026-09-17 09:18:00,251.15,251.15,250.91,250.934,6248
2026-09-17 09:19:00,251.04,251.12,250.9589,251.03,3833
2026-09-17 09:20:00,250.9845,250.9845,250.8,250.8,4333
2026-09-17 09:21:00,250.8,250.8814,250.6126,250.6126,4674
2026-09-17 09:22:00,250.8,250.83,250.45,250.78,1601
2026-09-17 09:23:00,250.7,250.71,250.53,250.53,400
2026-09-17 09:24:00,250.55,250.92,250.53,250.92,2251
2026-09-17 09:25:00,250.76,250.9,250.69,250.81,2238
2026-09-17 09:26:00,250.7816,250.9669,250.7816,250.9,2981
2026-09-17 09:27:00,250.9582,251.14,250.7,250.7,14121
2026-09-17 09:28:00,250.98,251,250.89,250.99,1397
2026-09-17 09:29:00,250.93,251.13,250.91,251.06,2733
2026-09-17 09:30:00,251.03,251.9,250.3,251.8,872693
2026-09-17 09:31:00,251.8,251.9,250.3,250.74,210857
2026-09-17 09:32:00,250.695,251.24,250.47,250.86,154126
2026-09-17 09:33:00,250.86,251.42,250.756,251.21,111537
2026-09-17 09:34:00,251.18,251.81,251.08,251.14,203366
2026-09-17 09:35:00,251.21,251.32,250.6253,250.77,125400
2026-09-17 09:36:00,250.78,251.33,250.78,250.94,87996
2026-09-17 09:37:00,250.935,251.25,250.935,251.1683,86238
2026-09-17 09:38:00,251.0801,251.19,250.78,250.8527,87866
2026-09-17 09:39:00,250.94,251.4,250.8804,251.1307,104672
2026-09-17 09:40:00,251.2,251.28,250.94,250.97,55932
2026-09-17 09:41:00,250.98,251.0855,250.38,250.645,78938
2026-09-17 09:42:00,250.645,250.76,250.4229,250.55,58533
2026-09-17 09:43:00,250.585,250.83,250.3,250.77,95333
2026-09-17 09:44:00,250.77,250.89,250.25,250.565,154682
2026-09-17 09:45:00,250.57,250.611,250,250.1,117528
2026-09-17 09:46:00,250.09,250.09,249.6586,249.978,142707
2026-09-17 09:47:00,249.9571,250.235,249.94,249.96,67243
2026-09-17 09:48:00,249.975,250,249.64,249.755,53888
2026-09-17 09:49:00,249.755,249.905,249.58,249.86,58231
2026-09-17 09:50:00,249.93,250.1,249.78,249.8035,41682
2026-09-17 09:51:00,249.79,249.83,249.54,249.72,70695
2026-09-17 09:52:00,249.73,250.1099,249.679,249.89,85403
2026-09-17 09:53:00,249.885,249.91,249.37,249.42,124208
2026-09-17 09:54:00,249.45,249.605,249.33,249.515,69278
2026-09-17 09:55:00,249.515,249.58,249.37,249.5679,65923
2026-09-17 09:56:00,249.535,249.61,249.24,249.49,63824
2026-09-17 09:57:00,249.48,249.63,249.43,249.58,39106
2026-09-17 09:58:00,249.65,250.12,249.58,250.025,56013
2026-09-17 09:59:00,250.025,250.45,249.94,250.38,68429
2026-09-17 10:00:00,250.375,250.395,249.7201,249.8,84687
2026-09-17 10:01:00,249.83,249.98,249.61,249.935,40293
2026-09-17 10:02:00,249.94,250.18,249.7706,249.94,40820
2026-09-17 10:03:00,249.94,250.01,249.85,249.9575,23003
2026-09-17 10:04:00,249.99,250.08,249.88,250.06,70740
2026-09-17 10:05:00,250.04,250.1,249.84,250.07,49479
2026-09-17 10:06:00,250.03,250.045,249.88,249.88,29237
2026-09-17 10:07:00,249.86,249.9,249.655,249.74,33306
2026-09-17 10:08:00,249.81,249.89,249.72,249.79,23248
2026-09-17 10:09:00,249.76,249.95,249.68,249.7853,21470
2026-09-17 10:10:00,249.8,249.96,249.78,249.8,12735
2026-09-17 10:11:00,249.77,249.87,249.62,249.835,32964
2026-09-17 10:12:00,249.8,249.8,249.47,249.57,26931
2026-09-17 10:13:00,249.52,250.08,249.52,250.04,39753
2026-09-17 10:14:00,250.035,250.2398,250.0005,250.2398,48999
2026-09-17 10:15:00,250.23,250.37,250.22,250.25,53266
2026-09-17 10:16:00,250.25,250.54,250.25,250.32,72049
2026-09-17 10:17:00,250.33,250.53,250.2801,250.41,41196
2026-09-17 10:18:00,250.49,250.63,250.29,250.4305,76213
2026-09-17 10:19:00,250.45,250.715,250.45,250.695,46222
2026-09-17 10:20:00,250.69,250.9,250.67,250.9,75976
2026-09-17 10:21:00,250.9,251.16,250.78,250.95,86216
2026-09-17 10:22:00,250.96,251.39,250.925,251.36,121701
2026-09-17 10:23:00,251.3445,251.85,251.325,251.83,189228
2026-09-17 10:24:00,251.82,252.17,251.6,252.075,161924
2026-09-17 10:25:00,252.05,252.0899,251.7,251.82,68594
2026-09-17 10:26:00,251.82,252.165,251.82,252.165,88942
2026-09-17 10:27:00,252.13,252.34,252.09,252.2,82528
2026-09-17 10:28:00,252.215,252.29,251.86,252.1525,67905
2026-09-17 10:29:00,252.15,252.18,251.88,251.97,69476
2026-09-17 10:30:00,252.005,252.34,251.96,252.285,62130
2026-09-17 10:31:00,252.285,252.46,251.93,251.965,69826
2026-09-17 10:32:00,252,252.44,252,252.09,82190
2026-09-17 10:33:00,252.09,252.165,252,252.1,57045
2026-09-17 10:34:00,252.085,252.56,252.08,252.39,66034
2026-09-17 10:35:00,252.4,252.48,252.1801,252.2225,26892
2026-09-17 10:36:00,252.245,252.55,252.06,252.535,55830
2026-09-17 10:37:00,252.535,252.67,252,252.1,53546
2026-09-17 10:38:00,252.1,252.34,252.1,252.215,48814
2026-09-17 10:39:00,252.205,252.42,252.15,252.155,51666
2026-09-17 10:40:00,252.14,252.57,252.08,252.4758,71078
2026-09-17 10:41:00,252.495,252.66,252.49,252.578,42923
2026-09-17 10:42:00,252.59,252.73,252.4901,252.645,51768
2026-09-17 10:43:00,252.645,252.7,252.4,252.53,41355
2026-09-17 10:44:00,252.545,252.606,252.1377,252.26,75183
2026-09-17 10:45:00,252.2101,252.33,252.0243,252.13,27287
2026-09-17 10:46:00,252.13,252.2,251.91,251.94,89812
2026-09-17 10:47:00,251.9184,252.01,251.62,251.71,46521
2026-09-17 10:48:00,251.71,251.71,251.51,251.57,56432
2026-09-17 10:49:00,251.6399,251.715,251.48,251.685,24432
2026-09-17 10:50:00,251.685,251.71,251.41,251.5475,48718
2026-09-17 10:51:00,251.555,251.6899,251.45,251.665,20827
2026-09-17 10:52:00,251.6811,251.71,251.61,251.63,27776
2026-09-17 10:53:00,251.63,251.66,251.5412,251.65,18190
2026-09-17 10:54:00,251.635,251.635,251.34,251.34,40125
2026-09-17 10:55:00,251.3399,251.51,251.31,251.355,33887
2026-09-17 10:56:00,251.355,251.67,251.32,251.6502,30024
2026-09-17 10:57:00,251.6401,251.68,251.37,251.465,20961
2026-09-17 10:58:00,251.5299,251.5299,251.27,251.31,33498
2026-09-17 10:59:00,251.3,251.545,251.24,251.49,38570
2026-09-17 11:00:00,251.52,251.64,251.39,251.63,36822
2026-09-17 11:01:00,251.5545,251.63,251.42,251.42,26756
2026-09-17 11:02:00,251.42,251.64,251.42,251.555,23441
2026-09-17 11:03:00,251.57,251.66,251.525,251.54,20615
2026-09-17 11:04:00,251.55,251.59,251.41,251.45,24315
2026-09-17 11:05:00,251.445,251.48,251.32,251.335,28933
2026-09-17 11:06:00,251.33,251.39,251.2712,251.32,28677
2026-09-17 11:07:00,251.33,251.49,251.22,251.465,27896
2026-09-17 11:08:00,251.5,251.68,251.4,251.53,36250
2026-09-17 11:09:00,251.505,251.54,251.33,251.39,27526
2026-09-17 11:10:00,251.4,251.43,251.2692,251.42,40538
2026-09-17 11:11:00,251.39,251.73,251.39,251.73,16303
2026-09-17 11:12:00,251.7382,251.7799,251.62,251.76,21534
2026-09-17 11:13:00,251.745,251.78,251.59,251.6001,22955
2026-09-17 11:14:00,251.65,251.74,251.65,251.74,17342
2026-09-17 11:15:00,251.75,251.83,251.705,251.715,22717
2026-09-17 11:16:00,251.71,252.1,251.68,252.05,49559
2026-09-17 11:17:00,252.06,252.08,251.92,251.975,40733
2026-09-17 11:18:00,252,252.1,251.96,252.1,16206
2026-09-17 11:19:00,252.085,252.17,251.995,252.15,21370
2026-09-17 11:20:00,252.135,252.16,252.0505,252.09,27639
2026-09-17 11:21:00,252.12,252.14,251.94,251.98,30738
2026-09-17 11:22:00,251.98,252.005,251.78,251.84,32039
2026-09-17 11:23:00,251.83,251.95,251.68,251.7,30875
2026-09-17 11:24:00,251.7,251.7,251.54,251.685,19249
2026-09-17 11:25:00,251.7,252.025,251.7,252.02,24510
2026-09-17 11:26:00,252.01,252.13,251.97,251.97,29611
2026-09-17 11:27:00,251.96,252.07,251.905,252.002,66411
2026-09-17 11:28:00,252.04,252.045,251.54,251.77,50342
2026-09-17 11:29:00,251.78,251.81,251.59,251.59,22052
2026-09-17 11:30:00,251.59,251.84,251.59,251.78,19143
2026-09-17 11:31:00,251.77,251.93,251.69,251.8,26730
2026-09-17 11:32:00,251.77,251.83,251.72,251.8,29166
2026-09-17 11:33:00,251.79,251.82,251.71,251.72,40595
2026-09-17 11:34:00,251.715,252.01,251.67,251.96,26748
2026-09-17 11:35:00,251.96,251.99,251.9,251.92,25899
2026-09-17 11:36:00,251.9,252.08,251.9,252.06,20885
2026-09-17 11:37:00,252.06,252.27,252.04,252.27,38146
2026-09-17 11:38:00,252.26,252.3,252.2,252.255,25418
2026-09-17 11:39:00,252.25,252.2888,252.14,252.15,17078
2026-09-17 11:40:00,252.18,252.26,252.14,252.26,16385
2026-09-17 11:41:00,252.26,252.3,252.17,252.23,22816
2026-09-17 11:42:00,252.19,252.33,252.12,252.26,37855
2026-09-17 11:43:00,252.28,252.3,252.0502,252.075,21782
2026-09-17 11:44:00,252.075,252.08,251.895,251.95,30473
2026-09-17 11:45:00,251.93,251.9794,251.86,251.89,14021
2026-09-17 11:46:00,251.89,251.985,251.85,251.98,14250
2026-09-17 11:47:00,251.9701,251.9701,251.88,251.97,13209
2026-09-17 11:48:00,251.95,252.06,251.94,251.985,16220
2026-09-17 11:49:00,251.98,251.98,251.84,251.87,10774
2026-09-17 11:50:00,251.895,251.925,251.7701,251.88,27101
2026-09-17 11:51:00,251.88,252.04,251.79,251.98,38870
2026-09-17 11:52:00,251.98,252.21,251.97,252.165,15474
2026-09-17 11:53:00,252.19,252.19,251.99,252.15,20310
2026-09-17 11:54:00,252.135,252.29,252.12,252.26,24439
2026-09-17 11:55:00,252.25,252.25,252.18,252.22,17561
2026-09-17 11:56:00,252.225,252.25,252.15,252.245,18796
2026-09-17 11:57:00,252.23,252.34,252.17,252.32,36507
2026-09-17 11:58:00,252.33,252.39,252.27,252.38,29709
2026-09-17 11:59:00,252.365,252.47,252.29,252.42,52973
2026-09-17 12:00:00,252.415,252.44,252.19,252.4195,42820
2026-09-17 12:01:00,252.41,252.41,252.19,252.24,14100
2026-09-17 12:02:00,252.235,252.2699,252.1002,252.21,28466
2026-09-17 12:03:00,252.21,252.24,252.06,252.08,22068
2026-09-17 12:04:00,252.08,252.11,252.0201,252.06,41623
2026-09-17 12:05:00,252.0672,252.08,251.6001,251.7,69321
2026-09-17 12:06:00,251.735,251.855,251.4,251.44,81221
2026-09-17 12:07:00,251.465,251.64,251.44,251.615,50287
2026-09-17 12:08:00,251.625,251.6799,251.5,251.58,52541
2026-09-17 12:09:00,251.5401,251.8,251.54,251.8,36235
2026-09-17 12:10:00,251.775,251.91,251.73,251.75,32810
2026-09-17 12:11:00,251.75,251.76,251.5314,251.6299,42650
2026-09-17 12:12:00,251.63,251.64,251.5106,251.58,34391
2026-09-17 12:13:00,251.59,251.6,251.3785,251.475,25123
2026-09-17 12:14:00,251.5,251.525,251.41,251.49,24256
2026-09-17 12:15:00,251.495,251.6,251.4346,251.6,22671
2026-09-17 12:16:00,251.58,251.6,251.51,251.555,14149
2026-09-17 12:17:00,251.59,251.7,251.52,251.55,27201
2026-09-17 12:18:00,251.57,251.5758,251.385,251.455,12874
2026-09-17 12:19:00,251.455,251.4571,251.06,251.17,56872
2026-09-17 12:20:00,251.1551,251.18,251.1,251.11,19636
2026-09-17 12:21:00,251.1,251.27,251.1,251.15,17696
2026-09-17 12:22:00,251.15,251.19,251.05,251.1531,33580
2026-09-17 12:23:00,251.1,251.135,250.92,251.112,41359
2026-09-17 12:24:00,251.12,251.28,251.1,251.26,22281
2026-09-17 12:25:00,251.255,251.265,251.21,251.26,9710
2026-09-17 12:26:00,251.255,251.38,251.21,251.32,31118
2026-09-17 12:27:00,251.31,251.4,251.31,251.3899,11471
2026-09-17 12:28:00,251.39,251.4861,251.36,251.4,18070
2026-09-17 12:29:00,251.38,251.38,251.26,251.295,17202
2026-09-17 12:30:00,251.29,251.37,251.26,251.34,15566
2026-09-17 12:31:00,251.35,251.36,251.215,251.235,16639
2026-09-17 12:32:00,251.23,251.235,250.9,250.93,26014
2026-09-17 12:33:00,250.93,251.04,250.81,250.8324,16360
2026-09-17 12:34:00,250.86,251,250.86,250.975,12429
2026-09-17 12:35:00,251,251.03,250.99,251.03,10327
2026-09-17 12:36:00,251.015,251.0799,251.0001,251.065,11380
2026-09-17 12:37:00,251.065,251.11,250.97,251.095,16246
2026-09-17 12:38:00,251.11,251.27,251.1001,251.25,14606
2026-09-17 12:39:00,251.25,251.27,251.2,251.22,16391
2026-09-17 12:40:00,251.22,251.26,251.181,251.24,15603
2026-09-17 12:41:00,251.24,251.26,251.1,251.15,17331
2026-09-17 12:42:00,251.1699,251.2,251.155,251.18,7330
2026-09-17 12:43:00,251.16,251.2,251.1,251.2,14695
2026-09-17 12:44:00,251.2,251.29,251.17,251.29,14746
2026-09-17 12:45:00,251.3,251.3,251.23,251.265,14866
2026-09-17 12:46:00,251.25,251.27,251.18,251.27,11149
2026-09-17 12:47:00,251.28,251.341,251.26,251.305,15251
2026-09-17 12:48:00,251.3,251.31,251.21,251.2583,14734
2026-09-17 12:49:00,251.2361,251.32,251.2,251.3,9288
2026-09-17 12:50:00,251.3,251.3299,251.23,251.25,24668
2026-09-17 12:51:00,251.25,251.33,251.21,251.215,16358
2026-09-17 12:52:00,251.2,251.2299,251.18,251.2,15334
2026-09-17 12:53:00,251.2,251.4,251.16,251.37,57351
2026-09-17 12:54:00,251.37,251.5999,251.35,251.5999,40760
2026-09-17 12:55:00,251.58,251.62,251.17,251.245,82422
2026-09-17 12:56:00,251.28,251.3,251.205,251.245,21502
2026-09-17 12:57:00,251.2472,251.2472,251.06,251.145,15706
2026-09-17 12:58:00,251.18,251.37,251.13,251.345,15135
2026-09-17 12:59:00,251.32,251.515,251.32,251.45,19039
2026-09-17 13:00:00,251.46,251.65,251.4,251.625,23456
2026-09-17 13:01:00,251.625,251.75,251.6,251.75,18557
2026-09-17 13:02:00,251.76,251.77,251.65,251.68,10764
2026-09-17 13:03:00,251.68,251.6948,251.58,251.685,12859
2026-09-17 13:04:00,251.675,251.78,251.6601,251.76,11244
2026-09-17 13:05:00,251.77,251.89,251.67,251.7301,30560
2026-09-17 13:06:00,251.73,251.77,251.69,251.73,25202
2026-09-17 13:07:00,251.75,251.81,251.7,251.78,13708
2026-09-17 13:08:00,251.8099,251.81,251.61,251.625,15602
2026-09-17 13:09:00,251.625,251.645,251.55,251.57,11483
2026-09-17 13:10:00,251.57,251.57,251.46,251.46,14556
2026-09-17 13:11:00,251.47,251.57,251.45,251.45,24829
2026-09-17 13:12:00,251.44,251.5,251.4301,251.47,9376
2026-09-17 13:13:00,251.47,251.54,251.47,251.51,11780
2026-09-17 13:14:00,251.51,251.545,251.4334,251.4334,8859
2026-09-17 13:15:00,251.454,251.48,251.41,251.466,7349
2026-09-17 13:16:00,251.465,251.49,251.38,251.4,11247
2026-09-17 13:17:00,251.4,251.42,251.29,251.355,29953
2026-09-17 13:18:00,251.355,251.355,251.17,251.18,20599
2026-09-17 13:19:00,251.18,251.25,251.16,251.22,7666
2026-09-17 13:20:00,251.215,251.24,251.09,251.095,23063
2026-09-17 13:21:00,251.125,251.125,250.97,251.025,13918
2026-09-17 13:22:00,251.05,251.195,251.05,251.18,6588
2026-09-17 13:23:00,251.21,251.2499,251.15,251.15,13425
2026-09-17 13:24:00,251.15,251.18,251.1,251.115,9076
2026-09-17 13:25:00,251.13,251.225,251.115,251.215,7642
2026-09-17 13:26:00,251.2,251.2179,251.16,251.1899,14520
2026-09-17 13:27:00,251.17,251.305,251.15,251.305,19519
2026-09-17 13:28:00,251.28,251.31,251.24,251.3,9266
2026-09-17 13:29:00,251.295,251.3,251.2301,251.265,7653
2026-09-17 13:30:00,251.27,251.27,251.1,251.1,21727
2026-09-17 13:31:00,251.1,251.23,251.08,251.23,12923
2026-09-17 13:32:00,251.225,251.25,251.19,251.19,9223
2026-09-17 13:33:00,251.165,251.28,251.16,251.21,13565
2026-09-17 13:34:00,251.2,251.24,251.14,251.21,18750
2026-09-17 13:35:00,251.23,251.25,251.21,251.245,12220
2026-09-17 13:36:00,251.245,251.26,251.14,251.205,13272
2026-09-17 13:37:00,251.205,251.22,251.08,251.085,11480
2026-09-17 13:38:00,251.085,251.13,251.06,251.0908,14939
2026-09-17 13:39:00,251.09,251.1399,251.04,251.08,10453
2026-09-17 13:40:00,251.0601,251.13,251.0601,251.08,11340
2026-09-17 13:41:00,251.07,251.1694,251.07,251.07,12812
2026-09-17 13:42:00,251.075,251.16,251.04,251.09,11207
2026-09-17 13:43:00,251.11,251.1244,251.065,251.07,7774
2026-09-17 13:44:00,251.07,251.13,251.07,251.0969,16093
2026-09-17 13:45:00,251.11,251.12,251.06,251.085,8388
2026-09-17 13:46:00,251.09,251.155,251.0701,251.155,10169
2026-09-17 13:47:00,251.1547,251.1547,251.05,251.09,35583
2026-09-17 13:48:00,251.09,251.09,250.98,251.03,28277
2026-09-17 13:49:00,251.01,251.1,251.01,251.05,11328
2026-09-17 13:50:00,251.055,251.0646,250.93,250.9457,13111
2026-09-17 13:51:00,250.9387,251.02,250.9353,251.015,6705
2026-09-17 13:52:00,251.025,251.025,250.9758,250.995,13636
2026-09-17 13:53:00,251,251.1587,250.99,251.065,15074
2026-09-17 13:54:00,251.045,251.135,251.04,251.135,11353
2026-09-17 13:55:00,251.16,251.175,251.12,251.12,16273
2026-09-17 13:56:00,251.115,251.12,251.06,251.12,10366
2026-09-17 13:57:00,251.11,251.47,251.11,251.46,30313
2026-09-17 13:58:00,251.45,251.5399,251.4002,251.44,28251
2026-09-17 13:59:00,251.42,251.46,251.265,251.4,25201
2026-09-17 14:00:00,251.41,251.45,251.195,251.195,22237
2026-09-17 14:01:00,251.1701,251.28,251.1701,251.255,7198
2026-09-17 14:02:00,251.255,251.325,251.17,251.18,17085
2026-09-17 14:03:00,251.17,251.39,251.16,251.36,11937
2026-09-17 14:04:00,251.39,251.42,251.36,251.3922,11378
2026-09-17 14:05:00,251.39,251.41,251.33,251.37,10508
2026-09-17 14:06:00,251.365,251.4,251.26,251.27,15032
2026-09-17 14:07:00,251.265,251.31,251.18,251.19,14708
2026-09-17 14:08:00,251.185,251.32,251.17,251.295,8141
2026-09-17 14:09:00,251.28,251.28,251.1724,251.1951,13457
2026-09-17 14:10:00,251.2,251.2,251.155,251.2,8146
2026-09-17 14:11:00,251.2,251.25,251.16,251.19,15438
2026-09-17 14:12:00,251.175,251.24,251.175,251.225,8284
2026-09-17 14:13:00,251.22,251.26,251.17,251.19,17360
2026-09-17 14:14:00,251.19,251.29,251.19,251.2551,7981
2026-09-17 14:15:00,251.26,251.3,251.24,251.29,13333
2026-09-17 14:16:00,251.28,251.37,251.275,251.34,15354
2026-09-17 14:17:00,251.34,251.3894,251.29,251.295,13573
2026-09-17 14:18:00,251.29,251.33,251.24,251.32,12271
2026-09-17 14:19:00,251.32,251.43,251.31,251.414,20216
2026-09-17 14:20:00,251.4001,251.46,251.38,251.41,30730
2026-09-17 14:21:00,251.39,251.4,251.31,251.32,17339
2026-09-17 14:22:00,251.31,251.41,251.31,251.37,19560
2026-09-17 14:23:00,251.38,251.38,251.32,251.355,10155
2026-09-17 14:24:00,251.3541,251.355,251.19,251.1921,15657
2026-09-17 14:25:00,251.24,251.2555,251.18,251.24,9717
2026-09-17 14:26:00,251.258,251.29,251.2301,251.2601,20987
2026-09-17 14:27:00,251.295,251.31,251.2621,251.28,5316
2026-09-17 14:28:00,251.3,251.3,251.25,251.28,11478
2026-09-17 14:29:00,251.28,251.29,251.23,251.23,13797
2026-09-17 14:30:00,251.265,251.28,251.22,251.22,8614
2026-09-17 14:31:00,251.21,251.27,251.2,251.2,8174
2026-09-17 14:32:00,251.22,251.29,251.22,251.2206,24098
2026-09-17 14:33:00,251.26,251.36,251.25,251.31,16115
2026-09-17 14:34:00,251.315,251.315,251.2283,251.27,13457
2026-09-17 14:35:00,251.27,251.36,251.24,251.34,13618
2026-09-17 14:36:00,251.345,251.345,251.27,251.28,14036
2026-09-17 14:37:00,251.2892,251.31,251.2604,251.31,6894
2026-09-17 14:38:00,251.31,251.34,251.29,251.335,9125
2026-09-17 14:39:00,251.35,251.44,251.34,251.44,19162
2026-09-17 14:40:00,251.45,251.54,251.45,251.54,21965
2026-09-17 14:41:00,251.54,251.59,251.45,251.495,21964
2026-09-17 14:42:00,251.48,251.515,251.44,251.4659,11379
2026-09-17 14:43:00,251.49,251.52,251.4786,251.51,19360
2026-09-17 14:44:00,251.51,251.56,251.5,251.52,18589
2026-09-17 14:45:00,251.515,251.55,251.5,251.54,25301
2026-09-17 14:46:00,251.545,251.66,251.51,251.66,17100
2026-09-17 14:47:00,251.64,251.685,251.6,251.65,30234
2026-09-17 14:48:00,251.67,251.67,251.48,251.5804,37465
2026-09-17 14:49:00,251.595,251.63,251.5401,251.63,8152
2026-09-17 14:50:00,251.63,251.685,251.63,251.64,12899
2026-09-17 14:51:00,251.65,251.76,251.65,251.73,20295
2026-09-17 14:52:00,251.73,251.73,251.58,251.58,23176
2026-09-17 14:53:00,251.57,251.59,251.53,251.56,13724
2026-09-17 14:54:00,251.56,251.6,251.53,251.58,11393
2026-09-17 14:55:00,251.6,251.7,251.6,251.6,10779
2026-09-17 14:56:00,251.615,251.615,251.54,251.545,11414
2026-09-17 14:57:00,251.54,251.62,251.54,251.59,11271
2026-09-17 14:58:00,251.6,251.6396,251.5201,251.555,14515
2026-09-17 14:59:00,251.58,251.59,251.53,251.56,10113
2026-09-17 15:00:00,251.55,251.5876,251.49,251.56,18299
2026-09-17 15:01:00,251.565,251.599,251.52,251.58,9737
2026-09-17 15:02:00,251.58,251.61,251.57,251.59,12636
2026-09-17 15:03:00,251.5807,251.64,251.58,251.63,11064
2026-09-17 15:04:00,251.64,251.69,251.64,251.65,19022
2026-09-17 15:05:00,251.6499,251.77,251.645,251.74,30895
2026-09-17 15:06:00,251.75,251.8,251.6701,251.6872,27406
2026-09-17 15:07:00,251.67,251.705,251.6005,251.705,16635
2026-09-17 15:08:00,251.705,251.705,251.58,251.5982,22898
2026-09-17 15:09:00,251.59,251.6,251.4701,251.5,47069
2026-09-17 15:10:00,251.5,251.6,251.48,251.6,24541
2026-09-17 15:11:00,251.6001,251.6001,251.51,251.525,20490
2026-09-17 15:12:00,251.525,251.525,251.44,251.51,40093
2026-09-17 15:13:00,251.51,251.53,251.5,251.52,20930
2026-09-17 15:14:00,251.52,251.53,251.46,251.465,21453
2026-09-17 15:15:00,251.465,251.465,251.395,251.4,25002
2026-09-17 15:16:00,251.395,251.54,251.35,251.35,47373
2026-09-17 15:17:00,251.37,251.48,251.34,251.42,29768
2026-09-17 15:18:00,251.445,251.445,251.325,251.35,36782
2026-09-17 15:19:00,251.35,251.42,251.34,251.36,15881
2026-09-17 15:20:00,251.36,251.4,251.2704,251.2928,44813
2026-09-17 15:21:00,251.29,251.29,251.16,251.18,46523
2026-09-17 15:22:00,251.16,251.21,251.12,251.1501,15003
2026-09-17 15:23:00,251.17,251.18,250.8,251.17,61842
2026-09-17 15:24:00,251.175,251.19,251.08,251.09,25322
2026-09-17 15:25:00,251.08,251.12,250.895,250.97,45556
2026-09-17 15:26:00,250.97,251,250.875,250.895,44604
2026-09-17 15:27:00,250.9,250.9,250.735,250.75,52589
2026-09-17 15:28:00,250.755,250.98,250.73,250.965,26732
2026-09-17 15:29:00,250.9635,250.97,250.83,250.905,29244
2026-09-17 15:30:00,250.93,251.075,250.89,251.075,28467
2026-09-17 15:31:00,251.07,251.14,251.02,251.135,41322
2026-09-17 15:32:00,251.13,251.255,251.1,251.22,36328
2026-09-17 15:33:00,251.225,251.31,251.22,251.29,35631
2026-09-17 15:34:00,251.29,251.36,251.25,251.36,39392
2026-09-17 15:35:00,251.37,251.4,251.3,251.3201,36900
2026-09-17 15:36:00,251.33,251.4,251.31,251.39,30596
2026-09-17 15:37:00,251.39,251.45,251.38,251.445,21277
2026-09-17 15:38:00,251.44,251.48,251.36,251.46,31936
2026-09-17 15:39:00,251.46,251.46,251.3,251.31,33910
2026-09-17 15:40:00,251.32,251.365,251.26,251.3,21054
2026-09-17 15:41:00,251.3,251.43,251.285,251.409,21725
2026-09-17 15:42:00,251.425,251.51,251.4,251.505,35054
2026-09-17 15:43:00,251.52,251.65,251.45,251.615,39548
2026-09-17 15:44:00,251.615,251.685,251.61,251.67,35999
2026-09-17 15:45:00,251.65,251.72,251.6301,251.65,45091
2026-09-17 15:46:00,251.65,251.665,251.555,251.58,24519
2026-09-17 15:47:00,251.58,251.585,251.535,251.565,26586
2026-09-17 15:48:00,251.565,251.645,251.56,251.6224,41033
2026-09-17 15:49:00,251.625,251.67,251.58,251.62,45857
2026-09-17 15:50:00,251.63,251.89,251.58,251.59,75937
2026-09-17 15:51:00,251.6,251.8143,251.5905,251.805,46607
2026-09-17 15:52:00,251.8143,251.8143,251.6,251.67,51747
2026-09-17 15:53:00,251.66,251.8489,251.63,251.825,54293
2026-09-17 15:54:00,251.825,251.86,251.295,251.58,103098
2026-09-17 15:55:00,251.57,251.57,251.34,251.505,101725
2026-09-17 15:56:00,251.5,251.51,251.36,251.41,75536
2026-09-17 15:57:00,251.41,251.46,251.37,251.41,84406
2026-09-17 15:58:00,251.41,251.42,251.23,251.3,159134
2026-09-17 15:59:00,251.3,251.34,251.1,251.18,351355
2026-09-17 16:00:00,251.17,251.25,251.08,251.08,6514226
2026-09-17 16:01:00,251.1139,251.15,251.08,251.08,3488
2026-09-17 16:02:00,251.04,251.1,250.97,251.1,490
2026-09-17 16:03:00,250.97,251.0674,250.91,251.0674,2700
2026-09-17 16:04:00,251.03,251.19,251.03,251.19,3589
2026-09-17 16:05:00,251.15,251.19,251.1159,251.13,920
2026-09-17 16:06:00,251.08,251.08,251.08,251.08,100
2026-09-17 16:07:00,251.0258,251.15,251.0258,251.1211,750
2026-09-17 16:08:00,251.15,251.17,251.0363,251.0363,300
2026-09-17 16:09:00,251.0363,251.15,251.0363,251.15,340
2026-09-17 16:11:00,251.15,251.15,251.02,251.1304,300
2026-09-17 16:12:00,251.16,251.16,251.03,251.1214,924
2026-09-17 16:13:00,251.1,251.1,251.1,251.1,125
2026-09-17 16:14:00,251,251.08,251,251.08,1023
2026-09-17 16:16:00,250.99,250.99,250.742,250.742,2549
2026-09-17 16:18:00,250.84,250.84,250.68,250.7846,665
2026-09-17 16:19:00,250.85,250.9382,250.85,250.9382,300
2026-09-17 16:20:00,250.98,250.98,250.98,250.98,100
2026-09-17 16:21:00,250.98,250.98,250.8002,250.98,725
2026-09-17 16:23:00,250.9,250.9,250.9,250.9,1000
2026-09-17 16:25:00,250.9,250.9191,250.72,250.87,1360
2026-09-17 16:27:00,250.93,250.93,250.93,250.93,597
2026-09-17 16:29:00,250.93,250.93,250.93,250.93,152
2026-09-17 16:31:00,250.98,250.98,250.98,250.98,131
2026-09-17 16:32:00,250.8794,250.8794,250.81,250.81,228
2026-09-17 16:35:00,250.85,250.9521,250.85,250.9521,400
2026-09-17 16:36:00,250.9,250.99,250.9,250.99,240
2026-09-17 16:38:00,250.9796,250.9796,250.9796,250.9796,450
2026-09-17 16:39:00,250.98,251.18,250.98,251.14,2499
2026-09-17 16:40:00,251.18,251.29,251.17,251.2,1410
2026-09-17 16:41:00,251.28,251.29,251.19,251.29,1377
2026-09-17 16:42:00,251.25,251.25,251.25,251.25,400
2026-09-17 16:51:00,251.1295,251.342,251.1295,251.342,550
2026-09-17 16:52:00,251.25,251.25,251.08,251.08,700
2026-09-17 16:54:00,251.2283,251.2283,251.2283,251.2283,100
2026-09-17 16:55:00,251.08,251.08,251.08,251.08,150
2026-09-17 16:56:00,251.45,251.45,251.08,251.45,1239
2026-09-17 16:59:00,251.33,251.33,251.33,251.33,500
2026-09-17 17:00:00,251.08,251.08,251.08,251.08,300
2026-09-17 17:04:00,251.28,251.32,251.28,251.32,2873
2026-09-17 17:07:00,251.1424,251.1424,251.1424,251.1424,400
2026-09-17 17:08:00,251.2,251.2,251.2,251.2,495
2026-09-17 17:15:00,251.2,251.2113,251.2,251.2113,613
2026-09-17 17:16:00,251.283,251.283,251.283,251.283,200
2026-09-17 17:17:00,251.3,251.3,251.3,251.3,600
2026-09-17 17:19:00,251.1962,251.1962,251.1962,251.1962,400
2026-09-17 17:26:00,251.2,251.2,251.2,251.2,2700
2026-09-17 17:29:00,251.15,251.15,251.0931,251.0931,300
2026-09-17 17:30:00,251.0924,251.0924,251.0924,251.0924,200
2026-09-17 17:32:00,251.11,251.11,251.11,251.11,150
2026-09-17 17:33:00,251.08,251.08,251.08,251.08,400
2026-09-17 17:36:00,251.25,251.25,251.25,251.25,300
2026-09-17 17:37:00,251.27,251.27,251.27,251.27,100
2026-09-17 17:40:00,251.2,251.2,251.15,251.15,3899
2026-09-17 17:43:00,251.15,251.15,251.15,251.15,170
2026-09-17 17:48:00,251.2497,251.2497,251.2497,251.2497,100
2026-09-17 17:51:00,251.25,251.25,251.25,251.25,136
2026-09-17 17:56:00,251.1463,251.1463,251.1463,251.1463,250
2026-09-17 17:58:00,251.24,251.24,251.24,251.24,111
2026-09-17 17:59:00,251.19,251.23,251.12,251.12,529
2026-09-17 18:00:00,251.08,251.08,251,251,885
2026-09-17 18:01:00,250.89,250.89,250.86,250.86,958
2026-09-17 18:02:00,250.9,250.9,250.85,250.85,900
2026-09-17 18:03:00,250.85,250.85,250.85,250.85,194
2026-09-17 18:04:00,251.0211,251.0211,251.0211,251.0211,200
2026-09-17 18:05:00,250.8422,250.8422,250.8422,250.8422,100
2026-09-17 18:06:00,250.85,250.85,250.85,250.85,450
2026-09-17 18:07:00,250.81,250.85,250.72,250.8414,2002
2026-09-17 18:08:00,250.72,250.7242,250.69,250.7242,700
2026-09-17 18:10:00,250.85,250.85,250.85,250.85,2220
2026-09-17 18:11:00,250.75,250.75,250.7,250.7,400
2026-09-17 18:12:00,250.7,250.75,250.67,250.67,566
2026-09-17 18:17:00,250.7556,250.7556,250.67,250.67,756
2026-09-17 18:18:00,250.6924,250.6924,250.68,250.68,400
2026-09-17 18:20:00,250.7,250.7,250.7,250.7,400
2026-09-17 18:23:00,250.62,250.62,250.62,250.62,100
2026-09-17 18:24:00,250.6044,250.6044,250.5403,250.6038,1200
2026-09-17 18:26:00,250.7,250.7,250.5403,250.62,1100
2026-09-17 18:27:00,250.62,250.62,250.56,250.56,300
2026-09-17 18:28:00,250.6429,250.6429,250.6429,250.6429,100
2026-09-17 18:29:00,250.6,250.6,250.6,250.6,152
2026-09-17 18:30:00,250.6,250.6,250.6,250.6,100
2026-09-17 18:32:00,250.5423,250.75,250.2716,250.75,3632
2026-09-17 18:36:00,250.6972,250.6972,250.3,250.3,300
2026-09-17 18:37:00,250.7,250.7,250.7,250.7,200
2026-09-17 18:38:00,250.45,250.45,250.45,250.45,100
2026-09-17 18:42:00,250.51,250.55,250.51,250.55,270
2026-09-17 18:43:00,250.58,250.58,250.58,250.58,100
2026-09-17 18:44:00,250.5497,250.55,250.45,250.45,900
2026-09-17 18:45:00,250.51,250.51,250.5,250.5,424
2026-09-17 18:47:00,250.7,250.7001,250.69,250.7001,3530
2026-09-17 18:48:00,250.7192,250.7192,250.7192,250.7192,200
2026-09-17 18:49:00,250.7196,250.78,250.7,250.72,1000
2026-09-17 18:50:00,250.75,250.75,250.75,250.75,160
2026-09-17 18:51:00,250.7254,250.7254,250.7254,250.7254,100
2026-09-17 18:52:00,250.7,250.7,250.7,250.7,100
2026-09-17 18:59:00,250.55,250.55,250.55,250.55,200
2026-09-17 19:02:00,250.75,250.75,250.75,250.75,708
2026-09-17 19:05:00,250.7,250.7,250.7,250.7,190
2026-09-17 19:07:00,250.73,250.73,250.73,250.73,175
2026-09-17 19:09:00,250.6567,250.75,250.6567,250.75,2173
2026-09-17 19:12:00,250.86,250.86,250.86,250.86,100
2026-09-17 19:13:00,250.74,250.75,250.74,250.75,200
2026-09-17 19:15:00,250.8,250.8,250.8,250.8,382
2026-09-17 19:16:00,250.71,250.71,250.71,250.71,524
2026-09-17 19:17:00,250.5533,250.63,250.5533,250.6,5000
2026-09-17 19:18:00,250.61,250.61,250.61,250.61,100
2026-09-17 19:19:00,250.58,250.6,250.58,250.6,679
2026-09-17 19:20:00,250.55,250.55,250.55,250.55,900
2026-09-17 19:21:00,250.69,250.7,250.69,250.7,200
2026-09-17 19:23:00,250.71,250.71,250.71,250.71,100
2026-09-17 19:27:00,250.698,250.698,250.698,250.698,200
2026-09-17 19:29:00,250.6,250.6,250.6,250.6,100
2026-09-17 19:30:00,250.6,250.6,250.6,250.6,259
2026-09-17 19:35:00,250.61,250.61,250.5923,250.5923,823
2026-09-17 19:36:00,250.61,250.61,250.6,250.6,474
2026-09-17 19:38:00,250.6474,250.6474,250.6,250.6,300
2026-09-17 19:40:00,250.5787,250.5787,250.56,250.56,1530
2026-09-17 19:41:00,250.59,250.59,250.5609,250.59,733
2026-09-17 19:42:00,250.63,250.63,250.63,250.63,100
2026-09-17 19:43:00,250.62,250.62,250.62,250.62,425
2026-09-17 19:45:00,250.62,250.62,250.62,250.62,100
2026-09-17 19:46:00,250.66,250.66,250.66,250.66,300
2026-09-17 19:50:00,250.54,250.55,250.54,250.55,317
2026-09-17 19:52:00,250.55,250.6286,250.55,250.6286,950
2026-09-17 19:53:00,250.52,250.52,250.36,250.36,4362
2026-09-17 19:54:00,250.36,250.3999,250.1,250.1,4902
2026-09-17 19:55:00,250.24,250.3,250.23,250.25,2882
2026-09-17 19:56:00,250.07,250.07,250,250,4102
2026-09-17 19:57:00,250.1999,250.1999,250.02,250.162,2814
2026-09-17 19:58:00,250.05,250.18,250,250,3066
2026-09-17 19:59:00,250.14,250.14,250,250,6129
2026-09-18 04:00:00,252.19,252.6037,251.16,252.19,10813
2026-09-18 04:01:00,252.46,252.6,251.12,251.52,4641
2026-09-18 04:02:00,251.7,252.61,251.26,252.3,22944
2026-09-18 04:03:00,252.4,252.4,252.4,252.4,355
2026-09-18 04:06:00,252.37,252.37,251.22,251.28,850
2026-09-18 04:07:00,252.1,252.1,252.1,252.1,100
2026-09-18 04:09:00,252.18,252.18,252.18,252.18,100
2026-09-18 04:11:00,252.14,252.26,252.1,252.1,841
2026-09-18 04:13:00,252.1,252.1,252.1,252.1,300
2026-09-18 04:14:00,252.12,252.12,252.12,252.12,100
2026-09-18 04:16:00,252.03,252.03,251.96,251.96,1784
2026-09-18 04:17:00,252.05,252.05,252.05,252.05,117
2026-09-18 04:18:00,252.04,252.04,252.03,252.03,534
2026-09-18 04:19:00,252.07,252.18,252.07,252.18,700
2026-09-18 04:21:00,252.11,252.13,252.11,252.13,400
2026-09-18 04:22:00,252.12,252.12,252.12,252.12,100
2026-09-18 04:25:00,251.99,251.99,251.98,251.98,283
2026-09-18 04:28:00,251.96,251.96,251.95,251.95,1734
2026-09-18 04:29:00,251.79,251.79,251.72,251.72,500
2026-09-18 04:30:00,251.79,251.79,251.77,251.79,1168
2026-09-18 04:31:00,251.95,251.95,251.9,251.9,600
2026-09-18 04:32:00,251.87,251.87,251.87,251.87,200
2026-09-18 04:34:00,252,252,252,252,716
2026-09-18 04:38:00,252.08,252.08,252.08,252.08,100
2026-09-18 04:39:00,252.01,252.01,252,252,473
2026-09-18 04:42:00,252.14,252.14,252.14,252.14,100
2026-09-18 04:44:00,252.13,252.3,252.13,252.3,5236
2026-09-18 04:45:00,252.3,252.3,252.3,252.3,4180
2026-09-18 04:46:00,252.11,252.2279,252.11,252.2279,300
2026-09-18 04:47:00,252.1377,252.25,252.1377,252.25,784
2026-09-18 04:48:00,252.27,252.4,252.18,252.18,1596
2026-09-18 04:49:00,252.18,252.18,252.18,252.18,265
2026-09-18 04:50:00,252.3,252.3,252.3,252.3,100
2026-09-18 04:51:00,252.37,252.37,252.29,252.29,351
2026-09-18 04:56:00,252.18,252.18,252.18,252.18,100
2026-09-18 05:01:00,252.14,252.14,252.12,252.12,201
2026-09-18 05:03:00,252.17,252.18,252.17,252.17,499
2026-09-18 05:04:00,252.11,252.11,252.06,252.06,600
2026-09-18 05:06:00,252.0337,252.0337,252.0337,252.0337,500
2026-09-18 05:08:00,252.1,252.15,252.1,252.15,1639
2026-09-18 05:16:00,252.15,252.16,252.15,252.15,1009
2026-09-18 05:20:00,252.17,252.17,252.17,252.17,300
2026-09-18 05:23:00,252.18,252.18,252.18,252.18,394
2026-09-18 05:24:00,252.18,252.18,252.18,252.18,100
2026-09-18 05:26:00,252.07,252.09,252.06,252.09,652
2026-09-18 05:27:00,252.07,252.07,252.07,252.07,100
2026-09-18 05:28:00,252,252,252,252,373
2026-09-18 05:29:00,252,252,252,252,432
2026-09-18 05:30:00,251.97,251.97,251.97,251.97,433
2026-09-18 05:32:00,251.94,251.95,251.94,251.95,300
2026-09-18 05:33:00,251.92,251.92,251.91,251.91,200
2026-09-18 05:34:00,251.9143,251.9143,251.9143,251.9143,100
2026-09-18 05:36:00,251.95,251.95,251.95,251.95,100
2026-09-18 05:37:00,251.91,251.92,251.91,251.92,400
2026-09-18 05:38:00,251.91,251.91,251.9,251.9,939
2026-09-18 05:39:00,251.9676,251.9676,251.9676,251.9676,347
2026-09-18 05:40:00,251.92,252,251.92,251.92,6932
2026-09-18 05:41:00,251.99,251.99,251.99,251.99,100
2026-09-18 05:43:00,251.92,251.99,251.92,251.99,414
2026-09-18 05:44:00,251.92,251.92,251.92,251.92,476
2026-09-18 05:45:00,251.92,251.92,251.92,251.92,668
2026-09-18 05:46:00,251.95,251.95,251.94,251.94,200
2026-09-18 05:48:00,251.92,251.92,251.92,251.92,3193
2026-09-18 05:50:00,251.91,251.91,251.91,251.91,100
2026-09-18 05:52:00,251.8702,251.8702,251.8702,251.8702,250
2026-09-18 05:57:00,251.8962,251.8962,251.8962,251.8962,100
2026-09-18 06:06:00,251.85,251.85,251.83,251.83,200
2026-09-18 06:07:00,251.87,251.87,251.87,251.87,100
2026-09-18 06:08:00,251.87,251.87,251.87,251.87,100
2026-09-18 06:09:00,251.86,251.86,251.86,251.86,100
2026-09-18 06:10:00,251.95,251.95,251.95,251.95,700
2026-09-18 06:14:00,251.89,251.95,251.89,251.95,400
2026-09-18 06:15:00,252.02,252.38,252.02,252.24,1800
2026-09-18 06:16:00,252.21,252.24,252.17,252.18,1406
2026-09-18 06:17:00,252.22,252.25,252.22,252.25,663
2026-09-18 06:20:00,252.24,252.25,252.24,252.24,565
2026-09-18 06:25:00,252.1393,252.1393,252.1385,252.1385,1100
2026-09-18 06:27:00,251.97,251.97,251.94,251.94,200
2026-09-18 06:28:00,252.03,252.12,252,252.12,795
2026-09-18 06:29:00,252.12,252.12,252.12,252.12,250
2026-09-18 06:31:00,252.0013,252.2,252.0013,252.2,2477
2026-09-18 06:33:00,252.15,252.2,252.15,252.2,799
2026-09-18 06:34:00,252.2343,252.2343,252.2343,252.2343,100
2026-09-18 06:35:00,252.25,252.25,252.25,252.25,161
2026-09-18 06:37:00,252.33,252.33,252.33,252.33,100
2026-09-18 06:39:00,252.4,252.4,252.4,252.4,598
2026-09-18 06:40:00,252.4,252.42,252.4,252.42,1857
2026-09-18 06:41:00,252.48,252.48,252.47,252.47,600
2026-09-18 06:43:00,252.48,252.48,252.383,252.383,300
2026-09-18 06:45:00,252.4735,252.4735,252.47,252.47,620
2026-09-18 06:46:00,252.42,252.4643,252.4,252.4,355
2026-09-18 06:47:00,252.4094,252.4094,252.4094,252.4094,200
2026-09-18 06:50:00,252.4,252.4,252.4,252.4,469
2026-09-18 06:52:00,252.35,252.35,252.35,252.35,108
2026-09-18 06:53:00,252.32,252.4,252.32,252.4,439
2026-09-18 06:54:00,252.39,252.4,252.39,252.4,589
2026-09-18 06:57:00,252.39,252.39,252.39,252.39,100
2026-09-18 06:58:00,252.35,252.4,252.3,252.3,6336
2026-09-18 06:59:00,252.25,252.27,252.25,252.27,300
2026-09-18 07:00:00,252.24,252.24,252.15,252.15,825
2026-09-18 07:01:00,252.25,252.41,252.25,252.41,1845
2026-09-18 07:02:00,252.42,252.42,252.39,252.4,5402
2026-09-18 07:03:00,252.45,252.48,252.45,252.48,602
2026-09-18 07:04:00,252.5,252.75,252.5,252.6,4650
2026-09-18 07:05:00,252.68,252.75,252.4,252.4,1173
2026-09-18 07:06:00,252.49,252.65,252.35,252.6343,1706
2026-09-18 07:07:00,252.6,252.6,252.6,252.6,100
2026-09-18 07:08:00,252.5,252.65,252.5,252.5302,1717
2026-09-18 07:09:00,252.736,252.75,252.736,252.75,406
2026-09-18 07:10:00,252.7,252.7492,252.7,252.7443,3129
2026-09-18 07:11:00,252.75,252.75,252.6,252.6,1150
2026-09-18 07:12:00,252.68,252.7539,252.68,252.7,3343
2026-09-18 07:13:00,252.7807,252.8,252.7,252.8,1859
2026-09-18 07:14:00,252.69,252.7,252.64,252.64,600
2026-09-18 07:15:00,252.41,252.41,252.41,252.41,3000
2026-09-18 07:16:00,252.7,252.7,252.7,252.7,100
2026-09-18 07:17:00,252.7,252.7,252.5,252.6541,1641
2026-09-18 07:18:00,252.5104,252.5104,252.5,252.5,200
2026-09-18 07:19:00,252.51,252.6,252.51,252.54,400
2026-09-18 07:20:00,252.55,252.55,252.5103,252.55,357
2026-09-18 07:21:00,252.6,252.6,252.5,252.5,1100
2026-09-18 07:22:00,252.45,252.45,252.45,252.45,100
2026-09-18 07:24:00,252.58,252.58,252.5,252.55,735
2026-09-18 07:25:00,252.55,252.55,252.36,252.36,2000
2026-09-18 07:26:00,252.57,252.57,252.4607,252.4611,1700
2026-09-18 07:27:00,252.45,252.45,252.367,252.367,2065
2026-09-18 07:28:00,252.45,252.48,252.42,252.48,576
2026-09-18 07:29:00,252.54,252.54,252.54,252.54,100
2026-09-18 07:30:00,252.49,252.55,252.49,252.53,4596
2026-09-18 07:31:00,252.6,252.73,252.6,252.73,607
2026-09-18 07:32:00,252.7834,252.85,252.7834,252.7847,500
2026-09-18 07:33:00,252.78,252.8,252.78,252.8,1838
2026-09-18 07:34:00,252.8,252.8521,252.8,252.8,697
2026-09-18 07:35:00,252.801,252.801,252.8,252.8,275
2026-09-18 07:36:00,252.85,253.1,252.85,253.1,6908
2026-09-18 07:37:00,253.1437,253.18,253.1,253.18,1110
2026-09-18 07:38:00,253.18,253.18,253.1,253.12,500
2026-09-18 07:39:00,253.17,253.17,253.027,253.027,2769
2026-09-18 07:40:00,253.05,253.05,253.01,253.01,900
2026-09-18 07:41:00,253.0118,253.0118,253.01,253.01,1008
2026-09-18 07:42:00,253.1,253.11,253,253,2247
2026-09-18 07:43:00,253,253,253,253,650
2026-09-18 07:44:00,252.831,252.8909,252.8,252.8,1134
2026-09-18 07:45:00,252.75,252.75,252.75,252.75,1339
2026-09-18 07:46:00,252.7333,252.81,252.7001,252.81,1500
2026-09-18 07:47:00,252.74,252.809,252.74,252.809,300
2026-09-18 07:48:00,252.7001,252.94,252.68,252.94,2022
2026-09-18 07:49:00,252.7,252.7,252.6149,252.63,4232
2026-09-18 07:50:00,252.64,252.65,252.63,252.65,1000
2026-09-18 07:51:00,252.65,252.65,252.64,252.64,1725
2026-09-18 07:52:00,252.6,252.6,252.6,252.6,157
2026-09-18 07:53:00,252.56,252.56,252.5216,252.5216,444
2026-09-18 07:54:00,252.53,252.53,252.52,252.52,400
2026-09-18 07:55:00,252.5,252.68,252.5,252.68,1349
2026-09-18 07:56:00,252.5,252.5,252.5,252.5,200
2026-09-18 07:57:00,252.59,252.59,252.5,252.5,360
2026-09-18 07:58:00,252.3805,252.43,252.3805,252.43,300
2026-09-18 07:59:00,252.35,252.36,252.35,252.35,714
2026-09-18 08:00:00,252.29,252.44,252.29,252.34,777
2026-09-18 08:01:00,252.27,252.27,252.27,252.27,9963
2026-09-18 08:02:00,252.45,252.45,252.45,252.45,100
2026-09-18 08:04:00,252.3275,252.5,252.15,252.43,5599
2026-09-18 08:05:00,252.6399,252.6399,252.4,252.4,1154
2026-09-18 08:06:00,252.54,252.54,252.54,252.54,158
2026-09-18 08:08:00,252.27,252.27,252.27,252.27,100
2026-09-18 08:09:00,252.22,252.22,252.22,252.22,100
2026-09-18 08:11:00,252.25,252.5,252.21,252.21,913
2026-09-18 08:12:00,252.15,252.15,252.12,252.15,2664
2026-09-18 08:13:00,252.25,252.25,252.15,252.15,310
2026-09-18 08:14:00,252.12,252.12,252,252,21431
2026-09-18 08:16:00,252.08,252.08,251.9825,252.04,834
2026-09-18 08:18:00,252.16,252.16,251.9318,251.9318,350
2026-09-18 08:19:00,252.23,252.23,252.08,252.1,950
2026-09-18 08:20:00,251.9286,251.9286,251.9,251.9,535
2026-09-18 08:21:00,251.8,251.8941,251.8,251.8941,300
2026-09-18 08:22:00,251.9,251.9,251.9,251.9,1200
2026-09-18 08:23:00,251.85,251.85,251.72,251.72,550
2026-09-18 08:24:00,251.95,251.95,251.95,251.95,500
2026-09-18 08:26:00,251.89,251.89,251.89,251.89,172
2026-09-18 08:27:00,251.98,251.98,251.98,251.98,100
2026-09-18 08:28:00,251.95,251.95,251.95,251.95,200
2026-09-18 08:30:00,251.99,252,251.92,252,1687
2026-09-18 08:31:00,251.8026,251.8026,251.8026,251.8026,100
2026-09-18 08:32:00,251.7732,252,251.7732,252,1122
2026-09-18 08:33:00,251.99,252.05,251.99,252.05,2196
2026-09-18 08:35:00,252.021,252.0289,252.01,252.01,2000
2026-09-18 08:36:00,252.07,252.07,252.07,252.07,1300
2026-09-18 08:37:00,252.02,252.02,251.99,252,1007
2026-09-18 08:38:00,252.14,252.14,252,252,600
2026-09-18 08:39:00,251.972,252.14,251.972,252.14,600
2026-09-18 08:42:00,252.0221,252.05,252.0221,252.05,800
2026-09-18 08:43:00,252.0244,252.0244,252.0244,252.0244,100
2026-09-18 08:44:00,252.013,252.013,252.013,252.013,1000
2026-09-18 08:46:00,252.1085,252.1085,252.01,252.0173,850
2026-09-18 08:47:00,252,252.1252,252,252.1252,1509
2026-09-18 08:48:00,252.0539,252.0539,252,252,200
2026-09-18 08:49:00,252.05,252.05,252,252,943
2026-09-18 08:50:00,251.94,251.94,251.85,251.91,5774
2026-09-18 08:51:00,251.89,251.9,251.88,251.89,944
2026-09-18 08:52:00,251.9485,251.9485,251.75,251.76,3024
2026-09-18 08:53:00,251.76,251.8937,251.75,251.75,990
2026-09-18 08:54:00,251.85,251.85,251.85,251.85,300
2026-09-18 08:55:00,251.8,251.81,251.79,251.8,3663
2026-09-18 08:56:00,251.8,251.93,251.75,251.7576,919
2026-09-18 08:57:00,251.72,251.72,251.69,251.69,1892
2026-09-18 08:58:00,251.69,251.78,251.69,251.78,600
2026-09-18 08:59:00,251.76,251.76,251.76,251.76,100
2026-09-18 09:00:00,251.73,251.78,251.73,251.75,500
2026-09-18 09:02:00,251.77,251.8,251.77,251.8,882
2026-09-18 09:03:00,251.83,251.8985,251.83,251.8985,539
2026-09-18 09:06:00,251.7646,251.7646,251.7646,251.7646,200
2026-09-18 09:07:00,251.75,251.75,251.74,251.7446,400
2026-09-18 09:08:00,251.7455,251.7455,251.59,251.6,17959
2026-09-18 09:09:00,251.6908,251.6908,251.6908,251.6908,1111
2026-09-18 09:10:00,251.6644,251.6644,251.56,251.56,500
2026-09-18 09:11:00,251.71,251.72,251.71,251.72,820
2026-09-18 09:13:00,251.7,251.7,251.6992,251.6992,1100
2026-09-18 09:14:00,251.7,251.74,251.68,251.74,774
2026-09-18 09:15:00,251.69,251.75,251.69,251.72,1350
2026-09-18 09:18:00,251.7499,251.7499,251.72,251.72,1400
2026-09-18 09:19:00,251.7212,251.7212,251.7212,251.7212,100
2026-09-18 09:20:00,251.67,251.83,251.67,251.83,240
2026-09-18 09:21:00,251.83,251.83,251.8099,251.83,800
2026-09-18 09:22:00,251.77,251.77,251.77,251.77,100
2026-09-18 09:23:00,251.7101,251.7861,251.71,251.7861,1683
2026-09-18 09:24:00,251.71,251.71,251.65,251.65,8688
2026-09-18 09:25:00,251.55,251.55,250.85,251.38,32125
2026-09-18 09:26:00,251.4,251.4,251.4,251.4,700
2026-09-18 09:27:00,251.45,252.3,250.97,251.66,8635
2026-09-18 09:28:00,252.26,252.89,252,252.04,83289
2026-09-18 09:29:00,252.19,253,251.98,252.99,144177
2026-09-18 09:30:00,252.84,253.27,252.01,252.88,6976108
2026-09-18 09:31:00,252.97,253.66,252.74,253.4,150699
2026-09-18 09:32:00,253.39,254.25,253.14,253.8,172369
2026-09-18 09:33:00,253.81,254,252.84,253.14,121126
2026-09-18 09:34:00,253.14,253.4143,252.69,252.695,76758
2026-09-18 09:35:00,252.68,252.81,252.3012,252.55,87492
2026-09-18 09:36:00,252.57,252.75,252.275,252.7,157730
2026-09-18 09:37:00,252.7,253.1,252.6661,252.93,99113
2026-09-18 09:38:00,252.96,253,252.71,252.72,75519
2026-09-18 09:39:00,252.74,252.98,252.5101,252.94,60329
2026-09-18 09:40:00,252.935,253.98,252.935,253.95,114251
2026-09-18 09:41:00,253.92,254.49,253.555,253.648,207736
2026-09-18 09:42:00,253.66,253.705,252.79,252.84,117967
2026-09-18 09:43:00,252.83,253.6588,252.25,252.25,104502
2026-09-18 09:44:00,252.2,252.784,252.06,252.665,48198
2026-09-18 09:45:00,252.675,252.86,252.5,252.72,78514
2026-09-18 09:46:00,252.71,252.98,252.5501,252.63,62602
2026-09-18 09:47:00,252.625,252.73,252.44,252.48,48812
2026-09-18 09:48:00,252.46,252.7186,252.31,252.65,64518
2026-09-18 09:49:00,252.67,252.7999,252.45,252.68,51743
2026-09-18 09:50:00,252.66,252.86,252.33,252.82,94424
2026-09-18 09:51:00,252.78,252.93,252.72,252.9,39059
2026-09-18 09:52:00,252.91,253.02,252.81,253.005,53307
2026-09-18 09:53:00,253.005,253.25,252.87,253.2,45322
2026-09-18 09:54:00,253.18,253.25,252.75,252.7748,55519
2026-09-18 09:55:00,252.76,253.06,252.73,253.02,37415
2026-09-18 09:56:00,253.04,253.23,252.87,252.87,44659
2026-09-18 09:57:00,252.885,253.08,252.82,253.03,40842
2026-09-18 09:58:00,253.025,253.1499,252.71,252.745,72234
2026-09-18 09:59:00,252.77,252.78,252.34,252.39,89906
2026-09-18 10:00:00,252.39,252.505,252.1625,252.48,111591
2026-09-18 10:01:00,252.49,252.49,252.18,252.48,31737
2026-09-18 10:02:00,252.42,252.48,252.2001,252.28,27341
2026-09-18 10:03:00,252.31,252.495,252.2835,252.3384,34836
2026-09-18 10:04:00,252.4,252.6399,252.3301,252.3837,47295
2026-09-18 10:05:00,252.395,252.47,252.28,252.3,31065
2026-09-18 10:06:00,252.25,252.47,252.2301,252.35,26825
2026-09-18 10:07:00,252.37,252.41,252.22,252.38,21203
2026-09-18 10:08:00,252.375,252.5,252.3101,252.37,25776
2026-09-18 10:09:00,252.41,252.5,252.235,252.3,54682
2026-09-18 10:10:00,252.36,252.66,252.35,252.64,56368
2026-09-18 10:11:00,252.665,252.7599,252.5001,252.63,33551
2026-09-18 10:12:00,252.62,252.62,252.37,252.435,41876
2026-09-18 10:13:00,252.45,252.5,252.2696,252.45,21686
2026-09-18 10:14:00,252.44,252.455,251.95,251.95,51448
2026-09-18 10:15:00,251.9911,252.139,251.88,251.93,32240
2026-09-18 10:16:00,251.93,252.15,251.91,252.15,42146
2026-09-18 10:17:00,252.115,252.22,252,252.18,52488
2026-09-18 10:18:00,252.17,252.46,252.13,252.44,51133
2026-09-18 10:19:00,252.44,252.49,252.33,252.47,37286
2026-09-18 10:20:00,252.47,252.69,252.46,252.56,46880
2026-09-18 10:21:00,252.64,252.97,252.64,252.77,65276
2026-09-18 10:22:00,252.74,252.96,252.74,252.94,28251
2026-09-18 10:23:00,252.925,252.95,252.52,252.65,23114
2026-09-18 10:24:00,252.65,252.66,252.37,252.4,44807
2026-09-18 10:25:00,252.42,252.635,252.4,252.635,28053
2026-09-18 10:26:00,252.635,252.635,252.45,252.47,29290
2026-09-18 10:27:00,252.4895,252.7796,252.41,252.66,33448
2026-09-18 10:28:00,252.715,252.77,252.48,252.48,18674
2026-09-18 10:29:00,252.51,252.6951,252.42,252.65,34271
2026-09-18 10:30:00,252.64,252.76,252.58,252.598,35543
2026-09-18 10:31:00,252.61,252.71,252.33,252.3325,58212
2026-09-18 10:32:00,252.37,252.52,252.3,252.42,72903
2026-09-18 10:33:00,252.42,252.43,252.22,252.41,43457
2026-09-18 10:34:00,252.43,252.6,252.3901,252.565,18026
2026-09-18 10:35:00,252.565,252.65,252.4197,252.47,28623
2026-09-18 10:36:00,252.5,252.66,252.38,252.5901,36785
2026-09-18 10:37:00,252.625,252.85,252.6,252.8,28255
2026-09-18 10:38:00,252.8272,252.84,252.72,252.72,22062
2026-09-18 10:39:00,252.69,253.03,252.69,252.895,61349
2026-09-18 10:40:00,252.895,253.1775,252.88,253.108,52563
2026-09-18 10:41:00,253.08,253.1072,252.86,252.97,52992
2026-09-18 10:42:00,252.96,253.03,252.91,252.97,24413
2026-09-18 10:43:00,252.9547,253,252.8001,252.845,29363
2026-09-18 10:44:00,252.84,252.96,252.775,252.955,33444
2026-09-18 10:45:00,252.92,252.9763,252.73,252.78,25153
2026-09-18 10:46:00,252.76,252.9,252.745,252.81,28211
2026-09-18 10:47:00,252.81,252.88,252.54,252.61,33738
2026-09-18 10:48:00,252.6,252.77,252.53,252.71,56979
2026-09-18 10:49:00,252.64,253,252.64,252.96,20953
2026-09-18 10:50:00,252.945,253.12,252.8801,253.075,48892
2026-09-18 10:51:00,253.08,253.4,253.03,253.25,42539
2026-09-18 10:52:00,253.255,253.54,253.2,253.45,31748
2026-09-18 10:53:00,253.53,253.9,253.39,253.855,71345
2026-09-18 10:54:00,253.86,254.11,253.64,253.975,144330
2026-09-18 10:55:00,253.94,253.94,253.71,253.81,40213
2026-09-18 10:56:00,253.81,253.97,253.71,253.72,42195
2026-09-18 10:57:00,253.74,253.88,253.5729,253.78,45624
2026-09-18 10:58:00,253.81,253.92,253.7,253.8999,42280
2026-09-18 10:59:00,253.9,254.09,253.81,254.01,63714
2026-09-18 11:00:00,254.055,254.26,254.01,254.25,53497
2026-09-18 11:01:00,254.24,254.26,253.8,253.98,68225
2026-09-18 11:02:00,253.99,254.43,253.8501,254.38,38498
2026-09-18 11:03:00,254.4299,254.68,254.35,254.68,128240
2026-09-18 11:04:00,254.66,255.11,254.58,255.085,217404
2026-09-18 11:05:00,255.0601,255.38,254.96,255.34,232178
2026-09-18 11:06:00,255.32,255.38,255.0801,255.28,168028
2026-09-18 11:07:00,255.3,255.43,255,255.34,173250
2026-09-18 11:08:00,255.3115,255.39,254.7501,254.82,155819
2026-09-18 11:09:00,254.82,254.84,254.52,254.75,54628
2026-09-18 11:10:00,254.735,254.86,254.6601,254.86,37912
2026-09-18 11:11:00,254.81,254.9579,254.4001,254.45,56351
2026-09-18 11:12:00,254.4145,254.52,254.4,254.49,30968
2026-09-18 11:13:00,254.5,254.5,253.8,254.01,68504
2026-09-18 11:14:00,253.958,253.99,253.42,253.42,54208
2026-09-18 11:15:00,253.469,253.69,253.42,253.58,35852
2026-09-18 11:16:00,253.5328,253.7399,253.5328,253.568,24290
2026-09-18 11:17:00,253.58,253.8099,253.56,253.58,20272
2026-09-18 11:18:00,253.58,253.62,253.48,253.595,24902
2026-09-18 11:19:00,253.65,253.92,253.65,253.855,19446
2026-09-18 11:20:00,253.845,253.8518,253.6259,253.76,11673
2026-09-18 11:21:00,253.72,253.76,253.66,253.75,12304
2026-09-18 11:22:00,253.76,253.89,253.7,253.7,18431
2026-09-18 11:23:00,253.7,253.705,253.3,253.3915,112034
2026-09-18 11:24:00,253.3164,253.39,253.14,253.235,44607
2026-09-18 11:25:00,253.24,253.3,253.08,253.145,25965
2026-09-18 11:26:00,253.145,253.395,253.145,253.28,22932
2026-09-18 11:27:00,253.28,253.33,253.24,253.275,19588
2026-09-18 11:28:00,253.275,253.29,253.08,253.1,29883
2026-09-18 11:29:00,253.08,253.19,253.04,253.07,39574
2026-09-18 11:30:00,253.07,253.19,252.81,252.9649,52348
2026-09-18 11:31:00,252.94,252.98,252.62,252.74,46215
2026-09-18 11:32:00,252.73,252.9,252.69,252.735,36204
2026-09-18 11:33:00,252.79,252.8,252.6101,252.65,57249
2026-09-18 11:34:00,252.67,252.82,252.615,252.745,40427
2026-09-18 11:35:00,252.8,252.859,252.71,252.84,26280
2026-09-18 11:36:00,252.8,252.925,252.75,252.75,36627
2026-09-18 11:37:00,252.755,252.805,252.7,252.805,26973
2026-09-18 11:38:00,252.805,252.805,252.58,252.58,43186
2026-09-18 11:39:00,252.595,252.66,252.55,252.61,18309
2026-09-18 11:40:00,252.5951,252.89,252.5951,252.8313,14895
2026-09-18 11:41:00,252.795,252.9,252.7837,252.835,28789
2026-09-18 11:42:00,252.84,253.0899,252.8,253.05,36580
2026-09-18 11:43:00,253.04,253.06,252.925,252.945,27837
2026-09-18 11:44:00,252.9599,253.03,252.94,253.03,26096
2026-09-18 11:45:00,253.03,253.04,252.92,252.96,27313
2026-09-18 11:46:00,252.965,253.21,252.962,253.08,25446
2026-09-18 11:47:00,253.06,253.08,252.9,253.045,17710
2026-09-18 11:48:00,253.045,253.1,252.96,253,13564
2026-09-18 11:49:00,252.99,253.06,252.975,253.06,7238
2026-09-18 11:50:00,253.07,253.22,253.03,253.22,16318
2026-09-18 11:51:00,253.22,253.3799,253.22,253.31,28126
2026-09-18 11:52:00,253.29,253.31,253.16,253.21,10669
2026-09-18 11:53:00,253.22,253.23,253.03,253.065,18717
2026-09-18 11:54:00,253.06,253.1,253.01,253.04,22545
2026-09-18 11:55:00,253.04,253.23,253.025,253.2,14951
2026-09-18 11:56:00,253.2399,253.3899,253.2,253.33,25372
2026-09-18 11:57:00,253.38,253.55,253.23,253.23,40902
2026-09-18 11:58:00,253.23,253.26,253.1,253.13,18432
2026-09-18 11:59:00,253.122,253.16,253.06,253.06,25465
2026-09-18 12:00:00,253.07,253.11,253,253.0825,42820
2026-09-18 12:01:00,253.085,253.16,252.9905,253.045,24798
2026-09-18 12:02:00,253.09,253.305,253.07,253.251,20362
2026-09-18 12:03:00,253.2301,253.29,253.145,253.255,8646
2026-09-18 12:04:00,253.22,253.2655,253.18,253.21,9806
2026-09-18 12:05:00,253.24,253.29,253.2101,253.2886,14692
2026-09-18 12:06:00,253.29,253.415,253.27,253.415,10710
2026-09-18 12:07:00,253.39,253.435,253.32,253.3702,15982
2026-09-18 12:08:00,253.3692,253.39,253.35,253.3899,7076
2026-09-18 12:09:00,253.3496,253.535,253.3401,253.52,32463
2026-09-18 12:10:00,253.5201,253.5699,253.45,253.55,18147
2026-09-18 12:11:00,253.55,253.58,253.47,253.47,27487
2026-09-18 12:12:00,253.4752,253.62,253.4752,253.6,7306
2026-09-18 12:13:00,253.6,253.6,253.47,253.545,10884
2026-09-18 12:14:00,253.56,253.69,253.55,253.66,20674
2026-09-18 12:15:00,253.6101,253.78,253.53,253.76,31592
2026-09-18 12:16:00,253.755,253.835,253.63,253.66,25735
2026-09-18 12:17:00,253.67,253.84,253.67,253.76,22593
2026-09-18 12:18:00,253.78,253.905,253.755,253.855,13772
2026-09-18 12:19:00,253.85,253.9,253.7728,253.9,31602
2026-09-18 12:20:00,253.8915,253.9089,253.74,253.825,20955
2026-09-18 12:21:00,253.825,253.825,253.71,253.8,23408
2026-09-18 12:22:00,253.79,253.87,253.73,253.77,15358
2026-09-18 12:23:00,253.75,253.77,253.44,253.46,26587
2026-09-18 12:24:00,253.465,253.53,253.4,253.475,58032
2026-09-18 12:25:00,253.47,253.47,253.16,253.2899,31557
2026-09-18 12:26:00,253.25,253.32,253.25,253.32,6389
2026-09-18 12:27:00,253.315,253.4499,253.315,253.425,14896
2026-09-18 12:28:00,253.425,253.6599,253.39,253.605,17512
2026-09-18 12:29:00,253.58,253.7399,253.57,253.62,16743
2026-09-18 12:30:00,253.625,253.69,253.51,253.575,15249
2026-09-18 12:31:00,253.595,253.595,253.46,253.49,12506
2026-09-18 12:32:00,253.49,253.52,253.37,253.52,14291
2026-09-18 12:33:00,253.535,253.655,253.5101,253.65,3971
2026-09-18 12:34:00,253.6799,253.7,253.555,253.63,8808
2026-09-18 12:35:00,253.63,253.63,253.44,253.44,14233
2026-09-18 12:36:00,253.45,253.46,253.3404,253.35,4934
2026-09-18 12:37:00,253.36,253.3905,253.32,253.34,10576
2026-09-18 12:38:00,253.33,253.33,253.17,253.2857,14883
2026-09-18 12:39:00,253.29,253.48,253.26,253.45,8736
2026-09-18 12:40:00,253.455,253.4716,253.335,253.335,11364
2026-09-18 12:41:00,253.38,253.51,253.38,253.505,4313
2026-09-18 12:42:00,253.495,253.57,253.44,253.57,5618
2026-09-18 12:43:00,253.5607,253.589,253.4424,253.46,10004
2026-09-18 12:44:00,253.45,253.64,253.45,253.58,6526
2026-09-18 12:45:00,253.59,253.74,253.575,253.74,10329
2026-09-18 12:46:00,253.715,253.735,253.59,253.645,8635
2026-09-18 12:47:00,253.62,253.68,253.53,253.68,8207
2026-09-18 12:48:00,253.675,253.675,253.5701,253.5932,9969
2026-09-18 12:49:00,253.61,253.725,253.58,253.72,7803
2026-09-18 12:50:00,253.69,253.72,253.6305,253.68,16840
2026-09-18 12:51:00,253.67,253.76,253.63,253.7448,6310
2026-09-18 12:52:00,253.74,253.81,253.71,253.81,12648
2026-09-18 12:53:00,253.785,253.795,253.74,253.77,6556
2026-09-18 12:54:00,253.745,253.745,253.5801,253.5801,18761
2026-09-18 12:55:00,253.61,253.64,253.53,253.57,10058
2026-09-18 12:56:00,253.56,253.66,253.56,253.58,24815
2026-09-18 12:57:00,253.58,253.6967,253.5687,253.6539,14447
2026-09-18 12:58:00,253.65,253.65,253.45,253.5,6856
2026-09-18 12:59:00,253.46,253.5,253.44,253.47,11822
2026-09-18 13:00:00,253.4601,253.47,253.375,253.4493,12180
2026-09-18 13:01:00,253.46,253.53,253.4,253.43,10646
2026-09-18 13:02:00,253.43,253.4779,253.255,253.255,7726
2026-09-18 13:03:00,253.274,253.355,253.25,253.3163,8165
2026-09-18 13:04:00,253.31,253.31,253.24,253.25,4545
2026-09-18 13:05:00,253.24,253.27,253.2,253.2346,5470
2026-09-18 13:06:00,253.27,253.28,253.22,253.265,10776
2026-09-18 13:07:00,253.25,253.29,253.185,253.23,8099
2026-09-18 13:08:00,253.24,253.26,253.2,253.21,9787
2026-09-18 13:09:00,253.19,253.2,253.075,253.1,13214
2026-09-18 13:10:00,253.09,253.12,253.04,253.0738,27583
2026-09-18 13:11:00,253.07,253.08,252.97,253.02,24733
2026-09-18 13:12:00,253.05,253.055,252.94,253.03,10748
2026-09-18 13:13:00,253.015,253.175,253.009,253.175,18603
2026-09-18 13:14:00,253.16,253.2,253.1,253.165,11781
2026-09-18 13:15:00,253.16,253.16,253.11,253.16,6760
2026-09-18 13:16:00,253.17,253.17,253.06,253.11,9338
2026-09-18 13:17:00,253.1495,253.1495,253.08,253.12,8870
2026-09-18 13:18:00,253.105,253.1116,253.03,253.04,11076
2026-09-18 13:19:00,253.03,253.15,253.01,253.14,8218
2026-09-18 13:20:00,253.138,253.2147,253.095,253.095,8919
2026-09-18 13:21:00,253.08,253.15,253.08,253.13,14488
2026-09-18 13:22:00,253.13,253.16,253.11,253.1349,7739
2026-09-18 13:23:00,253.165,253.18,253.14,253.18,6316
2026-09-18 13:24:00,253.19,253.23,253.1666,253.22,5200
2026-09-18 13:25:00,253.2041,253.31,253.19,253.29,14491
2026-09-18 13:26:00,253.28,253.28,253.18,253.1897,9572
2026-09-18 13:27:00,253.2,253.22,253.16,253.17,4285
2026-09-18 13:28:00,253.1804,253.19,253.13,253.15,4040
2026-09-18 13:29:00,253.16,253.16,253.05,253.05,8118
2026-09-18 13:30:00,253.05,253.066,252.9402,253,18028
2026-09-18 13:31:00,252.9701,252.995,252.82,252.82,19162
2026-09-18 13:32:00,252.8112,252.87,252.77,252.8,13851
2026-09-18 13:33:00,252.82,252.8899,252.8,252.87,7532
2026-09-18 13:34:00,252.87,252.94,252.8491,252.905,12630
2026-09-18 13:35:00,252.91,252.96,252.87,252.95,14412
2026-09-18 13:36:00,252.92,253.05,252.92,252.947,18281
2026-09-18 13:37:00,252.97,252.97,252.89,252.9694,12064
2026-09-18 13:38:00,252.92,252.96,252.88,252.91,25250
2026-09-18 13:39:00,252.9199,253.0375,252.9,253.03,14190
2026-09-18 13:40:00,253.01,253.03,252.94,252.96,10690
2026-09-18 13:41:00,252.98,253.05,252.96,253.02,5867
2026-09-18 13:42:00,253.03,253.0499,252.96,253.0001,15002
2026-09-18 13:43:00,253.015,253.02,252.95,252.98,16103
2026-09-18 13:44:00,252.98,253.1,252.98,253.04,10544
2026-09-18 13:45:00,253.0201,253.09,253.02,253.045,8386
2026-09-18 13:46:00,253.05,253.1,253.03,253.06,9230
2026-09-18 13:47:00,253.05,253.0864,253.04,253.0599,7682
2026-09-18 13:48:00,253.045,253.0689,252.925,252.925,16990
2026-09-18 13:49:00,252.934,252.934,252.87,252.87,20892
2026-09-18 13:50:00,252.87,252.93,252.83,252.9074,9875
2026-09-18 13:51:00,252.94,253.06,252.92,253.02,11754
2026-09-18 13:52:00,253.02,253.04,252.97,253.005,10882
2026-09-18 13:53:00,253.015,253.0275,252.9789,253.015,7814
2026-09-18 13:54:00,253.01,253.06,253,253.02,8584
2026-09-18 13:55:00,253.05,253.06,252.98,252.995,5496
2026-09-18 13:56:00,253,253.04,252.995,253,2897
2026-09-18 13:57:00,253.0199,253.02,252.9506,252.96,8863
2026-09-18 13:58:00,252.95,252.95,252.91,252.95,8474
2026-09-18 13:59:00,252.95,252.96,252.915,252.96,6190
2026-09-18 14:00:00,252.91,252.9225,252.79,252.8399,23862
2026-09-18 14:01:00,252.81,252.965,252.751,252.94,11309
2026-09-18 14:02:00,252.95,252.97,252.89,252.93,8042
2026-09-18 14:03:00,252.91,252.97,252.9,252.97,5295
2026-09-18 14:04:00,252.98,253.045,252.98,253.025,11036
2026-09-18 14:05:00,253.02,253.22,253,253.135,29416
2026-09-18 14:06:00,253.14,253.24,253.11,253.215,20768
2026-09-18 14:07:00,253.2,253.205,253.04,253.04,15984
2026-09-18 14:08:00,253.055,253.12,253.05,253.1,6469
2026-09-18 14:09:00,253.1,253.1,253.03,253.05,6330
2026-09-18 14:10:00,253.08,253.12,253.06,253.12,8131
2026-09-18 14:11:00,253.095,253.095,253.01,253.06,11100
2026-09-18 14:12:00,253.07,253.13,253.05,253.13,7537
2026-09-18 14:13:00,253.125,253.15,253.075,253.14,7992
2026-09-18 14:14:00,253.13,253.165,253.11,253.12,19401
2026-09-18 14:15:00,253.135,253.225,253.1306,253.1654,14785
2026-09-18 14:16:00,253.15,253.17,253.085,253.11,15789
2026-09-18 14:17:00,253.1212,253.14,253.0879,253.1,9959
2026-09-18 14:18:00,253.11,253.11,253.05,253.08,8717
2026-09-18 14:19:00,253.07,253.08,253.03,253.055,11735
2026-09-18 14:20:00,253.07,253.155,253.04,253.13,9970
2026-09-18 14:21:00,253.14,253.2,253.1,253.12,14288
2026-09-18 14:22:00,253.1,253.21,253.1,253.21,11377
2026-09-18 14:23:00,253.17,253.27,253.15,253.2,15494
2026-09-18 14:24:00,253.19,253.195,253.105,253.15,13218
2026-09-18 14:25:00,253.17,253.21,253.14,253.16,19016
2026-09-18 14:26:00,253.15,253.15,253.1,253.1,5718
2026-09-18 14:27:00,253.105,253.2155,253.1007,253.18,16608
2026-09-18 14:28:00,253.18,253.18,253.12,253.13,20298
2026-09-18 14:29:00,253.13,253.21,253.12,253.185,5213
2026-09-18 14:30:00,253.1875,253.2799,253.15,253.21,16999
2026-09-18 14:31:00,253.21,253.39,253.21,253.27,18596
2026-09-18 14:32:00,253.25,253.28,253.2304,253.2738,6042
2026-09-18 14:33:00,253.27,253.34,253.26,253.34,12912
2026-09-18 14:34:00,253.37,253.43,253.35,253.38,17267
2026-09-18 14:35:00,253.385,253.385,253.335,253.37,4310
2026-09-18 14:36:00,253.375,253.3895,253.245,253.33,11230
2026-09-18 14:37:00,253.32,253.345,253.29,253.315,8384
2026-09-18 14:38:00,253.31,253.33,253.26,253.2901,9236
2026-09-18 14:39:00,253.315,253.35,253.28,253.28,7235
2026-09-18 14:40:00,253.27,253.3,253.23,253.275,11295
2026-09-18 14:41:00,253.275,253.49,253.26,253.4699,13121
2026-09-18 14:42:00,253.4599,253.66,253.4401,253.64,40180
2026-09-18 14:43:00,253.627,253.7438,253.58,253.7438,27941
2026-09-18 14:44:00,253.71,253.74,253.6387,253.6898,20145
2026-09-18 14:45:00,253.705,253.87,253.68,253.84,22484
2026-09-18 14:46:00,253.84,254.23,253.835,254.21,43042
2026-09-18 14:47:00,254.195,254.2669,254.122,254.24,20839
2026-09-18 14:48:00,254.2202,254.37,254.22,254.35,22168
2026-09-18 14:49:00,254.37,254.44,254.28,254.4,51718
2026-09-18 14:50:00,254.41,254.58,254.41,254.525,67773
2026-09-18 14:51:00,254.525,254.68,254.4866,254.65,40845
2026-09-18 14:52:00,254.63,254.76,254.63,254.725,41002
2026-09-18 14:53:00,254.715,254.82,254.59,254.6545,54621
2026-09-18 14:54:00,254.64,254.73,254.46,254.49,33744
2026-09-18 14:55:00,254.495,254.495,254.25,254.355,39016
2026-09-18 14:56:00,254.3473,254.405,254.31,254.32,23659
2026-09-18 14:57:00,254.3465,254.396,254.32,254.34,15297
2026-09-18 14:58:00,254.33,254.3599,254.26,254.33,30435
2026-09-18 14:59:00,254.32,254.3206,254.15,254.275,33086
2026-09-18 15:00:00,254.275,254.29,254.1355,254.255,20738
2026-09-18 15:01:00,254.289,254.289,254.07,254.1805,14227
2026-09-18 15:02:00,254.21,254.34,254.2,254.23,26558
2026-09-18 15:03:00,254.23,254.25,254.15,254.205,17590
2026-09-18 15:04:00,254.2,254.33,254.19,254.19,20165
2026-09-18 15:05:00,254.2149,254.33,254.17,254.28,28350
2026-09-18 15:06:00,254.33,254.4088,254.261,254.261,15279
2026-09-18 15:07:00,254.26,254.3,254.21,254.3,10711
2026-09-18 15:08:00,254.31,254.41,254.27,254.3995,14205
2026-09-18 15:09:00,254.39,254.395,254.27,254.325,17430
2026-09-18 15:10:00,254.31,254.3499,254.14,254.165,21731
2026-09-18 15:11:00,254.16,254.19,254.08,254.16,29348
2026-09-18 15:12:00,254.13,254.26,254.11,254.241,13191
2026-09-18 15:13:00,254.27,254.375,254.25,254.3086,17170
2026-09-18 15:14:00,254.28,254.3749,254.25,254.29,26079
2026-09-18 15:15:00,254.27,254.31,254.2501,254.29,12054
2026-09-18 15:16:00,254.3,254.42,254.3,254.4,36893
2026-09-18 15:17:00,254.42,254.5,254.3601,254.5,26583
2026-09-18 15:18:00,254.48,254.52,254.455,254.4698,29171
2026-09-18 15:19:00,254.475,254.49,254.39,254.41,27755
2026-09-18 15:20:00,254.43,254.51,254.4061,254.47,27776
2026-09-18 15:21:00,254.471,254.6,254.44,254.5568,26804
2026-09-18 15:22:00,254.55,254.59,254.521,254.56,33103
2026-09-18 15:23:00,254.56,254.58,254.45,254.5,11901
2026-09-18 15:24:00,254.5,254.73,254.47,254.73,47610
2026-09-18 15:25:00,254.73,254.73,254.59,254.61,28901
2026-09-18 15:26:00,254.6,254.73,254.58,254.68,20833
2026-09-18 15:27:00,254.67,254.74,254.63,254.705,13421
2026-09-18 15:28:00,254.69,254.76,254.69,254.7499,25722
2026-09-18 15:29:00,254.7454,254.7454,254.5401,254.575,22608
2026-09-18 15:30:00,254.575,254.5936,254.48,254.525,39456
2026-09-18 15:31:00,254.55,254.55,254.4,254.41,22221
2026-09-18 15:32:00,254.4,254.555,254.38,254.54,23340
2026-09-18 15:33:00,254.53,254.56,254.3201,254.39,17463
2026-09-18 15:34:00,254.36,254.36,254.2478,254.265,19037
2026-09-18 15:35:00,254.281,254.31,254.23,254.25,24508
2026-09-18 15:36:00,254.25,254.27,254.17,254.2627,24389
2026-09-18 15:37:00,254.27,254.2995,254.18,254.22,28498
2026-09-18 15:38:00,254.205,254.24,254.15,254.2199,29367
2026-09-18 15:39:00,254.22,254.25,254.104,254.13,29646
2026-09-18 15:40:00,254.135,254.15,253.9645,254.05,38095
2026-09-18 15:41:00,254.05,254.1,253.9802,254.1,11837
2026-09-18 15:42:00,254.1,254.13,254.07,254.12,17084
2026-09-18 15:43:00,254.15,254.3,254.1203,254.28,26515
2026-09-18 15:44:00,254.28,254.34,254.25,254.3,26124
2026-09-18 15:45:00,254.3,254.4,254.26,254.36,28102
2026-09-18 15:46:00,254.365,254.41,254.335,254.35,23072
2026-09-18 15:47:00,254.33,254.41,254.32,254.36,26166
2026-09-18 15:48:00,254.33,254.42,254.32,254.3796,30220
2026-09-18 15:49:00,254.39,254.53,254.39,254.52,43175
2026-09-18 15:50:00,254.5,254.6,254.06,254.14,92950
2026-09-18 15:51:00,254.15,254.285,254.05,254.1186,68620
2026-09-18 15:52:00,254.12,254.28,254.1,254.2,50822
2026-09-18 15:53:00,254.2,254.32,254.16,254.24,45577
2026-09-18 15:54:00,254.23,254.45,253.78,253.86,131071
2026-09-18 15:55:00,253.85,254.59,253.85,254.08,205550
2026-09-18 15:56:00,254.08,254.1,253.9,253.995,148950
2026-09-18 15:57:00,253.99,254.08,253.84,253.93,259019
2026-09-18 15:58:00,253.93,253.93,253.64,253.665,409398
2026-09-18 15:59:00,253.665,253.94,253.5,253.51,817871
2026-09-18 16:00:00,253.51,253.71,253.5,253.65,12488733
2026-09-18 16:01:00,253.62,253.65,253.55,253.65,6443
2026-09-18 16:02:00,253.63,253.831,253.63,253.8,46996
2026-09-18 16:03:00,253.77,253.8031,253.7324,253.8,900
2026-09-18 16:04:00,253.71,253.8,253.71,253.71,3607
2026-09-18 16:05:00,253.8,253.8,253.7156,253.77,1639
2026-09-18 16:06:00,253.7299,253.7829,253.7299,253.7829,1100
2026-09-18 16:07:00,253.8,254,253.71,253.9,11238
2026-09-18 16:08:00,253.81,254,253.81,254,1451
2026-09-18 16:09:00,254,254.25,254,254,1982
2026-09-18 16:10:00,253.98,253.99,253.88,253.88,1299
2026-09-18 16:11:00,254,254.09,253.99,253.99,367
2026-09-18 16:12:00,254.11,254.2166,254.02,254.2166,2100
2026-09-18 16:13:00,254.12,254.12,254.12,254.12,500
2026-09-18 16:14:00,254.02,254.02,254.02,254.02,100
2026-09-18 16:15:00,254.18,254.18,253.95,253.95,800
2026-09-18 16:16:00,254,254.18,253.9003,254.18,415
2026-09-18 16:17:00,253.71,254.18,253.71,254.1,2189
2026-09-18 16:18:00,254.17,254.2,254.01,254.01,5072
2026-09-18 16:19:00,254.19,254.19,254.19,254.19,250
2026-09-18 16:20:00,254.14,254.14,254.14,254.14,300
2026-09-18 16:21:00,254.17,254.2,254.17,254.19,1790
2026-09-18 16:23:00,254.19,254.25,254.19,254.2,2869
2026-09-18 16:24:00,254.2028,254.2028,254.2028,254.2028,1010
2026-09-18 16:25:00,254.19,254.2422,254.19,254.2422,390
2026-09-18 16:26:00,254.3181,254.32,254.3076,254.32,729
2026-09-18 16:27:00,254.27,254.39,254.2413,254.39,710
2026-09-18 16:28:00,254.3845,254.4,254.3,254.3,722
2026-09-18 16:29:00,254.2796,254.29,254.2796,254.29,294
2026-09-18 16:30:00,254.29,254.3,254.29,254.3,939
2026-09-18 16:31:00,254.3,254.3,254.2605,254.2605,800
2026-09-18 16:32:00,254.3,254.3,254.28,254.28,503
2026-09-18 16:34:00,254.28,254.3,254.28,254.3,640
2026-09-18 16:35:00,254.3,254.3,254.3,254.3,1100
2026-09-18 16:36:00,254.32,254.38,254.32,254.38,220
2026-09-18 16:37:00,254.37,254.4,254.25,254.4,2306
2026-09-18 16:40:00,254.4,254.4,254.4,254.4,100
2026-09-18 16:41:00,254.46,254.48,254.26,254.26,2163
2026-09-18 16:42:00,254.48,254.48,254.48,254.48,200
2026-09-18 16:43:00,254.3215,254.44,254.3215,254.44,480
2026-09-18 16:44:00,254.32,254.49,254.32,254.49,1995
2026-09-18 16:45:00,254.49,254.64,254.41,254.59,1804
2026-09-18 16:46:00,254.56,254.56,254.55,254.55,200
2026-09-18 16:47:00,254.4232,254.6128,254.4232,254.6128,942
2026-09-18 16:48:00,254.58,254.5959,254.58,254.5959,200
2026-09-18 16:49:00,254.42,254.42,254.26,254.26,877
2026-09-18 16:54:00,254.43,254.43,254.29,254.29,500
2026-09-18 16:55:00,254.31,254.53,254.19,254.47,2135
2026-09-18 16:56:00,254.42,254.42,254.42,254.42,100
2026-09-18 16:57:00,254.5,254.53,254.5,254.53,410
2026-09-18 16:58:00,254.46,254.51,254.24,254.49,2117
2026-09-18 16:59:00,254.41,254.41,254.41,254.41,500
2026-09-18 17:01:00,254.4386,254.4386,254.4386,254.4386,100
2026-09-18 17:02:00,254.39,254.5,254.2932,254.36,1702
2026-09-18 17:03:00,254.54,254.54,254.5,254.54,1155
2026-09-18 17:04:00,254.5,254.5,254.5,254.5,350
2026-09-18 17:05:00,254.48,254.496,254.48,254.496,300
2026-09-18 17:06:00,254.6068,254.66,254.3204,254.56,5084
2026-09-18 17:09:00,254.43,254.43,254.43,254.43,1898
2026-09-18 17:10:00,254.6,254.75,254.59,254.65,2240
2026-09-18 17:11:00,254.75,254.75,254.75,254.75,100
2026-09-18 17:12:00,254.4998,254.4998,254.4998,254.4998,150
2026-09-18 17:14:00,254.3,254.3,254.26,254.26,268
2026-09-18 17:15:00,254.37,254.4737,254.37,254.4737,200
2026-09-18 17:16:00,254.3563,254.3563,254.3563,254.3563,100
2026-09-18 17:17:00,254.5,254.5,254.4,254.4,871
2026-09-18 17:18:00,254.5,254.5,254.5,254.5,500
2026-09-18 17:19:00,254.4104,254.42,254.4,254.4,1400
2026-09-18 17:20:00,254.5,254.5,254.5,254.5,1277
2026-09-18 17:22:00,254.403,254.403,254.403,254.403,100
2026-09-18 17:23:00,254.5,254.5,254.5,254.5,100
2026-09-18 17:25:00,254.6,254.6,254.6,254.6,303
2026-09-18 17:28:00,254.6015,254.6015,254.6015,254.6015,500
2026-09-18 17:35:00,254.52,254.52,254.52,254.52,138
2026-09-18 17:36:00,254.52,254.52,254.52,254.52,111
2026-09-18 17:37:00,254.5,254.6,254.5,254.6,1419
2026-09-18 17:38:00,254.61,254.61,254.61,254.61,100
2026-09-18 17:39:00,254.55,254.55,254.55,254.55,247
2026-09-18 17:41:00,254.5923,254.5923,254.5923,254.5923,150
2026-09-18 17:42:00,254.6,254.6,254.6,254.6,100
2026-09-18 17:43:00,254.6092,254.64,254.6,254.64,1020
2026-09-18 17:45:00,254.65,254.65,254.6,254.6,442
2026-09-18 17:46:00,254.6,254.6,254.6,254.6,2000
2026-09-18 17:48:00,254.6,254.6,254.6,254.6,140
2026-09-18 17:50:00,254.6522,254.6522,254.6522,254.6522,100
2026-09-18 17:51:00,254.6,254.6,254.6,254.6,460
2026-09-18 17:52:00,254.6,254.6,254.6,254.6,300
2026-09-18 17:53:00,254.6,254.6,254.6,254.6,300
2026-09-18 17:54:00,254.6,254.6,254.6,254.6,500
2026-09-18 17:58:00,254.6,254.61,254.6,254.61,510
2026-09-18 18:00:00,254.6,254.6,254.6,254.6,100
2026-09-18 18:02:00,254.61,254.61,254.61,254.61,1000
2026-09-18 18:03:00,254.6,254.6,254.6,254.6,455
2026-09-18 18:08:00,254.61,254.61,254.61,254.61,100
2026-09-18 18:09:00,254.6001,254.6001,254.51,254.51,1200
2026-09-18 18:11:00,254.4024,254.4024,254.4024,254.4024,1000
2026-09-18 18:12:00,254.4,254.4,254.4,254.4,1000
2026-09-18 18:14:00,254.4097,254.4097,254.4097,254.4097,200
2026-09-18 18:15:00,254.4,254.4,254.33,254.33,200
2026-09-18 18:16:00,254.32,254.34,254.25,254.3,3408
2026-09-18 18:17:00,254.5,254.5,254.5,254.5,100
2026-09-18 18:19:00,254.32,254.32,254.32,254.32,157
2026-09-18 18:21:00,254.3002,254.32,254.3002,254.32,243
2026-09-18 18:24:00,254.48,254.5,254.48,254.5,723
2026-09-18 18:27:00,254.5382,254.5382,254.5382,254.5382,200
2026-09-18 18:28:00,254.5643,254.5643,254.5643,254.5643,116
2026-09-18 18:30:00,254.5,254.5,254.5,254.5,200
2026-09-18 18:32:00,254.44,254.56,254.44,254.56,1558
2026-09-18 18:37:00,254.49,254.49,254.49,254.49,100
2026-09-18 18:39:00,254.49,254.4998,254.49,254.4998,200
2026-09-18 18:42:00,254.49,254.49,254.48,254.48,250
2026-09-18 18:43:00,254.4,254.4,254.4,254.4,100
2026-09-18 18:44:00,254.5,254.5,254.5,254.5,600
2026-09-18 18:45:00,254.4,254.5,254.3479,254.3479,1000
2026-09-18 18:49:00,254.3927,254.3927,254.3927,254.3927,717
2026-09-18 18:50:00,254.41,254.41,254.35,254.35,628
2026-09-18 18:51:00,254.35,254.5,254.35,254.5,200
2026-09-18 18:52:00,254.4899,254.4899,254.4899,254.4899,200
2026-09-18 18:53:00,254.35,254.35,254.35,254.35,100
2026-09-18 18:58:00,254.44,254.44,254.44,254.44,100
2026-09-18 19:00:00,254.4599,254.4599,254.44,254.44,200
2026-09-18 19:02:00,254.479,254.479,254.45,254.45,646
2026-09-18 19:03:00,254.45,254.45,254.45,254.45,700
2026-09-18 19:04:00,254.5,254.5,254.5,254.5,680
2026-09-18 19:05:00,254.5,254.5,254.4045,254.4045,700
2026-09-18 19:07:00,254.49,254.49,254.49,254.49,162
2026-09-18 19:10:00,254.55,254.55,254.55,254.55,600
2026-09-18 19:11:00,254.46,254.46,254.46,254.46,258
2026-09-18 19:12:00,254.45,254.46,254.45,254.45,1490
2026-09-18 19:14:00,254.48,254.48,254.48,254.48,100
2026-09-18 19:16:00,254.47,254.47,254.47,254.47,100
2026-09-18 19:17:00,254.5,254.5,254.5,254.5,300
2026-09-18 19:19:00,254.4101,254.5272,254.4101,254.5272,2305
2026-09-18 19:20:00,254.41,254.41,254.41,254.41,100
2026-09-18 19:23:00,254.5,254.5,254.5,254.5,100
2026-09-18 19:25:00,254.4,254.43,254.4,254.43,750
2026-09-18 19:26:00,254.5389,254.5389,254.5389,254.5389,200
2026-09-18 19:29:00,254.35,254.4904,254.35,254.4904,200
2026-09-18 19:30:00,254.5,254.5,254.5,254.5,200
2026-09-18 19:36:00,254.4526,254.4526,254.41,254.41,200
2026-09-18 19:38:00,254.39,254.39,254.39,254.39,690
2026-09-18 19:39:00,254.35,254.35,254.35,254.35,616
2026-09-18 19:40:00,254.25,254.25,254.24,254.24,770
2026-09-18 19:42:00,254.24,254.24,254,254.16,4883
2026-09-18 19:44:00,254.26,254.26,254.26,254.26,200
2026-09-18 19:45:00,254.04,254.04,254.04,254.04,300
2026-09-18 19:47:00,254.1825,254.1825,254.1825,254.1825,150
2026-09-18 19:48:00,254.16,254.3,254.16,254.23,458
2026-09-18 19:50:00,254.21,254.21,254.18,254.18,305
2026-09-18 19:51:00,254.0517,254.23,254.0517,254.2269,450
2026-09-18 19:52:00,254.2282,254.2282,254.2282,254.2282,1000
2026-09-18 19:54:00,254.1,254.1,254.1,254.1,250
2026-09-18 19:55:00,254.2,254.208,254.2,254.208,499
2026-09-18 19:56:00,254.21,254.21,254.21,254.21,100
2026-09-18 19:57:00,254.2499,254.25,254.2499,254.25,330
2026-09-18 19:58:00,254.2013,254.25,254.2013,254.25,300
2026-09-18 19:59:00,254.25,254.25,254.25,254.25,158
2026-09-21 04:00:00,255.51,256.1,255.44,256.02,11151
2026-09-21 04:01:00,256.04,256.04,255.58,256.0,6350
2026-09-21 04:02:00,255.55,256.06,255.53,256.01,13658
2026-09-21 04:05:00,256.03,256.03,255.99,256.0,1301
2026-09-21 04:06:00,255.58,255.58,255.58,255.58,621
2026-09-21 04:08:00,256.0,256.0,256.0,256.0,519
2026-09-21 04:09:00,255.9937,256.0,255.9,255.9,1245
2026-09-21 04:11:00,255.9634,255.9634,255.9634,255.9634,510
2026-09-21 04:13:00,255.95,255.95,255.95,255.95,200
2026-09-21 04:15:00,255.9,255.9,255.9,255.9,1300
2026-09-21 04:17:00,255.93,255.93,255.93,255.93,200
2026-09-21 04:18:00,255.94,255.98,255.94,255.94,5599
2026-09-21 04:20:00,255.95,255.95,255.8,255.8,4201
2026-09-21 04:21:00,255.74,255.74,255.74,255.74,200
2026-09-21 04:22:00,255.92,255.92,255.85,255.88,1334
2026-09-21 04:23:00,255.81,255.81,255.78,255.78,323
2026-09-21 04:24:00,255.84,255.84,255.84,255.84,147
2026-09-21 04:25:00,255.85,255.85,255.85,255.85,190
2026-09-21 04:26:00,255.79,255.79,255.79,255.79,640
2026-09-21 04:28:00,255.79,255.86,255.79,255.86,949
2026-09-21 04:29:00,255.8,255.8,255.74,255.74,356
2026-09-21 04:30:00,255.71,255.71,255.71,255.71,100
2026-09-21 04:31:00,255.69,255.73,255.68,255.73,596
2026-09-21 04:32:00,255.69,256.2,255.69,256.2,8953
2026-09-21 04:33:00,256.07,256.07,256.07,256.07,1000
2026-09-21 04:37:00,256.1,256.1,256.09,256.09,256
2026-09-21 04:40:00,256.18,256.18,256.18,256.18,1000
2026-09-21 04:41:00,256.18,256.18,256.17,256.18,680
2026-09-21 04:43:00,256.2,256.2,256.1896,256.1896,2000
2026-09-21 04:44:00,256.2,256.2,256.2,256.2,200
2026-09-21 04:46:00,256.1,256.1,256.1,256.1,141
2026-09-21 04:50:00,256.06,256.06,256.06,256.06,460
2026-09-21 04:52:00,256.1194,256.1194,256.1194,256.1194,400
2026-09-21 04:54:00,256.13,256.13,256.13,256.13,150
2026-09-21 04:58:00,256.08,256.08,256.08,256.08,122
2026-09-21 04:59:00,256.12,256.12,256.1,256.1,245
2026-09-21 05:00:00,256.12,256.12,256.12,256.12,119
2026-09-21 05:01:00,256.12,256.12,256.12,256.12,118
2026-09-21 05:02:00,256.17,256.17,256.17,256.17,100
2026-09-21 05:03:00,256.17,256.17,256.17,256.17,190
2026-09-21 05:05:00,256.121,256.121,256.121,256.121,100
2026-09-21 05:08:00,256.18,256.23,256.18,256.23,10511
2026-09-21 05:10:00,256.15,256.15,256.15,256.15,100
2026-09-21 05:11:00,256.0,256.0,256.0,256.0,1104
2026-09-21 05:13:00,255.98,255.98,255.77,255.77,611
2026-09-21 05:16:00,255.92,255.92,255.92,255.92,100
2026-09-21 05:17:00,255.97,255.97,255.97,255.97,1000
2026-09-21 05:19:00,255.8805,255.8805,255.8805,255.8805,100
2026-09-21 05:22:00,255.77,255.77,255.77,255.77,750
2026-09-21 05:23:00,256.03,256.03,256.03,256.03,100
2026-09-21 05:24:00,255.99,255.99,255.99,255.99,100
2026-09-21 05:27:00,255.95,255.95,255.95,255.95,200
2026-09-21 05:28:00,255.92,255.92,255.92,255.92,100
2026-09-21 05:30:00,255.79,255.79,255.79,255.79,240
2026-09-21 05:38:00,255.91,256.0,255.91,256.0,2710
2026-09-21 05:41:00,255.99,255.99,255.9,255.9,486
2026-09-21 05:42:00,255.9,255.9,255.89,255.89,700
2026-09-21 05:43:00,256.07,256.1,256.07,256.1,2070
2026-09-21 05:44:00,256.12,256.12,256.12,256.12,198
2026-09-21 05:46:00,256.16,256.16,256.16,256.16,608
2026-09-21 05:47:00,256.17,256.17,256.17,256.17,100
2026-09-21 05:51:00,256.09,256.17,256.09,256.17,481
2026-09-21 05:52:00,256.19,256.19,256.19,256.19,100
2026-09-21 05:53:00,256.19,256.19,256.19,256.19,146
2026-09-21 05:54:00,256.195,256.195,256.195,256.195,100
2026-09-21 05:55:00,256.21,256.21,256.21,256.21,100
2026-09-21 05:57:00,256.16,256.16,256.09,256.09,335
2026-09-21 06:00:00,256.13,256.13,256.13,256.13,100
2026-09-21 06:03:00,256.11,256.11,256.11,256.11,200
2026-09-21 06:05:00,256.06,256.23,256.01,256.23,1639
2026-09-21 06:08:00,256.11,256.11,256.09,256.09,839
2026-09-21 06:10:00,256.03,256.05,256.03,256.05,200
2026-09-21 06:13:00,256.01,256.01,255.92,255.92,308
2026-09-21 06:14:00,255.91,255.94,255.91,255.94,626
2026-09-21 06:15:00,256.0,256.0,255.98,256.0,3783
2026-09-21 06:16:00,256.14,256.14,256.14,256.14,134
2026-09-21 06:17:00,256.1,256.2,256.1,256.2,200
2026-09-21 06:18:00,256.04,256.04,256.02,256.02,700
2026-09-21 06:19:00,256.0,256.0,256.0,256.0,100
2026-09-21 06:22:00,256.17,256.17,256.17,256.17,105
2026-09-21 06:23:00,256.08,256.08,256.049,256.08,648
2026-09-21 06:25:00,256.09,256.09,256.09,256.09,288
2026-09-21 06:27:00,256.1,256.1,256.1,256.1,200
2026-09-21 06:28:00,256.1,256.1,256.1,256.1,581
2026-09-21 06:29:00,256.06,256.06,256.06,256.06,110
2026-09-21 06:30:00,256.0,256.0,256.0,256.0,569
2026-09-21 06:31:00,256.03,256.06,256.03,256.06,378
2026-09-21 06:33:00,255.89,255.89,255.89,255.89,100
2026-09-21 06:39:00,256.0,256.15,256.0,256.15,521
2026-09-21 06:40:00,256.15,256.15,256.15,256.15,100
2026-09-21 06:41:00,255.95,255.95,255.95,255.95,100
2026-09-21 06:43:00,256.069,256.069,256.069,256.069,150
2026-09-21 06:44:00,255.96,255.98,255.71,255.73,3333
2026-09-21 06:45:00,255.78,255.78,255.78,255.78,100
2026-09-21 06:46:00,255.72,255.81,255.61,255.81,462
2026-09-21 06:48:00,255.88,255.88,255.88,255.88,115
2026-09-21 06:51:00,255.94,255.94,255.94,255.94,138
2026-09-21 06:52:00,255.91,255.94,255.91,255.94,200
2026-09-21 06:53:00,255.88,255.88,255.88,255.88,100
2026-09-21 06:54:00,255.86,255.86,255.86,255.86,143
2026-09-21 06:55:00,255.9,255.99,255.9,255.99,200
2026-09-21 07:00:00,255.88,255.9799,255.6,255.9799,4606
2026-09-21 07:01:00,255.65,255.8,255.65,255.8,1129
2026-09-21 07:02:00,255.7105,255.7105,255.7105,255.7105,100
2026-09-21 07:03:00,255.8172,255.8172,255.81,255.81,271
2026-09-21 07:04:00,255.8199,255.8199,255.75,255.76,2600
2026-09-21 07:05:00,255.7,255.75,255.67,255.7,1360
2026-09-21 07:06:00,255.6,255.65,255.49,255.5,2345
2026-09-21 07:08:00,255.5,255.5,255.45,255.45,1615
2026-09-21 07:09:00,255.4823,255.4823,255.44,255.44,600
2026-09-21 07:10:00,255.5818,255.6244,255.44,255.44,1277
2026-09-21 07:11:00,255.5,255.5,255.5,255.5,260
2026-09-21 07:12:00,255.51,255.51,255.44,255.45,793
2026-09-21 07:13:00,255.6654,255.6654,255.6654,255.6654,100
2026-09-21 07:14:00,255.5,255.5,255.5,255.5,938
2026-09-21 07:15:00,255.6,255.6,255.49,255.49,200
2026-09-21 07:16:00,255.5,255.6,255.4,255.6,884
2026-09-21 07:17:00,255.66,255.66,255.5,255.55,642
2026-09-21 07:18:00,255.46,255.55,255.4,255.41,1500
2026-09-21 07:19:00,255.49,255.49,255.4,255.4728,980
2026-09-21 07:20:00,255.47,255.5,255.47,255.5,200
2026-09-21 07:22:00,255.69,255.69,255.67,255.67,905
2026-09-21 07:23:00,255.6,255.66,255.6,255.66,741
2026-09-21 07:24:00,255.5497,255.616,255.5497,255.616,210
2026-09-21 07:26:00,255.6,255.6,255.6,255.6,200
2026-09-21 07:28:00,255.6169,255.6169,255.6,255.6,600
2026-09-21 07:29:00,255.5,255.5,255.5,255.5,500
2026-09-21 07:30:00,255.5528,255.5528,255.5528,255.5528,500
2026-09-21 07:31:00,255.5,255.5,255.5,255.5,100
2026-09-21 07:32:00,255.45,255.45,255.4,255.45,734
2026-09-21 07:33:00,255.5,255.5,255.4,255.4737,700
2026-09-21 07:34:00,255.4694,255.4694,255.4,255.42,691
2026-09-21 07:35:00,255.41,255.41,255.39,255.39,200
2026-09-21 07:36:00,255.41,255.41,255.41,255.41,100
2026-09-21 07:38:00,255.5,255.5,255.5,255.5,220
2026-09-21 07:39:00,255.47,255.51,255.47,255.5,1500
2026-09-21 07:40:00,255.5679,255.5679,255.5679,255.5679,100
2026-09-21 07:42:00,255.46,255.46,255.36,255.36,3219
2026-09-21 07:43:00,255.35,255.35,255.35,255.35,1917
2026-09-21 07:44:00,255.4,255.475,255.38,255.4703,1376
2026-09-21 07:45:00,255.4073,255.48,255.4073,255.41,450
2026-09-21 07:46:00,255.4,255.4,255.4,255.4,100
2026-09-21 07:47:00,255.3382,255.38,255.3382,255.38,780
2026-09-21 07:49:00,255.34,255.3554,255.34,255.3554,273
2026-09-21 07:50:00,255.44,255.44,255.44,255.44,1000
2026-09-21 07:51:00,255.3397,255.3397,255.3397,255.3397,100
2026-09-21 07:52:00,255.43,255.43,255.43,255.43,1000
2026-09-21 07:53:00,255.33,255.33,255.33,255.33,2000
2026-09-21 07:54:00,255.33,255.44,255.33,255.3899,1250
2026-09-21 07:55:00,255.39,255.39,255.36,255.3897,4317
2026-09-21 07:56:00,255.3393,255.3393,255.22,255.22,786
2026-09-21 07:57:00,255.1,255.13,255.1,255.13,600
2026-09-21 07:59:00,255.18,255.2126,255.122,255.2126,1312
2026-09-21 08:00:00,255.11,255.31,255.11,255.1591,955
2026-09-21 08:01:00,255.2981,255.2981,255.22,255.23,351
2026-09-21 08:02:00,255.1942,255.21,255.1,255.1,2331
2026-09-21 08:03:00,255.16,255.19,255.16,255.19,428
2026-09-21 08:04:00,255.2237,255.2237,255.16,255.16,450
2026-09-21 08:05:00,255.2185,255.29,255.1503,255.29,4849
2026-09-21 08:07:00,255.38,255.38,255.2503,255.2503,407
2026-09-21 08:08:00,255.2732,255.2732,255.2732,255.2732,500
2026-09-21 08:09:00,255.3813,255.3813,255.25,255.25,400
2026-09-21 08:10:00,255.3,255.39,255.3,255.39,2820
2026-09-21 08:11:00,255.3501,255.37,255.3501,255.37,300
2026-09-21 08:12:00,255.3561,255.3862,255.35,255.3862,772
2026-09-21 08:13:00,255.3,255.3772,255.2652,255.3772,2961
2026-09-21 08:14:00,255.2777,255.3817,255.2777,255.3817,1600
2026-09-21 08:15:00,255.32,255.33,255.32,255.33,200
2026-09-21 08:16:00,255.26,255.29,255.25,255.25,3225
2026-09-21 08:17:00,255.19,255.2,255.15,255.1902,1930
2026-09-21 08:21:00,255.29,255.29,255.2693,255.2693,1600
2026-09-21 08:23:00,255.24,255.24,255.2,255.2,500
2026-09-21 08:25:00,255.2207,255.2207,255.2207,255.2207,100
2026-09-21 08:28:00,255.19,255.19,255.19,255.19,100
2026-09-21 08:29:00,255.25,255.25,255.1,255.1297,600
2026-09-21 08:32:00,255.18,255.18,255.15,255.15,395
2026-09-21 08:33:00,255.1355,255.1355,255.1355,255.1355,200
2026-09-21 08:34:00,255.11,255.11,255.11,255.11,200
2026-09-21 08:35:00,255.11,255.1184,255.11,255.1184,400
2026-09-21 08:36:00,255.2014,255.2014,255.18,255.18,400
2026-09-21 08:38:00,255.12,255.2106,255.12,255.12,4035
2026-09-21 08:39:00,255.08,255.16,255.08,255.16,600
2026-09-21 08:40:00,255.02,255.122,255.02,255.08,860
2026-09-21 08:41:00,255.02,255.15,254.9,255.0,15857
2026-09-21 08:42:00,254.9006,255.1088,254.9006,254.9297,2136
2026-09-21 08:43:00,254.98,255.078,254.98,255.078,627
2026-09-21 08:44:00,254.87,255.0,254.87,255.0,5500
2026-09-21 08:45:00,255.0699,255.07,255.0699,255.07,1150
2026-09-21 08:46:00,255.1,255.23,255.1,255.21,3017
2026-09-21 08:47:00,255.2683,255.2683,255.2683,255.2683,100
2026-09-21 08:48:00,255.25,255.25,255.25,255.25,400
2026-09-21 08:49:00,255.24,255.29,255.23,255.29,1482
2026-09-21 08:50:00,255.29,255.3,255.23,255.23,4002
2026-09-21 08:51:00,255.18,255.19,255.0341,255.0341,611
2026-09-21 08:54:00,255.0,255.06,255.0,255.0,1444
2026-09-21 08:55:00,254.9,254.9808,254.9,254.98,2180
2026-09-21 08:56:00,254.97,254.99,254.95,254.9752,6020
2026-09-21 08:57:00,254.99,254.99,254.9002,254.9899,1980
2026-09-21 08:58:00,254.91,254.99,254.9,254.99,800
2026-09-21 08:59:00,254.98,255.1491,254.97,255.1491,2432
2026-09-21 09:00:00,255.08,255.15,255.08,255.13,700
2026-09-21 09:01:00,255.13,255.14,255.028,255.07,1435
2026-09-21 09:02:00,255.0107,255.14,255.0107,255.14,258
2026-09-21 09:04:00,255.08,255.1361,255.08,255.0907,804
2026-09-21 09:05:00,255.1161,255.1161,255.0554,255.0554,200
2026-09-21 09:06:00,255.0482,255.0488,255.0449,255.0449,1800
2026-09-21 09:07:00,255.0579,255.0579,255.0579,255.0579,150
2026-09-21 09:08:00,255.12,255.12,255.04,255.04,414
2026-09-21 09:09:00,255.04,255.04,255.01,255.01,1515
2026-09-21 09:10:00,255.01,255.01,255.01,255.01,297
2026-09-21 09:11:00,255.0405,255.0405,255.0405,255.0405,298
2026-09-21 09:12:00,255.04,255.04,255.0,255.0,3582
2026-09-21 09:13:00,255.12,255.15,255.12,255.15,560
2026-09-21 09:14:00,255.1,255.1314,255.1,255.1314,517
2026-09-21 09:15:00,255.09,255.09,255.09,255.09,500
2026-09-21 09:16:00,255.09,255.09,255.0534,255.0534,397
2026-09-21 09:17:00,255.0,255.0,254.9,254.9,1700
2026-09-21 09:18:00,254.9,254.9,254.9,254.9,110
2026-09-21 09:19:00,254.95,255.03,254.94,255.03,2261
2026-09-21 09:20:00,255.05,255.15,255.02,255.02,1470
2026-09-21 09:21:00,254.92,255.0,254.9,255.0,961
2026-09-21 09:22:00,254.96,255.01,254.96,255.01,1292
2026-09-21 09:23:00,254.95,255.0612,254.95,254.99,812
2026-09-21 09:24:00,254.9,254.91,254.9,254.91,317
2026-09-21 09:25:00,255.04,255.15,254.8071,254.8804,6843
2026-09-21 09:26:00,254.82,254.9,254.79,254.79,3475
2026-09-21 09:27:00,254.79,255.6,254.69,255.6,14128
2026-09-21 09:28:00,255.7,256.74,255.7,256.53,53033
2026-09-21 09:29:00,256.53,256.72,256.27,256.29,12952
2026-09-21 09:30:00,256.29,256.65,255.35,256.38,786473
2026-09-21 09:31:00,256.33,256.66,255.53,256.425,168116
2026-09-21 09:32:00,256.425,256.425,255.32,255.38,90885
2026-09-21 09:33:00,255.41,255.78,255.12,255.27,99342
2026-09-21 09:34:00,255.24,255.3683,254.9,254.94,102478
2026-09-21 09:35:00,254.94,255.019,254.55,254.725,128135
2026-09-21 09:36:00,254.72,255.68,254.705,255.36,223463
2026-09-21 09:37:00,255.2961,255.99,255.29,255.9141,99718
2026-09-21 09:38:00,255.89,256.35,255.84,256.18,110001
2026-09-21 09:39:00,256.22,256.29,255.95,256.065,69774
2026-09-21 09:40:00,256.11,256.2999,255.78,255.85,60543
2026-09-21 09:41:00,255.85,255.89,255.36,255.64,45569
2026-09-21 09:42:00,255.6799,255.77,255.16,255.31,76074
2026-09-21 09:43:00,255.295,255.44,254.9,255.185,51723
2026-09-21 09:44:00,255.185,255.62,255.18,255.62,54580
2026-09-21 09:45:00,255.615,255.91,254.51,254.55,136899
2026-09-21 09:46:00,254.56,254.695,254.1,254.14,120725
2026-09-21 09:47:00,254.12,254.23,253.76,253.81,119962
2026-09-21 09:48:00,253.8,254.4299,253.6,254.41,136820
2026-09-21 09:49:00,254.37,254.3899,254.08,254.2726,60675
2026-09-21 09:50:00,254.245,254.27,253.825,253.908,71175
2026-09-21 09:51:00,253.9,254.0,253.72,253.93,46001
2026-09-21 09:52:00,253.91,254.39,253.91,254.3625,36223
2026-09-21 09:53:00,254.345,254.58,254.225,254.495,80443
2026-09-21 09:54:00,254.58,254.7145,254.5,254.6,52121
2026-09-21 09:55:00,254.605,254.77,254.56,254.73,72171
2026-09-21 09:56:00,254.735,254.98,254.7,254.775,82556
2026-09-21 09:57:00,254.73,254.95,254.7001,254.8628,44197
2026-09-21 09:58:00,254.925,255.055,254.35,254.35,70030
2026-09-21 09:59:00,254.354,254.73,254.24,254.71,48352
2026-09-21 10:00:00,254.715,254.87,254.34,254.46,99097
2026-09-21 10:01:00,254.44,254.829,254.41,254.68,46607
2026-09-21 10:02:00,254.68,254.86,254.595,254.83,39568
2026-09-21 10:03:00,254.835,255.3,254.835,255.205,114133
2026-09-21 10:04:00,255.26,255.67,255.16,255.65,97287
2026-09-21 10:05:00,255.63,255.664,255.33,255.33,64202
2026-09-21 10:06:00,255.31,256.05,255.31,256.025,107211
2026-09-21 10:07:00,256.02,256.46,256.0,256.46,77037
2026-09-21 10:08:00,256.465,256.85,256.31,256.78,138016
2026-09-21 10:09:00,256.805,256.98,256.79,256.8621,68442
2026-09-21 10:10:00,256.89,256.9299,256.64,256.815,90414
2026-09-21 10:11:00,256.835,257.12,256.75,256.9,178290
2026-09-21 10:12:00,256.9,256.925,256.65,256.85,81090
2026-09-21 10:13:00,256.8794,257.02,256.66,256.76,47304
2026-09-21 10:14:00,256.72,256.935,256.4001,256.505,70802
2026-09-21 10:15:00,256.48,256.58,256.26,256.555,75351
2026-09-21 10:16:00,256.55,256.8499,256.49,256.755,35762
2026-09-21 10:17:00,256.76,256.92,256.53,256.66,93457
2026-09-21 10:18:00,256.625,256.6599,256.29,256.3899,50873
2026-09-21 10:19:00,256.36,256.59,256.34,256.475,41079
2026-09-21 10:20:00,256.49,256.64,256.35,256.565,48148
2026-09-21 10:21:00,256.55,256.7225,256.4,256.7225,59065
2026-09-21 10:22:00,256.7,256.72,256.535,256.625,62884
2026-09-21 10:23:00,256.59,256.67,256.39,256.39,36211
2026-09-21 10:24:00,256.435,256.5,256.23,256.29,69039
2026-09-21 10:25:00,256.29,256.32,256.1001,256.19,44189
2026-09-21 10:26:00,256.26,256.39,256.13,256.17,103489
2026-09-21 10:27:00,256.17,256.39,256.04,256.345,76170
2026-09-21 10:28:00,256.3404,256.3999,255.96,256.0399,57099
2026-09-21 10:29:00,256.01,256.02,255.6202,255.82,98259
2026-09-21 10:30:00,255.86,255.96,255.705,255.81,65899
2026-09-21 10:31:00,255.755,256.07,255.7458,255.9301,49157
2026-09-21 10:32:00,255.92,255.9699,255.76,255.845,26053
2026-09-21 10:33:00,255.82,256.04,255.73,255.9975,58170
2026-09-21 10:34:00,255.9925,256.01,255.6701,255.74,46762
2026-09-21 10:35:00,255.76,255.85,255.7,255.725,37956
2026-09-21 10:36:00,255.7,255.94,255.66,255.89,36303
2026-09-21 10:37:00,255.925,256.1299,255.8801,256.0151,29030
2026-09-21 10:38:00,255.9987,256.13,255.9101,255.9799,29234
2026-09-21 10:39:00,255.95,255.9799,255.72,255.81,20197
2026-09-21 10:40:00,255.78,255.89,255.75,255.81,22258
2026-09-21 10:41:00,255.81,256.0,255.78,255.9003,37901
2026-09-21 10:42:00,255.94,255.95,255.78,255.78,31152
2026-09-21 10:43:00,255.79,256.08,255.712,256.005,40163
2026-09-21 10:44:00,256.005,256.07,255.9001,255.99,54658
2026-09-21 10:45:00,255.98,255.98,255.72,255.935,36472
2026-09-21 10:46:00,255.94,256.0,255.8201,255.9701,42804
2026-09-21 10:47:00,255.95,256.21,255.9,256.1,36596
2026-09-21 10:48:00,256.12,256.165,256.05,256.13,17263
2026-09-21 10:49:00,256.13,256.32,256.01,256.07,33663
2026-09-21 10:50:00,256.08,256.71,256.08,256.49,92873
2026-09-21 10:51:00,256.47,256.47,255.97,256.025,32671
2026-09-21 10:52:00,256.025,256.26,256.025,256.1699,26776
2026-09-21 10:53:00,256.11,256.375,256.06,256.27,57426
2026-09-21 10:54:00,256.25,256.3764,256.22,256.35,13430
2026-09-21 10:55:00,256.31,256.31,255.94,255.97,20449
2026-09-21 10:56:00,255.97,256.04,255.73,255.98,94696
2026-09-21 10:57:00,255.965,256.015,255.79,255.9,69625
2026-09-21 10:58:00,255.9,255.92,255.72,255.75,47152
2026-09-21 10:59:00,255.755,255.86,255.55,255.59,125090
2026-09-21 11:00:00,255.62,255.68,255.42,255.475,115674
2026-09-21 11:01:00,255.485,255.5099,255.19,255.23,37094
2026-09-21 11:02:00,255.22,255.245,254.945,255.085,69049
2026-09-21 11:03:00,255.04,255.0682,254.92,254.9959,75519
2026-09-21 11:04:00,255.015,255.205,255.0,255.205,26817
2026-09-21 11:05:00,255.2058,255.25,255.0717,255.215,23357
2026-09-21 11:06:00,255.25,255.41,255.02,255.045,39524
2026-09-21 11:07:00,255.03,255.08,254.7125,254.84,127775
2026-09-21 11:08:00,254.8549,254.86,254.63,254.78,65494
2026-09-21 11:09:00,254.76,254.8,254.6101,254.634,30099
2026-09-21 11:10:00,254.6653,254.72,254.51,254.555,40118
2026-09-21 11:11:00,254.555,254.8299,254.48,254.81,60272
2026-09-21 11:12:00,254.805,254.9699,254.76,254.96,51481
2026-09-21 11:13:00,254.95,254.96,254.81,254.85,42460
2026-09-21 11:14:00,254.8432,255.07,254.83,255.035,30445
2026-09-21 11:15:00,255.05,255.29,255.045,255.2219,60547
2026-09-21 11:16:00,255.24,255.34,255.14,255.175,36523
2026-09-21 11:17:00,255.17,255.23,255.1301,255.16,39502
2026-09-21 11:18:00,255.17,255.39,255.16,255.3299,38107
2026-09-21 11:19:00,255.3,255.47,255.27,255.285,42725
2026-09-21 11:20:00,255.285,255.41,255.1919,255.315,35661
2026-09-21 11:21:00,255.31,255.44,255.24,255.38,31110
2026-09-21 11:22:00,255.37,255.39,255.23,255.285,24056
2026-09-21 11:23:00,255.295,255.37,255.22,255.36,19933
2026-09-21 11:24:00,255.37,255.4,255.27,255.295,19850
2026-09-21 11:25:00,255.29,255.38,255.14,255.325,51796
2026-09-21 11:26:00,255.3287,255.4399,255.3,255.35,61163
2026-09-21 11:27:00,255.36,255.6998,255.341,255.535,58387
2026-09-21 11:28:00,255.52,255.5899,255.46,255.54,21812
2026-09-21 11:29:00,255.54,255.63,255.38,255.42,32850
2026-09-21 11:30:00,255.415,255.425,255.26,255.37,27019
2026-09-21 11:31:00,255.374,255.374,255.16,255.2,30372
2026-09-21 11:32:00,255.22,255.38,255.18,255.325,37677
2026-09-21 11:33:00,255.35,255.43,255.25,255.25,33171
2026-09-21 11:34:00,255.29,255.47,255.13,255.47,56742
2026-09-21 11:35:00,255.46,255.63,255.355,255.46,65996
2026-09-21 11:36:00,255.45,255.5,255.31,255.365,46790
2026-09-21 11:37:00,255.37,255.55,255.33,255.55,37831
2026-09-21 11:38:00,255.535,255.87,255.45,255.86,53687
2026-09-21 11:39:00,255.87,255.94,255.8,255.815,31012
2026-09-21 11:40:00,255.815,255.815,255.52,255.545,15322
2026-09-21 11:41:00,255.555,255.6599,255.51,255.62,26016
2026-09-21 11:42:00,255.61,255.66,255.57,255.62,17157
2026-09-21 11:43:00,255.6,255.8152,255.52,255.76,30898
2026-09-21 11:44:00,255.77,255.95,255.7608,255.93,26274
2026-09-21 11:45:00,255.93,256.251,255.915,256.1897,85234
2026-09-21 11:46:00,256.1422,256.2023,256.1,256.2,16661
2026-09-21 11:47:00,256.19,256.38,256.13,256.3699,40937
2026-09-21 11:48:00,256.3538,256.54,256.3035,256.31,48984
2026-09-21 11:49:00,256.2709,256.32,256.15,256.15,31847
2026-09-21 11:50:00,256.17,256.32,256.06,256.13,59966
2026-09-21 11:51:00,256.1,256.27,256.1,256.13,26693
2026-09-21 11:52:00,256.145,256.25,256.0325,256.2,34662
2026-09-21 11:53:00,256.2299,256.3,256.1701,256.2801,16928
2026-09-21 11:54:00,256.3299,256.3299,256.14,256.14,31257
2026-09-21 11:55:00,256.14,256.14,256.02,256.05,29401
2026-09-21 11:56:00,256.05,256.08,255.96,256.045,35302
2026-09-21 11:57:00,256.0301,256.04,255.76,255.79,32159
2026-09-21 11:58:00,255.7718,255.9,255.72,255.83,28343
2026-09-21 11:59:00,255.87,255.94,255.8,255.94,101181
2026-09-21 12:00:00,255.942,255.942,255.72,255.76,42941
2026-09-21 12:01:00,255.765,255.92,255.765,255.89,28983
2026-09-21 12:02:00,255.89,255.96,255.79,255.93,23389
2026-09-21 12:03:00,255.93,256.04,255.84,255.98,33732
2026-09-21 12:04:00,255.985,256.03,255.88,256.0,39120
2026-09-21 12:05:00,255.9801,256.5,255.9801,256.37,107327
2026-09-21 12:06:00,256.38,256.62,256.32,256.5653,55813
2026-09-21 12:07:00,256.54,257.14,256.51,257.108,147549
2026-09-21 12:08:00,257.125,257.125,256.74,256.87,103838
2026-09-21 12:09:00,256.87,256.959,256.45,256.475,47510
2026-09-21 12:10:00,256.475,256.7,256.38,256.69,87892
2026-09-21 12:11:00,256.665,256.86,256.6,256.72,86982
2026-09-21 12:12:00,256.75,256.77,256.5,256.525,40537
2026-09-21 12:13:00,256.525,256.67,256.48,256.52,27797
2026-09-21 12:14:00,256.505,256.56,256.425,256.54,20170
2026-09-21 12:15:00,256.555,256.76,256.54,256.67,34177
2026-09-21 12:16:00,256.68,256.685,256.53,256.6,49547
2026-09-21 12:17:00,256.625,256.82,256.4,256.4,102781
2026-09-21 12:18:00,256.37,256.65,256.37,256.61,51188
2026-09-21 12:19:00,256.5501,256.81,256.5501,256.775,29050
2026-09-21 12:20:00,256.79,257.05,256.775,257.0,69169
2026-09-21 12:21:00,257.0065,257.03,256.78,256.945,52718
2026-09-21 12:22:00,256.94,257.32,256.83,257.31,99683
2026-09-21 12:23:00,257.32,257.41,257.0017,257.2299,87078
2026-09-21 12:24:00,257.2,257.41,257.15,257.37,75425
2026-09-21 12:25:00,257.36,257.5691,257.31,257.45,104305
2026-09-21 12:26:00,257.48,257.53,257.38,257.435,43909
2026-09-21 12:27:00,257.46,257.62,257.42,257.605,51122
2026-09-21 12:28:00,257.605,257.68,257.5,257.635,98980
2026-09-21 12:29:00,257.635,257.9,257.6,257.865,41780
2026-09-21 12:30:00,257.865,258.02,257.81,257.93,108257
2026-09-21 12:31:00,257.92,258.12,257.88,258.0601,88018
2026-09-21 12:32:00,258.09,258.15,257.9802,258.043,112325
2026-09-21 12:33:00,258.04,258.23,257.98,258.1658,84113
2026-09-21 12:34:00,258.165,258.2,257.655,257.82,63427
2026-09-21 12:35:00,257.815,257.925,257.695,257.925,49963
2026-09-21 12:36:00,257.95,258.35,257.92,258.35,84028
2026-09-21 12:37:00,258.345,258.51,258.28,258.365,81104
2026-09-21 12:38:00,258.37,258.5,258.26,258.445,49628
2026-09-21 12:39:00,258.445,258.62,258.38,258.41,82042
2026-09-21 12:40:00,258.3901,258.59,258.39,258.54,41273
2026-09-21 12:41:00,258.54,258.65,258.451,258.47,36319
2026-09-21 12:42:00,258.48,258.67,258.44,258.475,45872
2026-09-21 12:43:00,258.49,258.67,258.4,258.62,67294
2026-09-21 12:44:00,258.58,258.59,258.37,258.405,39328
2026-09-21 12:45:00,258.405,258.46,258.2808,258.31,42868
2026-09-21 12:46:00,258.33,258.46,258.25,258.45,49609
2026-09-21 12:47:00,258.45,258.54,258.34,258.515,37405
2026-09-21 12:48:00,258.515,258.54,258.4,258.49,22485
2026-09-21 12:49:00,258.5,258.6,258.485,258.5601,30260
2026-09-21 12:50:00,258.575,258.69,258.52,258.635,37384
2026-09-21 12:51:00,258.635,258.635,258.53,258.58,34294
2026-09-21 12:52:00,258.57,258.6,258.53,258.5801,25847
2026-09-21 12:53:00,258.58,258.5951,258.125,258.2,104385
2026-09-21 12:54:00,258.22,258.2399,257.88,257.99,71466
2026-09-21 12:55:00,257.98,258.02,257.79,257.845,53331
2026-09-21 12:56:00,257.84,257.88,257.68,257.6835,21049
2026-09-21 12:57:00,257.69,257.79,257.6101,257.635,25267
2026-09-21 12:58:00,257.6401,257.73,257.62,257.62,15508
2026-09-21 12:59:00,257.62,257.7291,257.61,257.69,18739
2026-09-21 13:00:00,257.7,258.1229,257.68,257.71,57295
2026-09-21 13:01:00,257.7,257.82,257.69,257.802,18622
2026-09-21 13:02:00,257.8,257.9285,257.74,257.8,28085
2026-09-21 13:03:00,257.78,257.99,257.78,257.91,24521
2026-09-21 13:04:00,257.895,257.9,257.72,257.72,28841
2026-09-21 13:05:00,257.745,257.93,257.745,257.93,15142
2026-09-21 13:06:00,257.89,257.94,257.8644,257.89,14477
2026-09-21 13:07:00,257.87,257.93,257.8,257.8,41331
2026-09-21 13:08:00,257.8041,257.95,257.795,257.91,37661
2026-09-21 13:09:00,257.92,258.12,257.9,258.07,43165
2026-09-21 13:10:00,258.085,258.11,258.045,258.0772,13843
2026-09-21 13:11:00,258.06,258.25,258.035,258.21,47378
2026-09-21 13:12:00,258.22,258.39,258.195,258.325,39508
2026-09-21 13:13:00,258.29,258.31,257.94,258.04,189997
2026-09-21 13:14:00,258.04,258.2243,257.98,258.175,25683
2026-09-21 13:15:00,258.175,258.182,257.95,258.075,70275
2026-09-21 13:16:00,258.045,258.075,257.86,257.94,60273
2026-09-21 13:17:00,257.94,257.97,257.9,257.93,8115
2026-09-21 13:18:00,257.92,257.96,257.8,257.9596,51071
2026-09-21 13:19:00,257.93,258.06,257.9105,258.03,11379
2026-09-21 13:20:00,258.03,258.15,257.905,257.93,72651
2026-09-21 13:21:00,257.93,258.01,257.88,257.9346,22341
2026-09-21 13:22:00,257.965,257.988,257.9001,257.92,20194
2026-09-21 13:23:00,257.92,257.94,257.63,257.65,98383
2026-09-21 13:24:00,257.6699,257.875,257.63,257.865,31399
2026-09-21 13:25:00,257.83,257.94,257.75,257.83,30177
2026-09-21 13:26:00,257.79,257.8417,257.67,257.68,59007
2026-09-21 13:27:00,257.7177,257.88,257.6801,257.761,17778
2026-09-21 13:28:00,257.765,257.775,257.27,257.62,73646
2026-09-21 13:29:00,257.61,257.76,257.33,257.6625,135392
2026-09-21 13:30:00,257.6731,257.69,257.5,257.69,12778
2026-09-21 13:31:00,257.75,257.83,257.61,257.745,21047
2026-09-21 13:32:00,257.76,257.88,257.73,257.745,18526
2026-09-21 13:33:00,257.76,257.7702,257.625,257.69,20712
2026-09-21 13:34:00,257.71,257.83,257.7,257.79,34032
2026-09-21 13:35:00,257.79,257.8199,257.68,257.78,27095
2026-09-21 13:36:00,257.77,257.89,257.66,257.69,28871
2026-09-21 13:37:00,257.69,257.83,257.62,257.68,20819
2026-09-21 13:38:00,257.71,257.78,257.6684,257.76,12682
2026-09-21 13:39:00,257.77,257.96,257.76,257.95,30558
2026-09-21 13:40:00,257.9,258.0139,257.8501,257.95,29198
2026-09-21 13:41:00,257.98,258.17,257.98,258.1462,20599
2026-09-21 13:42:00,258.16,258.5,258.16,258.45,47195
2026-09-21 13:43:00,258.47,258.58,258.43,258.57,17836
2026-09-21 13:44:00,258.5882,258.99,258.57,258.88,107859
2026-09-21 13:45:00,258.905,258.98,258.88,258.965,60537
2026-09-21 13:46:00,258.9612,259.02,258.854,258.875,97994
2026-09-21 13:47:00,258.88,259.06,258.6,258.645,143556
2026-09-21 13:48:00,258.6475,258.6765,258.24,258.32,107785
2026-09-21 13:49:00,258.31,258.36,258.22,258.27,35826
2026-09-21 13:50:00,258.24,258.29,258.21,258.275,16360
2026-09-21 13:51:00,258.27,258.37,258.25,258.265,19545
2026-09-21 13:52:00,258.25,258.25,258.0701,258.2,18914
2026-09-21 13:53:00,258.19,258.23,258.075,258.105,25132
2026-09-21 13:54:00,258.11,258.15,257.9058,257.96,18742
2026-09-21 13:55:00,257.98,258.0046,257.79,257.86,23414
2026-09-21 13:56:00,257.855,257.9,257.78,257.83,23222
2026-09-21 13:57:00,257.82,257.9496,257.82,257.905,38662
2026-09-21 13:58:00,257.905,258.104,257.88,258.1,65758
2026-09-21 13:59:00,258.1,258.18,258.03,258.03,49312
2026-09-21 14:00:00,258.04,258.09,257.86,257.899,21427
2026-09-21 14:01:00,257.862,257.95,257.7002,257.76,29837
2026-09-21 14:02:00,257.78,257.97,257.725,257.88,38180
2026-09-21 14:03:00,257.865,257.8857,257.74,257.745,21400
2026-09-21 14:04:00,257.755,257.85,257.735,257.845,25395
2026-09-21 14:05:00,257.855,257.97,257.83,257.97,23072
2026-09-21 14:06:00,257.945,258.13,257.913,258.1,19655
2026-09-21 14:07:00,258.1299,258.26,258.0882,258.26,19644
2026-09-21 14:08:00,258.24,258.41,258.21,258.33,48777
2026-09-21 14:09:00,258.345,258.345,258.185,258.34,19716
2026-09-21 14:10:00,258.335,258.45,258.32,258.4,31944
2026-09-21 14:11:00,258.4,258.4,258.27,258.305,23248
2026-09-21 14:12:00,258.3,258.3,258.21,258.245,18923
2026-09-21 14:13:00,258.26,258.5,258.2377,258.42,22649
2026-09-21 14:14:00,258.445,258.53,258.37,258.38,25137
2026-09-21 14:15:00,258.38,258.45,258.3,258.41,16990
2026-09-21 14:16:00,258.41,258.48,258.37,258.42,17770
2026-09-21 14:17:00,258.4,258.455,258.32,258.445,11696
2026-09-21 14:18:00,258.445,258.6221,258.445,258.58,21573
2026-09-21 14:19:00,258.57,258.6199,258.36,258.435,15888
2026-09-21 14:20:00,258.46,258.475,258.24,258.255,33547
2026-09-21 14:21:00,258.2699,258.455,258.24,258.38,39000
2026-09-21 14:22:00,258.38,258.5,258.33,258.38,33031
2026-09-21 14:23:00,258.36,258.41,258.345,258.39,12689
2026-09-21 14:24:00,258.4,258.46,258.34,258.35,28343
2026-09-21 14:25:00,258.33,258.53,258.24,258.51,48693
2026-09-21 14:26:00,258.53,258.59,258.35,258.4173,19594
2026-09-21 14:27:00,258.42,258.45,258.35,258.425,14843
2026-09-21 14:28:00,258.44,258.55,258.41,258.48,22243
2026-09-21 14:29:00,258.48,258.49,258.17,258.3,25014
2026-09-21 14:30:00,258.2801,258.36,258.26,258.3,14193
2026-09-21 14:31:00,258.295,258.37,258.25,258.305,34914
2026-09-21 14:32:00,258.3,258.308,258.12,258.22,38418
2026-09-21 14:33:00,258.26,258.33,258.25,258.315,9351
2026-09-21 14:34:00,258.33,258.39,258.264,258.264,15538
2026-09-21 14:35:00,258.285,258.4,258.285,258.34,12114
2026-09-21 14:36:00,258.3201,258.55,258.3201,258.37,47524
2026-09-21 14:37:00,258.39,258.59,258.37,258.39,37952
2026-09-21 14:38:00,258.4,258.435,258.33,258.37,19913
2026-09-21 14:39:00,258.38,258.42,258.33,258.405,13940
2026-09-21 14:40:00,258.405,258.555,258.405,258.485,23001
2026-09-21 14:41:00,258.48,258.53,258.48,258.52,12219
2026-09-21 14:42:00,258.5,258.52,258.42,258.4599,19348
2026-09-21 14:43:00,258.435,258.465,258.36,258.38,51480
2026-09-21 14:44:00,258.405,258.43,258.31,258.38,12358
2026-09-21 14:45:00,258.41,258.465,258.33,258.38,14691
2026-09-21 14:46:00,258.3679,258.38,258.31,258.35,20210
2026-09-21 14:47:00,258.355,258.47,258.355,258.425,44328
2026-09-21 14:48:00,258.4211,258.54,258.39,258.51,19700
2026-09-21 14:49:00,258.515,258.52,258.36,258.4,23672
2026-09-21 14:50:00,258.4,258.5,258.39,258.5,18341
2026-09-21 14:51:00,258.495,258.6,258.485,258.575,44729
2026-09-21 14:52:00,258.575,258.64,258.54,258.565,28410
2026-09-21 14:53:00,258.565,258.7,258.565,258.68,20312
2026-09-21 14:54:00,258.67,258.7,258.65,258.665,28242
2026-09-21 14:55:00,258.68,258.7425,258.61,258.69,29510
2026-09-21 14:56:00,258.675,258.81,258.66,258.8,30204
2026-09-21 14:57:00,258.8161,258.82,258.725,258.73,28367
2026-09-21 14:58:00,258.71,258.75,258.65,258.675,30339
2026-09-21 14:59:00,258.68,258.76,258.665,258.705,49735
2026-09-21 15:00:00,258.715,258.845,258.7,258.725,22520
2026-09-21 15:01:00,258.71,258.8441,258.71,258.84,37047
2026-09-21 15:02:00,258.825,258.99,258.81,258.925,29356
2026-09-21 15:03:00,258.91,258.91,258.56,258.75,61630
2026-09-21 15:04:00,258.75,258.79,258.685,258.785,27278
2026-09-21 15:05:00,258.78,259.05,258.776,259.04,109898
2026-09-21 15:06:00,259.03,259.15,258.91,259.04,100970
2026-09-21 15:07:00,259.03,259.1223,258.95,259.12,90535
2026-09-21 15:08:00,259.12,259.35,259.1,259.335,118829
2026-09-21 15:09:00,259.335,259.42,259.23,259.23,71433
2026-09-21 15:10:00,259.27,259.28,259.11,259.11,57800
2026-09-21 15:11:00,259.085,259.205,259.04,259.205,31466
2026-09-21 15:12:00,259.215,259.41,259.2,259.31,51116
2026-09-21 15:13:00,259.29,259.36,259.2101,259.34,46206
2026-09-21 15:14:00,259.36,259.38,259.14,259.19,53436
2026-09-21 15:15:00,259.19,259.215,259.12,259.2,38876
2026-09-21 15:16:00,259.19,259.264,259.14,259.1999,36972
2026-09-21 15:17:00,259.2,259.38,259.1725,259.37,66113
2026-09-21 15:18:00,259.37,259.38,259.3,259.33,39782
2026-09-21 15:19:00,259.33,259.3599,259.25,259.31,45480
2026-09-21 15:20:00,259.31,259.32,259.21,259.245,35677
2026-09-21 15:21:00,259.26,259.3199,259.19,259.295,45431
2026-09-21 15:22:00,259.3,259.445,259.27,259.375,68725
2026-09-21 15:23:00,259.375,259.39,259.2583,259.37,38543
2026-09-21 15:24:00,259.37,259.49,259.265,259.28,65315
2026-09-21 15:25:00,259.2996,259.2996,259.05,259.0984,87685
2026-09-21 15:26:00,259.09,259.1494,258.95,259.135,62457
2026-09-21 15:27:00,259.14,259.305,258.91,258.925,69017
2026-09-21 15:28:00,258.94,259.015,258.8101,258.82,82586
2026-09-21 15:29:00,258.82,258.99,258.775,258.97,59750
2026-09-21 15:30:00,258.975,259.08,258.7401,258.88,99746
2026-09-21 15:31:00,258.9,259.0,258.83,259.0,40451
2026-09-21 15:32:00,259.005,259.09,259.0,259.06,54834
2026-09-21 15:33:00,259.05,259.25,259.035,259.25,39822
2026-09-21 15:34:00,259.24,259.29,259.2001,259.29,40168
2026-09-21 15:35:00,259.26,259.3592,259.26,259.305,33448
2026-09-21 15:36:00,259.3,259.34,259.23,259.33,48464
2026-09-21 15:37:00,259.32,259.41,259.2,259.33,88385
2026-09-21 15:38:00,259.33,259.49,259.15,259.17,115021
2026-09-21 15:39:00,259.13,259.16,258.84,258.84,68760
2026-09-21 15:40:00,258.85,258.88,258.58,258.681,85853
2026-09-21 15:41:00,258.645,258.75,258.6109,258.62,66709
2026-09-21 15:42:00,258.63,258.63,258.53,258.5699,56978
2026-09-21 15:43:00,258.545,258.83,258.49,258.8299,50853
2026-09-21 15:44:00,258.8,258.85,258.77,258.82,54102
2026-09-21 15:45:00,258.8,258.88,258.67,258.73,71505
2026-09-21 15:46:00,258.73,258.755,258.56,258.56,59188
2026-09-21 15:47:00,258.55,258.86,258.495,258.77,134181
2026-09-21 15:48:00,258.77,258.79,258.72,258.755,47020
2026-09-21 15:49:00,258.74,258.78,258.5,258.6,134516
2026-09-21 15:50:00,258.58,258.59,258.041,258.13,100706
2026-09-21 15:51:00,258.13,258.32,258.06,258.3,101889
2026-09-21 15:52:00,258.33,258.57,258.33,258.54,78436
2026-09-21 15:53:00,258.54,258.64,258.38,258.605,83149
2026-09-21 15:54:00,258.6,258.7,258.46,258.52,103242
2026-09-21 15:55:00,258.5,258.79,258.5,258.605,153809
2026-09-21 15:56:00,258.59,258.67,258.52,258.665,134660
2026-09-21 15:57:00,258.665,258.69,258.455,258.47,177629
2026-09-21 15:58:00,258.47,258.56,258.41,258.52,270889
2026-09-21 15:59:00,258.51,258.57,258.36,258.43,453201
2026-09-21 16:00:00,258.46,258.58,258.2835,258.38,6332763
2026-09-21 16:01:00,258.3,258.3,258.0886,258.0886,2683
2026-09-21 16:02:00,258.1493,258.18,258.07,258.18,1056
2026-09-21 16:03:00,258.3,258.3,258.18,258.18,2409
2026-09-21 16:04:00,258.34,258.34,258.18,258.18,500
2026-09-21 16:05:00,258.1895,258.1895,258.06,258.06,625
2026-09-21 16:06:00,258.1121,258.1121,258.1121,258.1121,200
2026-09-21 16:07:00,258.33,258.36,258.3,258.3,300
2026-09-21 16:08:00,258.2262,258.35,258.2232,258.31,1451
2026-09-21 16:09:00,258.34,258.41,258.2896,258.2896,1754
2026-09-21 16:10:00,258.36,258.3941,258.1663,258.1663,850
2026-09-21 16:11:00,258.11,258.25,258.11,258.25,370
2026-09-21 16:12:00,258.3311,258.3311,258.3311,258.3311,100
2026-09-21 16:13:00,258.3493,258.3493,258.3493,258.3493,200
2026-09-21 16:14:00,258.35,258.4209,258.3499,258.4209,1694
2026-09-21 16:15:00,258.419,258.419,258.419,258.419,450
2026-09-21 16:16:00,258.45,258.45,258.281,258.2882,910
2026-09-21 16:18:00,258.4,258.4,258.4,258.4,100
2026-09-21 16:19:00,258.3,258.3,258.25,258.25,787
2026-09-21 16:20:00,258.35,258.35,258.35,258.35,400
2026-09-21 16:21:00,258.2967,258.2967,258.2967,258.2967,100
2026-09-21 16:22:00,258.29,258.3772,258.29,258.3,426
2026-09-21 16:23:00,258.3155,258.3759,258.3155,258.3179,400
2026-09-21 16:24:00,258.3782,258.3782,258.3159,258.3159,200
2026-09-21 16:27:00,258.44,258.44,258.44,258.44,368
2026-09-21 16:28:00,258.45,258.45,258.45,258.45,365
2026-09-21 16:29:00,258.4133,258.46,258.4,258.46,300
2026-09-21 16:30:00,258.4646,258.49,258.46,258.49,620
2026-09-21 16:31:00,258.4,258.48,258.4,258.48,471
2026-09-21 16:32:00,258.4761,258.4761,258.4761,258.4761,100
2026-09-21 16:33:00,258.45,258.45,258.4039,258.4039,1500
2026-09-21 16:34:00,258.4497,258.45,258.4,258.4491,500
2026-09-21 16:37:00,258.45,258.49,258.45,258.49,230
2026-09-21 16:39:00,258.42,258.49,258.3463,258.35,675
2026-09-21 16:40:00,258.48,258.49,258.4,258.4,2350
2026-09-21 16:41:00,258.35,258.4,258.35,258.35,1064
2026-09-21 16:42:00,258.41,258.42,258.3355,258.3355,300
2026-09-21 16:43:00,258.3273,258.42,258.3204,258.3204,1400
2026-09-21 16:44:00,258.3608,258.3608,258.35,258.35,300
2026-09-21 16:46:00,258.37,258.42,258.35,258.38,1850
2026-09-21 16:47:00,258.36,258.39,258.36,258.39,438
2026-09-21 16:48:00,258.42,258.45,258.42,258.45,800
2026-09-21 16:49:00,258.4191,258.4191,258.4,258.4,200
2026-09-21 16:51:00,258.42,258.42,258.42,258.42,1265
2026-09-21 16:52:00,258.42,258.42,258.4045,258.4045,500
2026-09-21 16:54:00,258.35,258.35,258.32,258.32,338
2026-09-21 16:55:00,258.3465,258.3465,258.3465,258.3465,250
2026-09-21 16:56:00,258.36,258.36,258.36,258.36,100
2026-09-21 16:57:00,258.4,258.52,258.4,258.5,4086
2026-09-21 16:58:00,258.5028,258.5028,258.5028,258.5028,100
2026-09-21 16:59:00,258.53,258.57,258.53,258.57,318
2026-09-21 17:02:00,258.57,258.57,258.57,258.57,100
2026-09-21 17:03:00,258.6,258.6,258.59,258.59,200
2026-09-21 17:06:00,258.52,258.52,258.52,258.52,400
2026-09-21 17:07:00,258.5183,258.5183,258.5183,258.5183,350
2026-09-21 17:08:00,258.53,258.53,258.5,258.5,263
2026-09-21 17:09:00,258.54,258.55,258.54,258.5486,431
2026-09-21 17:11:00,258.5015,258.6,258.5,258.5002,1009
2026-09-21 17:12:00,258.59,258.59,258.59,258.59,140
2026-09-21 17:13:00,258.5001,258.5001,258.5001,258.5001,599
2026-09-21 17:14:00,258.5,258.58,258.5,258.58,1475
2026-09-21 17:16:00,258.52,258.6,258.52,258.52,3720
2026-09-21 17:17:00,258.5512,258.5514,258.55,258.55,960
2026-09-21 17:18:00,258.55,258.55,258.52,258.5201,744
2026-09-21 17:19:00,258.52,258.55,258.5,258.55,3295
2026-09-21 17:20:00,258.55,258.55,258.5,258.55,1211
2026-09-21 17:21:00,258.6,258.6,258.6,258.6,500
2026-09-21 17:22:00,258.5,258.5,258.5,258.5,700
2026-09-21 17:23:00,258.577,258.577,258.51,258.51,728
2026-09-21 17:25:00,258.6,258.7,258.6,258.7,11598
2026-09-21 17:26:00,258.85,258.85,258.85,258.85,105
2026-09-21 17:27:00,258.85,258.85,258.85,258.85,100
2026-09-21 17:28:00,258.8,258.8922,258.75,258.75,400
2026-09-21 17:29:00,258.85,258.85,258.85,258.85,126
2026-09-21 17:30:00,258.91,258.91,258.91,258.91,100
2026-09-21 17:33:00,258.7875,258.8,258.73,258.8,400
2026-09-21 17:34:00,258.8,258.8,258.8,258.8,100
2026-09-21 17:36:00,258.75,258.75,258.75,258.75,100
2026-09-21 17:38:00,258.7927,258.8,258.7927,258.8,203
2026-09-21 17:39:00,258.76,258.76,258.75,258.75,200
2026-09-21 17:40:00,258.75,258.75,258.7475,258.7475,1195
2026-09-21 17:41:00,258.7095,258.7095,258.7095,258.7095,100
2026-09-21 17:42:00,258.73,258.75,258.73,258.75,625
2026-09-21 17:43:00,258.77,258.77,258.75,258.75,492
2026-09-21 17:45:00,258.76,258.76,258.76,258.76,100
2026-09-21 17:46:00,258.75,258.75,258.75,258.75,727
2026-09-21 17:47:00,258.75,258.75,258.7383,258.7383,580
2026-09-21 17:49:00,258.72,258.72,258.72,258.72,100
2026-09-21 17:50:00,258.7259,258.75,258.7259,258.75,600
2026-09-21 17:51:00,258.75,258.75,258.75,258.75,154
2026-09-21 17:52:00,258.74,258.7499,258.74,258.7499,4900
2026-09-21 17:53:00,258.7492,258.7492,258.7492,258.7492,250
2026-09-21 17:54:00,258.72,258.72,258.72,258.72,200
2026-09-21 17:55:00,258.7263,258.7263,258.7263,258.7263,100
2026-09-21 17:56:00,258.75,258.75,258.72,258.73,700
2026-09-21 17:57:00,258.7,258.7,258.7,258.7,100
2026-09-21 17:58:00,258.7,258.7,258.7,258.7,100
2026-09-21 17:59:00,258.5,258.5,258.5,258.5,942
2026-09-21 18:00:00,258.5,258.7,258.5,258.7,300
2026-09-21 18:01:00,258.5,258.5,258.5,258.5,200
2026-09-21 18:02:00,258.67,258.67,258.67,258.67,500
2026-09-21 18:04:00,258.5,258.66,258.5,258.66,544
2026-09-21 18:05:00,258.7,258.7,258.7,258.7,545
2026-09-21 18:06:00,258.6905,258.6905,258.6905,258.6905,100
2026-09-21 18:10:00,258.63,258.63,258.63,258.63,120
2026-09-21 18:13:00,258.61,258.61,258.61,258.61,100
2026-09-21 18:15:00,258.6,258.63,258.6,258.63,1130
2026-09-21 18:16:00,258.6197,258.6197,258.615,258.615,200
2026-09-21 18:17:00,258.6101,258.66,258.6101,258.66,1348
2026-09-21 18:18:00,258.65,258.65,258.64,258.64,2265
2026-09-21 18:19:00,258.64,258.64,258.63,258.63,846
2026-09-21 18:20:00,258.6972,258.6972,258.6972,258.6972,250
2026-09-21 18:22:00,258.72,258.7206,258.72,258.7206,2780
2026-09-21 18:23:00,258.75,258.8,258.75,258.8,366
2026-09-21 18:24:00,258.8,258.8,258.8,258.8,100
2026-09-21 18:28:00,258.73,258.73,258.73,258.73,299
2026-09-21 18:30:00,258.79,258.79,258.79,258.79,125
2026-09-21 18:31:00,258.8345,258.8345,258.8345,258.8345,100
2026-09-21 18:32:00,258.75,258.75,258.72,258.72,1038
2026-09-21 18:33:00,258.65,258.65,258.65,258.65,149
2026-09-21 18:36:00,258.6777,258.6777,258.6777,258.6777,100
2026-09-21 18:37:00,258.7199,258.72,258.7199,258.72,200
2026-09-21 18:38:00,258.67,258.67,258.67,258.67,550
2026-09-21 18:39:00,258.64,258.64,258.64,258.64,100
2026-09-21 18:40:00,258.64,258.64,258.64,258.64,500
2026-09-21 18:41:00,258.69,258.7,258.69,258.7,401
2026-09-21 18:42:00,258.6517,258.6517,258.6301,258.6301,900
2026-09-21 18:43:00,258.6262,258.64,258.6262,258.64,489
2026-09-21 18:49:00,258.6488,258.6488,258.6488,258.6488,100
2026-09-21 18:53:00,258.66,258.66,258.66,258.66,100
2026-09-21 18:54:00,258.69,258.7,258.69,258.7,726
2026-09-21 18:55:00,258.7877,258.7877,258.6187,258.6187,300
2026-09-21 18:56:00,258.75,258.75,258.7068,258.7068,2046
2026-09-21 18:57:00,258.8,258.83,258.8,258.83,491
2026-09-21 18:58:00,258.8294,258.83,258.8294,258.83,767
2026-09-21 19:00:00,258.8,258.8,258.8,258.8,100
2026-09-21 19:01:00,258.8284,258.8284,258.78,258.78,1351
2026-09-21 19:03:00,258.79,258.83,258.79,258.83,929
2026-09-21 19:05:00,258.8,258.8,258.8,258.8,100
2026-09-21 19:06:00,258.7,258.7,258.7,258.7,100
2026-09-21 19:08:00,258.82,258.82,258.82,258.82,100
2026-09-21 19:10:00,258.7,258.7,258.7,258.7,300
2026-09-21 19:11:00,258.8212,258.8212,258.8212,258.8212,200
2026-09-21 19:12:00,258.8238,258.8238,258.8099,258.8099,480
2026-09-21 19:14:00,258.81,258.81,258.81,258.81,100
2026-09-21 19:15:00,258.8099,258.83,258.8099,258.8235,300
2026-09-21 19:16:00,258.85,258.85,258.85,258.85,1261
2026-09-21 19:17:00,258.83,258.83,258.83,258.83,127
2026-09-21 19:18:00,258.83,258.83,258.83,258.83,400
2026-09-21 19:19:00,258.87,258.87,258.869,258.869,454
2026-09-21 19:25:00,258.9294,258.9294,258.9107,258.9107,600
2026-09-21 19:26:00,258.93,258.93,258.93,258.93,100
2026-09-21 19:28:00,258.9,258.9,258.85,258.85,300
2026-09-21 19:29:00,258.7,258.7779,258.7,258.7779,300
2026-09-21 19:32:00,258.8,258.8,258.8,258.8,100
2026-09-21 19:33:00,258.8201,258.93,258.8201,258.879,329
2026-09-21 19:34:00,258.97,259.2306,258.97,259.2306,2700
2026-09-21 19:36:00,259.0994,259.0994,259.0994,259.0994,150
2026-09-21 19:37:00,258.9051,258.9051,258.9051,258.9051,200
2026-09-21 19:38:00,259.09,259.09,259.01,259.01,1614
2026-09-21 19:39:00,259.1,259.1,258.99,259.1,1748
2026-09-21 19:40:00,258.85,259.11,258.85,259.11,510
2026-09-21 19:42:00,259.08,259.15,259.08,259.15,300
2026-09-21 19:43:00,259.0,259.0,259.0,259.0,100
2026-09-21 19:45:00,259.12,259.12,259.01,259.01,300
2026-09-21 19:46:00,259.0069,259.0069,259.0069,259.0069,100
2026-09-21 19:47:00,259.1282,259.14,259.0281,259.14,1454
2026-09-21 19:48:00,259.07,259.08,259.07,259.08,1080
2026-09-21 19:49:00,259.08,259.09,259.07,259.09,1515
2026-09-21 19:50:00,259.0,259.0793,259.0,259.0,1100
2026-09-21 19:51:00,259.01,259.13,259.01,259.13,1023
2026-09-21 19:52:00,259.104,259.104,259.0968,259.0968,316
2026-09-21 19:53:00,259.0,259.1034,259.0,259.1034,1116
2026-09-21 19:54:00,259.0087,259.11,259.0087,259.1099,336
2026-09-21 19:55:00,259.13,259.13,259.13,259.13,1419
2026-09-21 19:56:00,259.0177,259.0835,259.0177,259.0835,200
2026-09-21 19:57:00,259.1145,259.13,259.06,259.06,1625
2026-09-21 19:58:00,259.0901,259.0901,259.0901,259.0901,500
2026-09-21 19:59:00,259.0969,259.15,259.0969,259.15,550
2026-09-22 04:00:00,259.59,259.9,259.47,259.7,11314
2026-09-22 04:01:00,259.79,259.82,259.5,259.715,3772
2026-09-22 04:02:00,259.46,259.9,259.43,259.7,4034
2026-09-22 04:03:00,259.83,259.93,259.38,259.81,16329
2026-09-22 04:04:00,259.77,259.8,259.4,259.75,2025
2026-09-22 04:05:00,259.86,259.9,259.65,259.9,3389
2026-09-22 04:06:00,259.75,259.75,259.75,259.75,129
2026-09-22 04:08:00,259.88,259.88,259.81,259.81,405
2026-09-22 04:09:00,259.88,259.88,259.88,259.88,200
2026-09-22 04:10:00,259.7,259.7,259.7,259.7,570
2026-09-22 04:11:00,259.75,259.75,259.53,259.56,916
2026-09-22 04:12:00,259.7,259.7,259.7,259.7,748
2026-09-22 04:13:00,259.51,259.59,259.51,259.59,400
2026-09-22 04:16:00,259.7,259.7,259.7,259.7,302
2026-09-22 04:17:00,259.6,259.6,259.59,259.59,1308
2026-09-22 04:19:00,259.5,259.68,259.5,259.68,672
2026-09-22 04:21:00,259.69,259.69,259.69,259.69,385
2026-09-22 04:22:00,259.72,259.72,259.72,259.72,196
2026-09-22 04:23:00,259.82,259.83,259.7459,259.83,1924
2026-09-22 04:24:00,259.7125,259.7125,259.7125,259.7125,100
2026-09-22 04:25:00,259.8,259.8,259.8,259.8,1249
2026-09-22 04:26:00,259.8,259.8,259.8,259.8,250
2026-09-22 04:27:00,259.94,259.94,259.79,259.79,486
2026-09-22 04:28:00,259.88,259.88,259.85,259.85,869
2026-09-22 04:30:00,259.69,259.69,259.69,259.69,688
2026-09-22 04:33:00,259.55,259.55,259.2,259.2,547
2026-09-22 04:34:00,259.4,259.4,259.4,259.4,150
2026-09-22 04:35:00,259.45,259.45,259.45,259.45,100
2026-09-22 04:36:00,259.49,259.49,259.49,259.49,300
2026-09-22 04:38:00,259.5,259.5,259.5,259.5,200
2026-09-22 04:39:00,259.3,259.63,259.3,259.63,519
2026-09-22 04:42:00,259.65,259.72,259.63,259.63,4693
2026-09-22 04:44:00,259.69,259.69,259.69,259.69,691
2026-09-22 04:45:00,259.9,259.9,259.78,259.79,1246
2026-09-22 04:46:00,259.82,259.9,259.75,259.9,1239
2026-09-22 04:49:00,259.97,260.11,259.97,260.11,4916
2026-09-22 04:50:00,260.39,260.39,260.36,260.36,1022
2026-09-22 04:51:00,260.33,260.34,260.33,260.34,311
2026-09-22 04:52:00,260.3754,260.45,260.3754,260.45,729
2026-09-22 04:53:00,260.49,260.49,260.41,260.45,2468
2026-09-22 04:54:00,260.19,260.45,260.19,260.45,586
2026-09-22 04:55:00,260.45,260.49,260.45,260.49,724
2026-09-22 04:56:00,260.51,260.51,260.47,260.47,520
2026-09-22 04:57:00,260.65,260.65,260.61,260.61,3435
2026-09-22 04:58:00,260.57,260.57,260.0,260.1816,3263
2026-09-22 04:59:00,260.19,260.2486,260.19,260.2486,1680
2026-09-22 05:00:00,260.48,260.48,260.46,260.46,255
2026-09-22 05:01:00,260.45,260.45,260.45,260.45,100
2026-09-22 05:02:00,260.45,260.73,260.45,260.59,311
2026-09-22 05:04:00,260.42,260.42,260.28,260.28,672
2026-09-22 05:05:00,260.2,260.31,260.2,260.31,1898
2026-09-22 05:06:00,260.21,260.22,260.21,260.22,400
2026-09-22 05:07:00,260.3,260.3,260.3,260.3,100
2026-09-22 05:08:00,260.2,260.22,260.15,260.15,347
2026-09-22 05:09:00,260.13,260.25,260.13,260.25,253
2026-09-22 05:10:00,260.1,260.1,260.1,260.1,1100
2026-09-22 05:11:00,260.092,260.1,260.04,260.1,410
2026-09-22 05:12:00,260.25,260.25,260.15,260.15,653
2026-09-22 05:13:00,260.18,260.18,260.18,260.18,145
2026-09-22 05:14:00,260.25,260.25,260.25,260.25,100
2026-09-22 05:15:00,260.11,260.25,260.11,260.25,413
2026-09-22 05:16:00,260.27,260.27,260.27,260.27,100
2026-09-22 05:18:00,260.3,260.3,260.29,260.3,1200
2026-09-22 05:20:00,260.15,260.15,260.15,260.15,250
2026-09-22 05:21:00,260.29,260.29,260.29,260.29,500
2026-09-22 05:22:00,260.3,260.3,260.3,260.3,570
2026-09-22 05:25:00,260.2,260.2,260.2,260.2,468
2026-09-22 05:27:00,260.25,260.25,260.25,260.25,188
2026-09-22 05:28:00,260.26,260.26,260.26,260.26,100
2026-09-22 05:29:00,260.25,260.25,260.2,260.2,272
2026-09-22 05:33:00,260.25,260.25,260.25,260.25,200
2026-09-22 05:34:00,260.26,260.26,260.26,260.26,600
2026-09-22 05:35:00,260.25,260.25,260.25,260.25,383
2026-09-22 05:37:00,260.3,260.3,260.3,260.3,176
2026-09-22 05:39:00,260.3,260.3,260.3,260.3,100
2026-09-22 05:42:00,260.3,260.3,260.3,260.3,100
2026-09-22 05:44:00,260.25,260.25,260.25,260.25,150
2026-09-22 05:53:00,260.31,260.32,260.3,260.32,317
2026-09-22 05:54:00,260.5,260.5,260.2914,260.2914,750
2026-09-22 05:55:00,260.28,260.28,260.25,260.25,306
2026-09-22 05:56:00,260.366,260.366,260.366,260.366,200
2026-09-22 06:00:00,260.3721,260.3721,258.99,259.89,20796
2026-09-22 06:01:00,259.96,260.0,259.96,260.0,381
2026-09-22 06:02:00,259.85,259.85,259.85,259.85,310
2026-09-22 06:04:00,260.0,260.0,259.99,259.99,236
2026-09-22 06:05:00,259.93,259.93,259.93,259.93,200
2026-09-22 06:06:00,259.88,259.88,259.88,259.88,150
2026-09-22 06:07:00,259.97,259.97,259.97,259.97,100
2026-09-22 06:08:00,259.94,260.0,259.94,260.0,520
2026-09-22 06:09:00,259.8,259.8,259.69,259.69,400
2026-09-22 06:10:00,259.5227,259.56,259.4972,259.4972,613
2026-09-22 06:11:00,259.7546,259.7546,258.82,259.1,4818
2026-09-22 06:12:00,259.4,259.4,259.4,259.4,150
2026-09-22 06:13:00,259.54,259.5749,259.0,259.5749,2155
2026-09-22 06:14:00,259.49,259.5022,259.49,259.5022,2116
2026-09-22 06:15:00,259.6,259.6,259.6,259.6,150
2026-09-22 06:16:00,259.5532,259.61,259.5532,259.6,1375
2026-09-22 06:18:00,259.6606,259.6606,259.6606,259.6606,100
2026-09-22 06:19:00,259.79,259.79,259.79,259.79,1000
2026-09-22 06:21:00,259.81,259.81,259.06,259.36,1768
2026-09-22 06:25:00,259.66,259.77,259.66,259.77,1398
2026-09-22 06:26:00,259.73,259.73,259.73,259.73,100
2026-09-22 06:28:00,259.64,259.64,259.64,259.64,100
2026-09-22 06:30:00,259.73,259.73,259.73,259.73,1109
2026-09-22 06:31:00,259.75,259.75,259.75,259.75,293
2026-09-22 06:33:00,259.97,259.97,259.97,259.97,400
2026-09-22 06:35:00,259.72,259.72,259.72,259.72,100
2026-09-22 06:39:00,259.92,259.92,259.92,259.92,114
2026-09-22 06:40:00,259.9,259.9,259.9,259.9,200
2026-09-22 06:41:00,259.75,260.0,259.75,260.0,1172
2026-09-22 06:42:00,259.94,260.0,259.94,260.0,890
2026-09-22 06:43:00,260.0,260.0,260.0,260.0,100
2026-09-22 06:44:00,259.9,259.9,259.9,259.9,340
2026-09-22 06:46:00,259.75,259.75,259.75,259.75,323
2026-09-22 06:49:00,259.7081,259.7081,259.7081,259.7081,350
2026-09-22 06:51:00,259.99,259.99,259.99,259.99,815
2026-09-22 06:55:00,259.85,259.91,259.85,259.91,200
2026-09-22 06:57:00,259.99,259.99,259.94,259.94,347
2026-09-22 06:58:00,259.95,259.95,259.93,259.93,299
2026-09-22 06:59:00,259.9,259.9,259.9,259.9,100
2026-09-22 07:00:00,259.9,260.1,259.9,259.98,9768
2026-09-22 07:01:00,260.0475,260.0475,259.9,259.9612,540
2026-09-22 07:02:00,259.9618,259.9618,259.7,259.7,2501
2026-09-22 07:03:00,259.7077,259.8412,259.7077,259.8,1458
2026-09-22 07:04:00,259.75,259.82,259.75,259.82,600
2026-09-22 07:05:00,259.75,259.7951,259.7,259.77,1692
2026-09-22 07:06:00,259.83,259.83,259.8028,259.8028,350
2026-09-22 07:07:00,259.71,259.71,259.7,259.7,500
2026-09-22 07:08:00,259.71,259.739,259.71,259.739,500
2026-09-22 07:09:00,259.68,259.7,259.45,259.51,13802
2026-09-22 07:10:00,259.593,259.593,259.31,259.59,1810
2026-09-22 07:11:00,259.5,259.55,259.5,259.5065,800
2026-09-22 07:12:00,259.7116,259.7116,259.7116,259.7116,300
2026-09-22 07:14:00,259.6,259.6,259.6,259.6,100
2026-09-22 07:16:00,259.5,259.5101,259.5,259.5101,600
2026-09-22 07:17:00,259.6785,259.6785,259.6785,259.6785,100
2026-09-22 07:22:00,259.51,259.51,259.51,259.51,100
2026-09-22 07:23:00,259.6607,259.6607,259.6,259.6,325
2026-09-22 07:24:00,259.68,259.7,259.6156,259.6156,2744
2026-09-22 07:25:00,259.6152,259.62,259.6152,259.62,400
2026-09-22 07:27:00,259.64,259.64,259.62,259.62,675
2026-09-22 07:28:00,259.63,259.63,259.63,259.63,100
2026-09-22 07:29:00,259.6799,259.6799,259.63,259.63,2000
2026-09-22 07:30:00,259.63,259.63,259.6,259.6,222
2026-09-22 07:31:00,259.51,259.51,259.5,259.5,1557
2026-09-22 07:32:00,259.51,259.54,259.51,259.54,400
2026-09-22 07:34:00,259.6,259.6,259.6,259.6,372
2026-09-22 07:35:00,259.5656,259.62,259.5656,259.62,200
2026-09-22 07:36:00,259.62,259.62,259.62,259.62,100
2026-09-22 07:37:00,259.5501,259.5501,259.55,259.55,537
2026-09-22 07:38:00,259.5,259.55,259.4757,259.5,3232
2026-09-22 07:39:00,259.587,259.587,259.49,259.5,700
2026-09-22 07:41:00,259.54,259.54,259.54,259.54,100
2026-09-22 07:42:00,259.61,259.7,259.61,259.68,1720
2026-09-22 07:43:00,259.76,259.79,259.7248,259.7248,650
2026-09-22 07:45:00,259.55,259.83,259.55,259.83,828
2026-09-22 07:46:00,259.72,259.8395,259.72,259.78,907
2026-09-22 07:47:00,259.7939,260.0,259.7939,259.99,1716
2026-09-22 07:48:00,259.9473,259.9473,259.9473,259.9473,100
2026-09-22 07:49:00,259.9409,259.9409,259.9409,259.9409,100
2026-09-22 07:50:00,259.93,259.93,259.9,259.9,318
2026-09-22 07:51:00,259.9,259.93,259.9,259.93,1000
2026-09-22 07:52:00,259.8,259.8,259.65,259.65,414
2026-09-22 07:53:00,259.731,259.731,259.7,259.7279,400
2026-09-22 07:54:00,259.73,259.73,259.7,259.7,4100
2026-09-22 07:55:00,259.75,259.75,259.75,259.75,484
2026-09-22 07:56:00,259.8,259.8,259.8,259.8,400
2026-09-22 07:57:00,259.8,259.9,259.7839,259.9,5989
2026-09-22 07:58:00,259.93,260.1975,259.93,260.1,2846
2026-09-22 07:59:00,260.02,260.07,259.85,259.85,4387
2026-09-22 08:00:00,259.83,259.83,259.55,259.56,1108
2026-09-22 08:01:00,259.52,259.52,259.15,259.15,5609
2026-09-22 08:02:00,259.05,259.51,259.05,259.51,752
2026-09-22 08:03:00,259.35,259.45,259.16,259.39,1410
2026-09-22 08:04:00,259.2,259.4137,259.2,259.4137,626
2026-09-22 08:05:00,259.25,259.25,259.22,259.22,500
2026-09-22 08:07:00,259.25,259.4251,259.18,259.18,604
2026-09-22 08:08:00,259.23,259.23,259.18,259.18,461
2026-09-22 08:09:00,259.03,259.05,259.01,259.01,1203
2026-09-22 08:10:00,259.1859,259.1859,259.0094,259.01,825
2026-09-22 08:11:00,259.08,259.11,259.01,259.02,4116
2026-09-22 08:12:00,259.1,259.1,259.0,259.03,1745
2026-09-22 08:13:00,259.07,259.31,259.07,259.31,1166
2026-09-22 08:14:00,259.1,259.31,259.04,259.2,2369
2026-09-22 08:15:00,259.1,259.1,258.76,258.84,8967
2026-09-22 08:16:00,258.7341,258.89,258.7341,258.89,722
2026-09-22 08:17:00,258.91,259.01,258.83,258.83,2252
2026-09-22 08:18:00,258.82,258.82,258.66,258.7,1405
2026-09-22 08:19:00,258.71,258.73,258.71,258.71,647
2026-09-22 08:20:00,258.73,258.79,258.71,258.75,1062
2026-09-22 08:21:00,258.698,258.698,258.698,258.698,175
2026-09-22 08:22:00,258.7149,258.87,258.7149,258.83,1744
2026-09-22 08:23:00,258.86,258.88,258.58,258.58,2361
2026-09-22 08:24:00,258.58,258.71,258.51,258.51,1598
2026-09-22 08:25:00,258.69,258.7,258.68,258.7,1350
2026-09-22 08:26:00,258.71,258.72,258.68,258.68,586
2026-09-22 08:27:00,258.58,258.67,258.58,258.62,1157
2026-09-22 08:28:00,258.67,258.72,258.67,258.72,206
2026-09-22 08:29:00,258.7147,258.73,258.7,258.73,1141
2026-09-22 08:30:00,258.85,258.85,258.64,258.64,287
2026-09-22 08:31:00,258.71,258.76,258.7,258.7,500
2026-09-22 08:32:00,258.8,258.8,258.77,258.77,305
2026-09-22 08:33:00,258.73,258.7906,258.73,258.7502,520
2026-09-22 08:34:00,258.8,258.8,258.8,258.8,300
2026-09-22 08:35:00,258.76,258.76,258.5,258.53,3240
2026-09-22 08:36:00,258.53,258.53,257.92,257.92,13258
2026-09-22 08:37:00,258.06,258.15,256.95,257.1,29274
2026-09-22 08:38:00,257.05,257.6612,257.0,257.0,2984
2026-09-22 08:39:00,257.0437,257.25,257.0,257.25,4005
2026-09-22 08:40:00,257.241,257.47,257.06,257.15,5251
2026-09-22 08:41:00,257.06,257.17,256.95,257.1,10575
2026-09-22 08:42:00,257.2,257.46,256.84,257.0,9196
2026-09-22 08:43:00,256.99,257.1708,256.907,257.1708,8528
2026-09-22 08:44:00,256.98,257.14,256.9,257.0,3540
2026-09-22 08:45:00,256.89,257.01,256.89,257.0,2716
2026-09-22 08:46:00,257.0,257.27,256.89,256.9,3850
2026-09-22 08:47:00,256.84,256.85,256.7,256.781,13682
2026-09-22 08:48:00,257.0,257.02,256.99,257.0,8277
2026-09-22 08:49:00,257.0,257.1875,257.0,257.1875,1120
2026-09-22 08:50:00,257.0,257.0,256.88,256.88,2548
2026-09-22 08:51:00,256.8,257.0,256.7,256.87,10124
2026-09-22 08:52:00,256.8884,256.9,256.69,256.839,8744
2026-09-22 08:53:00,256.8487,256.95,256.8,256.94,2414
2026-09-22 08:54:00,256.9027,256.99,256.89,256.89,1036
2026-09-22 08:55:00,256.9,256.977,256.85,256.977,6363
2026-09-22 08:56:00,256.9826,256.9826,256.8578,256.9,472
2026-09-22 08:57:00,256.9,256.93,256.85,256.85,2222
2026-09-22 08:58:00,256.9223,256.9223,256.62,256.65,5540
2026-09-22 08:59:00,256.6295,256.75,256.6,256.6,3038
2026-09-22 09:00:00,256.75,256.75,256.75,256.75,553
2026-09-22 09:01:00,256.9039,256.92,256.88,256.92,2060
2026-09-22 09:02:00,256.9,256.9,256.72,256.72,3918
2026-09-22 09:03:00,256.75,256.7667,256.7,256.75,2080
2026-09-22 09:04:00,256.75,256.8,256.75,256.7989,2381
2026-09-22 09:05:00,256.7987,257.0,256.7987,256.85,4550
2026-09-22 09:06:00,256.92,256.92,256.6,256.6,4724
2026-09-22 09:07:00,256.65,256.7,256.5,256.5,6910
2026-09-22 09:08:00,256.54,256.6752,256.54,256.67,3902
2026-09-22 09:09:00,256.5,256.663,256.5,256.55,2346
2026-09-22 09:10:00,256.61,256.61,256.53,256.53,1410
2026-09-22 09:11:00,256.62,256.66,256.5,256.53,3549
2026-09-22 09:12:00,256.6313,256.66,256.5,256.66,2465
2026-09-22 09:13:00,256.53,256.67,256.5,256.67,4065
2026-09-22 09:14:00,256.98,257.01,256.43,256.43,3626
2026-09-22 09:15:00,256.55,256.56,256.03,256.03,6267
2026-09-22 09:16:00,256.16,256.47,256.02,256.12,3620
2026-09-22 09:17:00,256.1,256.19,255.57,255.6,14601
2026-09-22 09:18:00,255.55,255.8,255.2,255.55,22069
2026-09-22 09:19:00,255.5,256.16,255.27,256.16,5549
2026-09-22 09:20:00,256.1,256.2246,255.4,255.6,3812
2026-09-22 09:21:00,255.6,255.86,255.25,255.3,17442
2026-09-22 09:22:00,255.37,255.4997,255.0,255.4214,19460
2026-09-22 09:23:00,255.4,255.55,255.1,255.4067,13230
2026-09-22 09:24:00,255.41,255.71,255.1,255.2,17947
2026-09-22 09:25:00,255.12,255.19,254.95,255.0,30731
2026-09-22 09:26:00,255.16,255.5,255.0,255.2,6944
2026-09-22 09:27:00,255.12,255.96,255.12,255.63,14379
2026-09-22 09:28:00,255.66,255.66,254.01,254.68,52280
2026-09-22 09:29:00,254.5,255.14,254.4,255.14,38249
2026-09-22 09:30:00,255.18,255.81,253.78,254.33,1256780
2026-09-22 09:31:00,254.455,255.3,254.18,255.2644,152124
2026-09-22 09:32:00,255.21,255.62,254.94,255.43,249623
2026-09-22 09:33:00,255.47,256.2,255.405,255.66,201815
2026-09-22 09:34:00,255.66,256.2,255.62,256.09,161974
2026-09-22 09:35:00,256.06,257.23,256.06,257.02,198282
2026-09-22 09:36:00,257.01,257.975,256.95,257.94,164390
2026-09-22 09:37:00,257.9001,258.43,257.85,257.976,137606
2026-09-22 09:38:00,257.99,258.3799,257.77,258.23,135084
2026-09-22 09:39:00,258.21,258.25,257.9901,258.015,101992
2026-09-22 09:40:00,258.0,258.08,257.6384,258.06,88803
2026-09-22 09:41:00,258.0352,258.25,257.8201,257.87,80097
2026-09-22 09:42:00,257.82,258.17,257.58,257.965,106724
2026-09-22 09:43:00,257.975,258.18,257.8,258.0492,57595
2026-09-22 09:44:00,258.095,258.48,258.0105,258.41,81403
2026-09-22 09:45:00,258.43,258.79,258.39,258.66,114486
2026-09-22 09:46:00,258.66,259.0,258.46,258.76,98990
2026-09-22 09:47:00,258.77,258.89,258.56,258.8129,63048
2026-09-22 09:48:00,258.805,258.855,258.33,258.635,83223
2026-09-22 09:49:00,258.61,258.771,258.4101,258.49,74088
2026-09-22 09:50:00,258.48,258.79,258.43,258.43,58829
2026-09-22 09:51:00,258.4245,258.59,258.33,258.435,76354
2026-09-22 09:52:00,258.425,258.425,258.045,258.135,46470
2026-09-22 09:53:00,258.14,258.26,257.95,257.975,54856
2026-09-22 09:54:00,257.97,257.97,257.7,257.785,87334
2026-09-22 09:55:00,257.79,257.79,257.26,257.52,105055
2026-09-22 09:56:00,257.51,257.6,257.2412,257.3,58527
2026-09-22 09:57:00,257.3,257.6197,257.24,257.505,98611
2026-09-22 09:58:00,257.5,257.75,257.335,257.335,77457
2026-09-22 09:59:00,257.38,257.55,257.14,257.35,82343
2026-09-22 10:00:00,257.35,257.53,257.22,257.5299,75633
2026-09-22 10:01:00,257.52,257.61,257.34,257.39,58064
2026-09-22 10:02:00,257.395,257.48,257.31,257.43,44900
2026-09-22 10:03:00,257.42,257.45,257.15,257.255,58463
2026-09-22 10:04:00,257.26,257.37,257.09,257.1,53306
2026-09-22 10:05:00,257.07,257.22,256.95,257.18,83030
2026-09-22 10:06:00,257.18,257.2,256.781,256.865,83000
2026-09-22 10:07:00,256.875,256.98,256.75,256.95,96897
2026-09-22 10:08:00,256.925,257.15,256.855,257.075,66699
2026-09-22 10:09:00,257.04,257.21,256.94,256.94,51374
2026-09-22 10:10:00,256.93,257.08,256.85,256.92,55890
2026-09-22 10:11:00,256.9,257.02,256.82,256.9723,46782
2026-09-22 10:12:00,257.01,257.11,256.861,257.11,55848
2026-09-22 10:13:00,257.11,257.17,256.95,256.96,41072
2026-09-22 10:14:00,256.98,257.05,256.79,256.82,109380
2026-09-22 10:15:00,256.81,256.98,256.75,256.8599,129534
2026-09-22 10:16:00,256.84,256.97,256.73,256.9299,88418
2026-09-22 10:17:00,256.925,256.94,256.51,256.77,103734
2026-09-22 10:18:00,256.765,256.89,256.37,256.435,155415
2026-09-22 10:19:00,256.43,256.53,256.32,256.465,49232
2026-09-22 10:20:00,256.4824,256.75,256.4201,256.6798,52959
2026-09-22 10:21:00,256.6807,256.96,256.665,256.875,54275
2026-09-22 10:22:00,256.87,256.96,256.57,256.59,43135
2026-09-22 10:23:00,256.62,256.66,256.41,256.58,63660
2026-09-22 10:24:00,256.55,256.72,256.5,256.635,65941
2026-09-22 10:25:00,256.63,256.75,256.56,256.705,87757
2026-09-22 10:26:00,256.73,256.73,256.455,256.585,36355
2026-09-22 10:27:00,256.585,256.7283,256.49,256.5801,65653
2026-09-22 10:28:00,256.605,256.68,256.52,256.64,47766
2026-09-22 10:29:00,256.6201,256.76,256.6201,256.74,41944
2026-09-22 10:30:00,256.755,256.99,256.7,256.85,62795
2026-09-22 10:31:00,256.835,256.96,256.72,256.8955,46445
2026-09-22 10:32:00,256.87,257.16,256.86,257.025,68893
2026-09-22 10:33:00,257.025,257.07,256.9,257.015,52089
2026-09-22 10:34:00,257.02,257.05,256.8801,256.93,47516
2026-09-22 10:35:00,256.94,256.94,256.665,256.68,55014
2026-09-22 10:36:00,256.68,256.955,256.68,256.92,30236
2026-09-22 10:37:00,256.98,257.24,256.94,257.19,78312
2026-09-22 10:38:00,257.195,257.26,257.03,257.0899,46833
2026-09-22 10:39:00,257.07,257.34,256.88,256.975,54932
2026-09-22 10:40:00,256.99,257.05,256.78,257.045,33602
2026-09-22 10:41:00,257.0499,257.05,256.775,256.805,39959
2026-09-22 10:42:00,256.805,256.83,256.69,256.775,35322
2026-09-22 10:43:00,256.8,256.93,256.72,256.895,25474
2026-09-22 10:44:00,256.91,256.945,256.755,256.815,18299
2026-09-22 10:45:00,256.815,256.97,256.8,256.93,26251
2026-09-22 10:46:00,256.97,257.025,256.48,256.5548,62334
2026-09-22 10:47:00,256.545,256.71,256.44,256.7,59430
2026-09-22 10:48:00,256.7,256.9,256.645,256.8,35479
2026-09-22 10:49:00,256.7801,257.0395,256.7801,256.94,29363
2026-09-22 10:50:00,256.9312,256.9312,256.7,256.765,30902
2026-09-22 10:51:00,256.76,256.7696,256.66,256.67,28148
2026-09-22 10:52:00,256.67,256.75,256.54,256.735,29659
2026-09-22 10:53:00,256.72,256.77,256.56,256.56,18378
2026-09-22 10:54:00,256.5699,256.93,256.55,256.88,35641
2026-09-22 10:55:00,256.885,256.9,256.735,256.8091,17214
2026-09-22 10:56:00,256.77,256.95,256.77,256.82,22462
2026-09-22 10:57:00,256.8,256.84,256.57,256.57,55365
2026-09-22 10:58:00,256.57,256.61,256.23,256.34,68171
2026-09-22 10:59:00,256.34,256.5,256.2801,256.43,65683
2026-09-22 11:00:00,256.405,256.435,256.11,256.2,66540
2026-09-22 11:01:00,256.2,256.2408,255.85,255.89,89626
2026-09-22 11:02:00,255.89,256.335,255.775,256.285,68201
2026-09-22 11:03:00,256.27,256.28,256.1334,256.22,46492
2026-09-22 11:04:00,256.28,256.36,256.075,256.11,47401
2026-09-22 11:05:00,256.05,256.12,255.92,256.07,45323
2026-09-22 11:06:00,256.04,256.11,255.745,255.745,70753
2026-09-22 11:07:00,255.745,255.75,255.415,255.46,72659
2026-09-22 11:08:00,255.4444,255.66,255.4137,255.55,94591
2026-09-22 11:09:00,255.5712,255.7491,255.5,255.635,51374
2026-09-22 11:10:00,255.65,255.7,255.31,255.34,96744
2026-09-22 11:11:00,255.36,255.62,255.33,255.53,55903
2026-09-22 11:12:00,255.55,255.6,255.41,255.595,43774
2026-09-22 11:13:00,255.595,255.62,255.47,255.48,37216
2026-09-22 11:14:00,255.49,255.68,255.32,255.425,72587
2026-09-22 11:15:00,255.438,255.515,255.36,255.43,36412
2026-09-22 11:16:00,255.4296,255.4854,255.26,255.4854,69289
2026-09-22 11:17:00,255.47,255.51,255.3901,255.465,32284
2026-09-22 11:18:00,255.45,255.55,255.34,255.355,45448
2026-09-22 11:19:00,255.38,255.45,255.3001,255.365,45818
2026-09-22 11:20:00,255.365,255.57,255.32,255.48,44868
2026-09-22 11:21:00,255.49,255.5542,255.39,255.395,66893
2026-09-22 11:22:00,255.4051,255.63,255.4,255.595,58077
2026-09-22 11:23:00,255.59,255.83,255.545,255.815,46766
2026-09-22 11:24:00,255.8012,255.9408,255.74,255.845,53606
2026-09-22 11:25:00,255.845,256.0,255.675,255.95,47671
2026-09-22 11:26:00,255.92,255.968,255.84,255.92,28249
2026-09-22 11:27:00,255.9,255.9,255.52,255.54,39704
2026-09-22 11:28:00,255.52,255.535,255.355,255.48,71409
2026-09-22 11:29:00,255.475,255.49,255.25,255.35,88041
2026-09-22 11:30:00,255.34,255.38,255.05,255.325,105728
2026-09-22 11:31:00,255.31,255.41,255.25,255.335,35128
2026-09-22 11:32:00,255.31,255.39,255.2501,255.315,34800
2026-09-22 11:33:00,255.32,255.41,255.2,255.32,68179
2026-09-22 11:34:00,255.26,255.32,255.08,255.21,59538
2026-09-22 11:35:00,255.205,255.235,255.04,255.107,47024
2026-09-22 11:36:00,255.1225,255.2,254.96,255.16,152626
2026-09-22 11:37:00,255.14,255.25,255.08,255.14,46669
2026-09-22 11:38:00,255.18,255.23,254.87,254.87,108838
2026-09-22 11:39:00,254.86,254.9,254.74,254.8099,67140
2026-09-22 11:40:00,254.8,254.88,254.69,254.82,49654
2026-09-22 11:41:00,254.8,254.8,254.55,254.7099,54628
2026-09-22 11:42:00,254.685,254.7271,254.475,254.6,77098
2026-09-22 11:43:00,254.6,254.63,254.42,254.435,75211
2026-09-22 11:44:00,254.43,254.59,254.38,254.565,78065
2026-09-22 11:45:00,254.54,254.57,254.39,254.39,64417
2026-09-22 11:46:00,254.37,254.4982,254.37,254.4199,50472
2026-09-22 11:47:00,254.405,254.583,254.3901,254.56,37026
2026-09-22 11:48:00,254.56,254.64,254.52,254.58,21892
2026-09-22 11:49:00,254.555,254.62,254.46,254.48,33408
2026-09-22 11:50:00,254.465,254.465,254.26,254.345,59738
2026-09-22 11:51:00,254.345,254.46,254.23,254.44,49221
2026-09-22 11:52:00,254.4247,254.98,254.4247,254.895,77306
2026-09-22 11:53:00,254.92,254.96,254.61,254.7,67866
2026-09-22 11:54:00,254.72,254.7699,254.5,254.5,39434
2026-09-22 11:55:00,254.53,254.7445,254.45,254.66,50738
2026-09-22 11:56:00,254.66,254.71,254.5781,254.64,42374
2026-09-22 11:57:00,254.62,254.82,254.57,254.795,53553
2026-09-22 11:58:00,254.78,255.07,254.71,255.01,61710
2026-09-22 11:59:00,255.01,255.17,254.94,255.05,86928
2026-09-22 12:00:00,255.06,255.08,254.97,254.97,40883
2026-09-22 12:01:00,254.95,254.95,254.6334,254.67,46956
2026-09-22 12:02:00,254.63,254.71,254.61,254.675,30326
2026-09-22 12:03:00,254.72,254.8663,254.67,254.82,26526
2026-09-22 12:04:00,254.82,254.91,254.8,254.85,22715
2026-09-22 12:05:00,254.85,254.959,254.76,254.95,31916
2026-09-22 12:06:00,254.98,254.9999,254.82,254.83,13158
2026-09-22 12:07:00,254.83,254.86,254.8,254.8102,25537
2026-09-22 12:08:00,254.8499,254.98,254.82,254.95,20786
2026-09-22 12:09:00,254.93,255.05,254.9042,254.975,25746
2026-09-22 12:10:00,255.0,255.055,254.905,254.955,26294
2026-09-22 12:11:00,254.94,254.96,254.815,254.85,34752
2026-09-22 12:12:00,254.85,254.915,254.73,254.73,33698
2026-09-22 12:13:00,254.725,254.75,254.46,254.49,57689
2026-09-22 12:14:00,254.4922,254.55,254.46,254.475,27693
2026-09-22 12:15:00,254.475,254.65,254.4701,254.61,49400
2026-09-22 12:16:00,254.65,254.65,254.46,254.56,38402
2026-09-22 12:17:00,254.565,254.59,254.4601,254.485,36725
2026-09-22 12:18:00,254.49,254.56,254.41,254.535,58951
2026-09-22 12:19:00,254.535,254.535,254.435,254.475,46595
2026-09-22 12:20:00,254.4925,254.53,254.4,254.4884,48531
2026-09-22 12:21:00,254.485,254.64,254.46,254.64,45254
2026-09-22 12:22:00,254.64,254.73,254.57,254.615,49992
2026-09-22 12:23:00,254.625,254.83,254.575,254.605,39426
2026-09-22 12:24:00,254.62,254.65,254.45,254.45,34460
2026-09-22 12:25:00,254.44,254.59,254.38,254.575,48793
2026-09-22 12:26:00,254.575,254.575,254.45,254.535,22241
2026-09-22 12:27:00,254.54,254.62,254.52,254.55,27760
2026-09-22 12:28:00,254.535,254.57,254.45,254.5,27309
2026-09-22 12:29:00,254.49,254.5,254.35,254.375,31440
2026-09-22 12:30:00,254.3601,254.3903,254.23,254.31,54736
2026-09-22 12:31:00,254.315,254.62,254.315,254.34,73656
2026-09-22 12:32:00,254.34,254.39,254.05,254.15,180993
2026-09-22 12:33:00,254.13,254.39,254.08,254.39,75680
2026-09-22 12:34:00,254.365,254.49,254.3,254.44,45813
2026-09-22 12:35:00,254.43,254.51,254.3801,254.45,31148
2026-09-22 12:36:00,254.475,254.589,254.45,254.47,40596
2026-09-22 12:37:00,254.478,254.4899,254.31,254.39,44671
2026-09-22 12:38:00,254.3601,254.4,254.2,254.265,58087
2026-09-22 12:39:00,254.265,254.31,254.19,254.295,143199
2026-09-22 12:40:00,254.31,254.44,254.27,254.44,62497
2026-09-22 12:41:00,254.4144,254.535,254.34,254.36,46851
2026-09-22 12:42:00,254.39,254.39,254.0508,254.1,58979
2026-09-22 12:43:00,254.12,254.28,254.08,254.25,36004
2026-09-22 12:44:00,254.25,254.5,254.24,254.4149,32376
2026-09-22 12:45:00,254.42,254.465,254.32,254.37,24988
2026-09-22 12:46:00,254.37,254.5,254.34,254.485,54969
2026-09-22 12:47:00,254.47,254.49,254.26,254.31,30724
2026-09-22 12:48:00,254.3,254.39,254.15,254.34,37338
2026-09-22 12:49:00,254.34,254.55,254.325,254.53,43158
2026-09-22 12:50:00,254.5159,254.584,254.32,254.42,26202
2026-09-22 12:51:00,254.43,254.52,254.43,254.5,21670
2026-09-22 12:52:00,254.5,254.58,254.43,254.54,32416
2026-09-22 12:53:00,254.55,254.73,254.55,254.624,42116
2026-09-22 12:54:00,254.62,254.6771,254.52,254.59,48229
2026-09-22 12:55:00,254.62,254.75,254.6,254.6063,29634
2026-09-22 12:56:00,254.62,254.6525,254.415,254.47,48390
2026-09-22 12:57:00,254.46,254.5,254.42,254.44,28119
2026-09-22 12:58:00,254.44,254.44,254.33,254.36,38288
2026-09-22 12:59:00,254.3699,254.45,254.2901,254.41,40804
2026-09-22 13:00:00,254.44,254.455,254.12,254.31,72281
2026-09-22 13:01:00,254.305,254.54,254.305,254.505,38771
2026-09-22 13:02:00,254.49,254.49,254.255,254.37,53803
2026-09-22 13:03:00,254.37,254.45,254.28,254.295,30630
2026-09-22 13:04:00,254.3,254.5,254.28,254.375,49584
2026-09-22 13:05:00,254.375,254.62,254.375,254.605,75657
2026-09-22 13:06:00,254.62,254.86,254.58,254.81,84033
2026-09-22 13:07:00,254.815,254.9,254.595,254.65,106838
2026-09-22 13:08:00,254.6699,254.68,254.53,254.5515,55292
2026-09-22 13:09:00,254.545,254.65,254.43,254.64,45852
2026-09-22 13:10:00,254.64,254.67,254.3,254.34,42221
2026-09-22 13:11:00,254.345,254.35,254.1,254.1299,60474
2026-09-22 13:12:00,254.115,254.25,254.05,254.23,38466
2026-09-22 13:13:00,254.18,254.33,254.1201,254.285,46736
2026-09-22 13:14:00,254.28,254.45,254.24,254.43,26184
2026-09-22 13:15:00,254.4218,254.46,254.34,254.43,23513
2026-09-22 13:16:00,254.4254,254.43,254.28,254.28,30246
2026-09-22 13:17:00,254.29,254.43,254.27,254.33,33362
2026-09-22 13:18:00,254.37,254.37,254.17,254.335,58436
2026-09-22 13:19:00,254.33,254.46,254.3,254.46,46625
2026-09-22 13:20:00,254.45,254.51,254.39,254.4654,60906
2026-09-22 13:21:00,254.477,254.535,254.44,254.46,37510
2026-09-22 13:22:00,254.43,254.6,254.42,254.435,33077
2026-09-22 13:23:00,254.43,254.55,254.43,254.53,21375
2026-09-22 13:24:00,254.535,254.64,254.525,254.605,31075
2026-09-22 13:25:00,254.605,254.62,254.54,254.59,23374
2026-09-22 13:26:00,254.585,254.589,254.54,254.5601,16345
2026-09-22 13:27:00,254.57,254.65,254.56,254.65,35184
2026-09-22 13:28:00,254.631,254.66,254.47,254.52,28452
2026-09-22 13:29:00,254.5,254.6,254.21,254.2634,57274
2026-09-22 13:30:00,254.235,254.2592,253.88,254.0,158170
2026-09-22 13:31:00,254.01,254.05,253.87,253.956,62770
2026-09-22 13:32:00,253.95,254.02,253.9,253.945,47349
2026-09-22 13:33:00,253.945,254.08,253.945,253.985,46708
2026-09-22 13:34:00,253.99,254.1119,253.9898,254.051,32542
2026-09-22 13:35:00,254.09,254.09,253.85,253.93,86263
2026-09-22 13:36:00,253.9394,253.96,253.82,253.86,39942
2026-09-22 13:37:00,253.87,253.9718,253.85,253.97,29822
2026-09-22 13:38:00,253.9793,254.12,253.96,254.085,32492
2026-09-22 13:39:00,254.085,254.25,254.08,254.235,33430
2026-09-22 13:40:00,254.24,254.2401,254.105,254.2,22143
2026-09-22 13:41:00,254.2,254.25,254.1,254.19,24226
2026-09-22 13:42:00,254.195,254.32,254.19,254.32,25845
2026-09-22 13:43:00,254.31,254.32,254.245,254.277,27353
2026-09-22 13:44:00,254.277,254.38,254.26,254.37,32156
2026-09-22 13:45:00,254.3701,254.55,254.35,254.49,46440
2026-09-22 13:46:00,254.5096,254.52,254.4494,254.485,20482
2026-09-22 13:47:00,254.5,254.735,254.4951,254.72,49551
2026-09-22 13:48:00,254.73,254.99,254.73,254.92,59278
2026-09-22 13:49:00,254.9296,255.04,254.85,254.895,59124
2026-09-22 13:50:00,254.895,255.07,254.895,255.07,61717
2026-09-22 13:51:00,255.1,255.2,255.0601,255.165,55957
2026-09-22 13:52:00,255.175,255.71,255.15,255.53,87886
2026-09-22 13:53:00,255.53,255.59,255.35,255.5,58870
2026-09-22 13:54:00,255.495,255.735,255.49,255.64,49201
2026-09-22 13:55:00,255.625,255.6599,255.41,255.53,45737
2026-09-22 13:56:00,255.53,255.84,255.5,255.83,114575
2026-09-22 13:57:00,255.83,255.92,255.75,255.79,76919
2026-09-22 13:58:00,255.785,255.965,255.75,255.81,56210
2026-09-22 13:59:00,255.8299,255.85,255.7301,255.76,39745
2026-09-22 14:00:00,255.7489,255.8613,255.7489,255.8613,33397
2026-09-22 14:01:00,255.87,255.95,255.75,255.8401,33695
2026-09-22 14:02:00,255.87,255.876,255.6,255.66,39470
2026-09-22 14:03:00,255.645,255.66,255.5084,255.57,37288
2026-09-22 14:04:00,255.575,255.6,255.49,255.575,47696
2026-09-22 14:05:00,255.575,255.7,255.53,255.61,29639
2026-09-22 14:06:00,255.61,255.6599,255.47,255.51,21006
2026-09-22 14:07:00,255.515,255.516,255.4,255.465,35401
2026-09-22 14:08:00,255.46,255.48,255.4,255.462,28851
2026-09-22 14:09:00,255.47,255.56,255.44,255.4659,20936
2026-09-22 14:10:00,255.5,255.5,255.29,255.38,45925
2026-09-22 14:11:00,255.38,255.4,255.31,255.34,24760
2026-09-22 14:12:00,255.33,255.43,255.21,255.41,65065
2026-09-22 14:13:00,255.405,255.41,255.05,255.24,75106
2026-09-22 14:14:00,255.215,255.23,255.0745,255.11,30469
2026-09-22 14:15:00,255.12,255.1766,255.01,255.13,38135
2026-09-22 14:16:00,255.125,255.21,255.08,255.185,18537
2026-09-22 14:17:00,255.198,255.3499,255.198,255.305,24168
2026-09-22 14:18:00,255.315,255.34,255.26,255.29,27195
2026-09-22 14:19:00,255.2881,255.34,255.24,255.29,25848
2026-09-22 14:20:00,255.275,255.2813,255.082,255.145,71852
2026-09-22 14:21:00,255.1626,255.2,255.1,255.17,15079
2026-09-22 14:22:00,255.145,255.18,255.1,255.14,12658
2026-09-22 14:23:00,255.135,255.32,255.13,255.2701,26760
2026-09-22 14:24:00,255.285,255.31,255.15,255.18,22063
2026-09-22 14:25:00,255.22,255.3,255.21,255.28,25352
2026-09-22 14:26:00,255.29,255.29,255.25,255.25,30772
2026-09-22 14:27:00,255.24,255.35,255.23,255.31,37122
2026-09-22 14:28:00,255.32,255.3815,255.28,255.3815,25548
2026-09-22 14:29:00,255.375,255.46,255.365,255.42,40894
2026-09-22 14:30:00,255.42,255.55,255.41,255.55,30694
2026-09-22 14:31:00,255.55,255.61,255.5,255.595,45157
2026-09-22 14:32:00,255.57,255.608,255.48,255.48,17563
2026-09-22 14:33:00,255.46,255.49,255.31,255.31,28478
2026-09-22 14:34:00,255.34,255.35,255.24,255.29,21631
2026-09-22 14:35:00,255.28,255.3,255.14,255.175,41140
2026-09-22 14:36:00,255.2099,255.2099,255.03,255.06,19804
2026-09-22 14:37:00,255.05,255.12,254.95,255.0331,45122
2026-09-22 14:38:00,255.03,255.1499,255.01,255.07,13796
2026-09-22 14:39:00,255.08,255.0895,255.0,255.02,27347
2026-09-22 14:40:00,255.01,255.15,255.01,255.14,28033
2026-09-22 14:41:00,255.15,255.18,255.05,255.11,32193
2026-09-22 14:42:00,255.1,255.2,255.04,255.17,36429
2026-09-22 14:43:00,255.17,255.28,255.15,255.24,61054
2026-09-22 14:44:00,255.2307,255.25,255.0774,255.12,44794
2026-09-22 14:45:00,255.13,255.22,255.11,255.22,25533
2026-09-22 14:46:00,255.21,255.31,255.21,255.28,36035
2026-09-22 14:47:00,255.26,255.3,255.23,255.2519,29656
2026-09-22 14:48:00,255.25,255.41,255.22,255.29,35858
2026-09-22 14:49:00,255.31,255.39,255.2339,255.26,34454
2026-09-22 14:50:00,255.29,255.33,255.2,255.33,29878
2026-09-22 14:51:00,255.35,255.45,255.28,255.33,34814
2026-09-22 14:52:00,255.3,255.42,255.22,255.2201,40862
2026-09-22 14:53:00,255.235,255.3199,255.21,255.3,26554
2026-09-22 14:54:00,255.31,255.3176,255.24,255.305,22580
2026-09-22 14:55:00,255.32,255.38,255.2,255.21,20595
2026-09-22 14:56:00,255.24,255.26,255.05,255.175,38029
2026-09-22 14:57:00,255.17,255.17,255.04,255.075,23110
2026-09-22 14:58:00,255.06,255.06,254.9,254.945,40274
2026-09-22 14:59:00,254.94,255.0,254.89,254.905,31950
2026-09-22 15:00:00,254.925,255.08,254.9,255.0652,37144
2026-09-22 15:01:00,255.07,255.12,254.95,255.105,21349
2026-09-22 15:02:00,255.1,255.14,255.01,255.04,32348
2026-09-22 15:03:00,255.05,255.09,255.017,255.055,38423
2026-09-22 15:04:00,255.0597,255.11,255.03,255.092,27114
2026-09-22 15:05:00,255.08,255.1,255.01,255.04,44629
2026-09-22 15:06:00,255.06,255.24,255.0328,255.2199,44356
2026-09-22 15:07:00,255.175,255.29,255.14,255.21,39599
2026-09-22 15:08:00,255.198,255.22,255.13,255.2,19835
2026-09-22 15:09:00,255.23,255.3,255.19,255.265,21346
2026-09-22 15:10:00,255.26,255.32,255.23,255.3,27511
2026-09-22 15:11:00,255.31,255.365,255.28,255.34,30250
2026-09-22 15:12:00,255.32,255.44,255.3,255.36,27017
2026-09-22 15:13:00,255.37,255.4,255.3106,255.34,23467
2026-09-22 15:14:00,255.335,255.42,255.28,255.31,40716
2026-09-22 15:15:00,255.31,255.3422,255.15,255.172,24779
2026-09-22 15:16:00,255.19,255.3799,255.19,255.3323,33231
2026-09-22 15:17:00,255.34,255.36,255.28,255.31,18846
2026-09-22 15:18:00,255.31,255.575,255.3,255.575,30192
2026-09-22 15:19:00,255.575,255.59,255.49,255.54,29362
2026-09-22 15:20:00,255.54,255.54,255.34,255.43,29453
2026-09-22 15:21:00,255.435,255.52,255.42,255.495,57250
2026-09-22 15:22:00,255.495,255.68,255.46,255.655,51755
2026-09-22 15:23:00,255.655,255.74,255.65,255.74,80201
2026-09-22 15:24:00,255.73,255.93,255.72,255.89,44276
2026-09-22 15:25:00,255.87,255.879,255.7801,255.845,46179
2026-09-22 15:26:00,255.845,255.8801,255.77,255.785,29954
2026-09-22 15:27:00,255.78,255.8,255.72,255.725,34404
2026-09-22 15:28:00,255.725,255.9,255.7,255.83,48093
2026-09-22 15:29:00,255.84,255.9,255.84,255.85,29681
2026-09-22 15:30:00,255.859,256.03,255.771,255.98,70471
2026-09-22 15:31:00,255.99,256.04,255.97,256.0,32617
2026-09-22 15:32:00,256.0099,256.25,256.0005,256.2,61287
2026-09-22 15:33:00,256.205,256.25,256.1,256.13,36178
2026-09-22 15:34:00,256.13,256.33,256.13,256.32,62216
2026-09-22 15:35:00,256.32,256.35,256.25,256.3,54576
2026-09-22 15:36:00,256.3,256.3087,256.13,256.1331,53314
2026-09-22 15:37:00,256.1501,256.19,256.02,256.14,41785
2026-09-22 15:38:00,256.16,256.215,256.12,256.12,43521
2026-09-22 15:39:00,256.1224,256.26,256.12,256.14,47894
2026-09-22 15:40:00,256.14,256.16,255.93,255.98,55487
2026-09-22 15:41:00,255.98,255.98,255.8,255.8001,48719
2026-09-22 15:42:00,255.829,255.84,255.7,255.835,52345
2026-09-22 15:43:00,255.82,255.855,255.78,255.85,40050
2026-09-22 15:44:00,255.86,255.97,255.79,255.97,34641
2026-09-22 15:45:00,255.96,256.08,255.925,255.95,87812
2026-09-22 15:46:00,255.97,256.06,255.96,256.02,38773
2026-09-22 15:47:00,256.02,256.06,255.9,255.91,41742
2026-09-22 15:48:00,255.9101,256.03,255.9,256.03,62281
2026-09-22 15:49:00,256.02,256.04,255.95,255.975,42800
2026-09-22 15:50:00,255.95,255.95,255.3,255.365,203070
2026-09-22 15:51:00,255.365,255.54,255.34,255.465,91216
2026-09-22 15:52:00,255.46,255.5238,255.3,255.32,90689
2026-09-22 15:53:00,255.31,255.335,255.03,255.03,111317
2026-09-22 15:54:00,255.02,255.95,254.96,255.575,242123
2026-09-22 15:55:00,255.56,255.56,255.11,255.27,126650
2026-09-22 15:56:00,255.27,255.29,255.14,255.225,107311
2026-09-22 15:57:00,255.225,255.2299,255.07,255.08,130425
2026-09-22 15:58:00,255.09,255.13,255.05,255.09,207506
2026-09-22 15:59:00,255.1,255.18,254.84,254.88,551551
2026-09-22 16:00:00,255.03,255.21,254.98,255.17,7007368
2026-09-22 16:01:00,255.03,255.06,255.0,255.0526,3683
2026-09-22 16:02:00,254.98,255.17,254.98,255.0,7078
2026-09-22 16:03:00,254.98,255.08,254.98,255.08,4109
2026-09-22 16:04:00,255.0645,255.0645,254.98,254.9803,2688
2026-09-22 16:05:00,254.9856,255.02,254.9,255.02,450
2026-09-22 16:06:00,255.02,255.02,254.95,255.01,1828
2026-09-22 16:07:00,255.02,255.2,254.9,255.0428,5301
2026-09-22 16:08:00,255.01,255.07,254.96,255.0162,2047
2026-09-22 16:09:00,255.02,255.0814,255.0,255.0,1851
2026-09-22 16:10:00,255.0,255.0,255.0,255.0,100
2026-09-22 16:11:00,255.0,255.0,255.0,255.0,119
2026-09-22 16:12:00,255.0,255.09,255.0,255.09,1076
2026-09-22 16:13:00,255.1,255.1,255.0139,255.1,1525
2026-09-22 16:14:00,255.1,255.1,255.0269,255.0269,900
2026-09-22 16:15:00,255.04,255.04,255.04,255.04,1038
2026-09-22 16:16:00,255.01,255.0983,255.0,255.0983,829
2026-09-22 16:17:00,255.05,255.05,255.05,255.05,208
2026-09-22 16:18:00,255.1,255.1,255.1,255.1,100
2026-09-22 16:19:00,255.12,255.12,255.1,255.1,200
2026-09-22 16:21:00,255.03,255.03,254.94,254.94,4153
2026-09-22 16:22:00,254.9446,254.9717,254.93,254.9717,949
2026-09-22 16:23:00,254.96,254.96,254.96,254.96,100
2026-09-22 16:25:00,254.99,254.99,254.99,254.99,7422
2026-09-22 16:26:00,255.0,255.09,254.99,255.09,1523
2026-09-22 16:27:00,255.0,255.08,255.0,255.08,330
2026-09-22 16:28:00,255.05,255.05,255.0475,255.05,720
2026-09-22 16:30:00,254.98,255.08,254.98,255.05,31046
2026-09-22 16:31:00,255.0001,255.0001,255.0001,255.0001,387
2026-09-22 16:32:00,255.04,255.04,255.0173,255.0173,300
2026-09-22 16:33:00,255.05,255.05,255.05,255.05,772
2026-09-22 16:34:00,255.0792,255.0792,255.03,255.03,846
2026-09-22 16:35:00,255.0799,255.08,255.0799,255.08,200
2026-09-22 16:36:00,255.03,255.0795,255.03,255.03,697
2026-09-22 16:37:00,255.0,255.0638,254.95,255.014,937
2026-09-22 16:39:00,255.02,255.05,255.02,255.05,358
2026-09-22 16:40:00,255.0,255.0,255.0,255.0,446
2026-09-22 16:41:00,254.977,254.977,254.977,254.977,113
2026-09-22 16:42:00,255.0,255.01,254.9799,254.9799,796
2026-09-22 16:43:00,255.0445,255.07,255.0445,255.07,200
2026-09-22 16:44:00,255.07,255.07,255.07,255.07,576
2026-09-22 16:45:00,254.98,254.98,254.98,254.98,484
2026-09-22 16:47:00,254.9924,254.9924,254.97,254.97,1289
2026-09-22 16:48:00,254.974,255.07,254.974,255.07,805
2026-09-22 16:49:00,255.06,255.06,255.06,255.06,430
2026-09-22 16:50:00,254.95,254.95,254.95,254.95,500
2026-09-22 16:51:00,255.0,255.0,254.95,254.95,2141
2026-09-22 16:52:00,254.93,254.93,254.93,254.93,100
2026-09-22 16:53:00,254.9918,254.9918,254.9,254.9,3893
2026-09-22 16:56:00,254.99,255.0,254.99,255.0,200
2026-09-22 16:57:00,254.95,254.9901,254.95,254.9901,539
2026-09-22 16:58:00,254.98,254.98,254.98,254.98,100
2026-09-22 16:59:00,254.9,254.9,254.9,254.9,712
2026-09-22 17:02:00,254.9,254.9,254.9,254.9,200
2026-09-22 17:03:00,254.99,254.99,254.99,254.99,100
2026-09-22 17:04:00,254.99,254.99,254.99,254.99,125
2026-09-22 17:05:00,254.9997,254.9997,254.98,254.98,550
2026-09-22 17:06:00,255.0,255.0,255.0,255.0,100
2026-09-22 17:07:00,254.99,254.99,254.99,254.99,200
2026-09-22 17:08:00,254.98,254.99,254.9712,254.9712,1370
2026-09-22 17:09:00,254.95,255.0345,254.95,254.99,630
2026-09-22 17:11:00,255.04,255.04,255.04,255.04,100
2026-09-22 17:13:00,255.0268,255.0268,254.98,254.98,211
2026-09-22 17:15:00,255.0399,255.0399,255.0151,255.0151,882
2026-09-22 17:16:00,255.0084,255.0084,255.0084,255.0084,100
2026-09-22 17:17:00,255.0,255.0,255.0,255.0,600
2026-09-22 17:19:00,254.9853,254.9853,254.9853,254.9853,100
2026-09-22 17:20:00,254.91,254.91,254.91,254.91,100
2026-09-22 17:21:00,254.9898,254.99,254.9723,254.9883,720
2026-09-22 17:22:00,254.99,255.0,254.99,254.99,329
2026-09-22 17:23:00,254.99,255.03,254.99,255.03,546
2026-09-22 17:24:00,254.99,254.99,254.99,254.99,1000
2026-09-22 17:27:00,255.0,255.0,255.0,255.0,697
2026-09-22 17:28:00,255.01,255.01,255.01,255.01,700
2026-09-22 17:29:00,255.01,255.025,255.0062,255.0062,2907
2026-09-22 17:30:00,255.05,255.05,255.05,255.05,213
2026-09-22 17:31:00,255.06,255.06,255.06,255.06,100
2026-09-22 17:32:00,255.08,255.08,255.08,255.08,212
2026-09-22 17:33:00,255.12,255.25,255.1199,255.25,2000
2026-09-22 17:34:00,255.21,255.29,255.21,255.29,1933
2026-09-22 17:35:00,255.1491,255.25,255.1491,255.25,250
2026-09-22 17:36:00,255.2,255.2,255.1899,255.19,437
2026-09-22 17:37:00,255.19,255.19,255.18,255.18,200
2026-09-22 17:38:00,255.2,255.2,255.2,255.2,120
2026-09-22 17:40:00,255.2301,255.2495,255.2301,255.2495,500
2026-09-22 17:41:00,255.17,255.18,255.17,255.17,884
2026-09-22 17:42:00,255.15,255.25,255.15,255.25,2100
2026-09-22 17:43:00,255.04,255.24,255.02,255.02,1000
2026-09-22 17:44:00,255.01,255.01,255.01,255.01,200
2026-09-22 17:45:00,255.0268,255.0268,255.0268,255.0268,197
2026-09-22 17:46:00,255.0531,255.25,255.0531,255.25,320
2026-09-22 17:48:00,255.25,255.25,255.25,255.25,100
2026-09-22 17:49:00,255.25,255.25,255.15,255.1906,747
2026-09-22 17:51:00,255.12,255.12,255.12,255.12,1425
2026-09-22 17:52:00,255.18,255.18,255.18,255.18,200
2026-09-22 17:53:00,255.14,255.14,255.14,255.14,100
2026-09-22 17:54:00,255.13,255.13,255.1,255.1,1100
2026-09-22 17:55:00,255.1,255.1,255.0577,255.0577,400
2026-09-22 17:56:00,255.1,255.1,255.098,255.098,3400
2026-09-22 17:57:00,255.09,255.09,255.09,255.09,150
2026-09-22 17:59:00,255.0992,255.0992,255.0992,255.0992,320
2026-09-22 18:00:00,255.05,255.05,255.05,255.05,450
2026-09-22 18:01:00,255.0992,255.0992,255.0992,255.0992,100
2026-09-22 18:02:00,255.0741,255.0741,255.0741,255.0741,800
2026-09-22 18:05:00,255.08,255.1,255.08,255.1,454
2026-09-22 18:06:00,255.1,255.13,255.1,255.13,381
2026-09-22 18:07:00,255.25,255.25,255.12,255.25,874
2026-09-22 18:08:00,255.092,255.092,255.092,255.092,100
2026-09-22 18:10:00,255.2386,255.24,255.2386,255.24,200
2026-09-22 18:11:00,255.25,255.25,255.25,255.25,350
2026-09-22 18:13:00,255.19,255.19,255.09,255.09,2650
2026-09-22 18:15:00,255.14,255.2,255.14,255.2,450
2026-09-22 18:17:00,255.1662,255.1662,255.1662,255.1662,100
2026-09-22 18:18:00,255.2,255.2,255.1969,255.2,1232
2026-09-22 18:19:00,255.2262,255.2262,255.1966,255.1995,756
2026-09-22 18:20:00,255.2,255.24,255.2,255.24,600
2026-09-22 18:21:00,255.24,255.2464,255.24,255.2464,500
2026-09-22 18:22:00,255.3,255.3,255.1986,255.1986,200
2026-09-22 18:23:00,255.2999,255.2999,255.25,255.25,438
2026-09-22 18:26:00,255.3,255.3,255.2577,255.3,1200
2026-09-22 18:27:00,255.2158,255.2158,255.2158,255.2158,500
2026-09-22 18:29:00,255.28,255.28,255.28,255.28,140
2026-09-22 18:31:00,255.3,255.3,255.3,255.3,500
2026-09-22 18:32:00,255.3,255.4767,255.3,255.4767,2476
2026-09-22 18:33:00,255.4,255.4,255.4,255.4,300
2026-09-22 18:34:00,255.4,255.4,255.3232,255.3232,300
2026-09-22 18:35:00,255.39,255.39,255.3577,255.3577,800
2026-09-22 18:36:00,255.4,255.4,255.4,255.4,978
2026-09-22 18:37:00,255.4,255.4,255.35,255.36,3285
2026-09-22 18:38:00,255.36,255.3995,255.35,255.3995,427
2026-09-22 18:39:00,255.3831,255.3831,255.3831,255.3831,500
2026-09-22 18:40:00,255.42,255.47,255.42,255.47,2276
2026-09-22 18:41:00,255.48,255.5,255.47,255.47,1100
2026-09-22 18:42:00,255.45,255.48,255.45,255.4522,2011
2026-09-22 18:43:00,255.4521,255.4546,255.4521,255.4546,800
2026-09-22 18:44:00,255.48,255.48,255.4505,255.48,900
2026-09-22 18:45:00,255.46,255.4752,255.45,255.4628,583
2026-09-22 18:46:00,255.4193,255.42,255.4193,255.42,1300
2026-09-22 18:48:00,255.4224,255.4224,255.37,255.37,889
2026-09-22 18:49:00,255.37,255.37,255.23,255.23,401
2026-09-22 18:50:00,255.21,255.42,255.21,255.42,5300
2026-09-22 18:51:00,255.21,255.35,255.21,255.35,915
2026-09-22 18:52:00,255.31,255.31,255.3,255.3,372
2026-09-22 18:53:00,255.35,255.35,255.35,255.35,394
2026-09-22 18:54:00,255.3,255.3,255.3,255.3,1200
2026-09-22 18:55:00,255.34,255.34,255.34,255.34,256
2026-09-22 18:56:00,255.38,255.38,255.38,255.38,200
2026-09-22 18:57:00,255.35,255.3501,255.35,255.3501,600
2026-09-22 18:58:00,255.3546,255.3597,255.3546,255.3597,460
2026-09-22 18:59:00,255.38,255.41,255.38,255.41,860
2026-09-22 19:00:00,255.4,255.4,255.4,255.4,100
2026-09-22 19:01:00,255.3416,255.4,255.3416,255.3611,5061
2026-09-22 19:02:00,255.4,255.41,255.4,255.41,406
2026-09-22 19:04:00,255.3808,255.3808,255.3808,255.3808,199
2026-09-22 19:05:00,255.4,255.4,255.4,255.4,100
2026-09-22 19:06:00,255.4323,255.4323,255.4323,255.4323,1000
2026-09-22 19:07:00,255.48,255.48,255.4799,255.48,1210
2026-09-22 19:08:00,255.4889,255.4889,255.4889,255.4889,100
2026-09-22 19:11:00,255.46,255.46,255.46,255.46,123
2026-09-22 19:14:00,255.49,255.49,255.49,255.49,148
2026-09-22 19:15:00,255.49,255.5,255.49,255.5,1089
2026-09-22 19:16:00,255.48,255.48,255.41,255.41,1534
2026-09-22 19:18:00,255.4737,255.52,255.4717,255.52,1300
2026-09-22 19:19:00,255.52,255.52,255.52,255.52,200
2026-09-22 19:20:00,255.55,255.55,255.55,255.55,980
2026-09-22 19:21:00,255.52,255.6733,255.52,255.6733,600
2026-09-22 19:23:00,255.572,255.59,255.5693,255.5693,1100
2026-09-22 19:24:00,255.566,255.566,255.56,255.56,600
2026-09-22 19:25:00,255.5588,255.5588,255.5588,255.5588,120
2026-09-22 19:26:00,255.5209,255.56,255.5209,255.5569,1010
2026-09-22 19:27:00,255.54,255.54,255.52,255.52,700
2026-09-22 19:28:00,255.46,255.56,255.46,255.5589,403
2026-09-22 19:29:00,255.52,255.52,255.52,255.52,100
2026-09-22 19:31:00,255.53,255.55,255.53,255.55,2799
2026-09-22 19:32:00,255.55,255.57,255.55,255.55,999
2026-09-22 19:33:00,255.6,255.6,255.6,255.6,100
2026-09-22 19:34:00,255.6,255.6454,255.6,255.6454,950
2026-09-22 19:35:00,255.57,255.6,255.55,255.59,1366
2026-09-22 19:36:00,255.59,255.59,255.59,255.59,200
2026-09-22 19:39:00,255.58,255.58,255.55,255.55,6938
2026-09-22 19:40:00,255.45,255.45,255.45,255.45,130
2026-09-22 19:41:00,255.45,255.45,255.45,255.45,224
2026-09-22 19:42:00,255.4148,255.5,255.4148,255.47,501
2026-09-22 19:45:00,255.45,255.5,255.42,255.42,667
2026-09-22 19:46:00,255.42,255.42,255.38,255.38,756
2026-09-22 19:47:00,255.3979,255.4494,255.3979,255.4494,200
2026-09-22 19:48:00,255.4423,255.448,255.4423,255.448,250
2026-09-22 19:49:00,255.41,255.41,255.41,255.41,100
2026-09-22 19:50:00,255.41,255.42,255.4,255.4,590
2026-09-22 19:51:00,255.4077,255.45,255.4077,255.4488,350
2026-09-22 19:52:00,255.44,255.44,255.44,255.44,140
2026-09-22 19:53:00,255.4498,255.4498,255.4482,255.4482,370
2026-09-22 19:55:00,255.45,255.45,255.45,255.45,404
2026-09-22 19:56:00,255.4,255.42,255.4,255.42,1282
2026-09-22 19:57:00,255.403,255.45,255.403,255.45,230
2026-09-22 19:58:00,255.45,255.45,255.42,255.42,600
2026-09-22 19:59:00,255.41,255.43,255.41,255.43,1100
2026-09-23 04:00:00,255.95,256.13,255.7294,256.0,12312
2026-09-23 04:01:00,255.8,256.12,255.8,256.1,3638
2026-09-23 04:02:00,256.0,256.13,255.79,255.85,2008
2026-09-23 04:03:00,255.85,256.1,255.7,255.85,4486
2026-09-23 04:04:00,255.89,256.0,255.83,255.97,733
2026-09-23 04:05:00,255.78,255.78,255.78,255.78,100
2026-09-23 04:07:00,255.8662,255.9,255.8662,255.9,619
2026-09-23 04:11:00,255.95,256.15,255.95,256.15,832
2026-09-23 04:12:00,256.1,256.1,256.0,256.0,300
2026-09-23 04:21:00,256.1581,256.1581,256.1581,256.1581,270
2026-09-23 04:22:00,256.2251,256.2251,256.2251,256.2251,193
2026-09-23 04:23:00,256.0857,256.0857,256.0857,256.0857,100
2026-09-23 04:24:00,256.1,256.3,256.1,256.3,479
2026-09-23 04:25:00,256.19,256.3,256.19,256.26,2848
2026-09-23 04:26:00,256.23,256.3,256.23,256.3,1384
2026-09-23 04:27:00,256.3,256.3,256.3,256.3,1000
2026-09-23 04:30:00,256.22,256.23,256.22,256.23,300
2026-09-23 04:36:00,256.29,256.29,256.25,256.29,857
2026-09-23 04:38:00,256.02,256.02,256.0,256.0,1016
2026-09-23 04:39:00,256.21,256.21,256.21,256.21,740
2026-09-23 04:41:00,256.0,256.0,255.92,255.92,700
2026-09-23 04:44:00,256.18,256.18,256.18,256.18,107
2026-09-23 04:46:00,255.92,255.92,255.92,255.92,100
2026-09-23 04:47:00,255.9,255.9,255.9,255.9,132
2026-09-23 04:51:00,255.9,255.9,255.83,255.83,206
2026-09-23 04:56:00,255.86,255.86,255.8,255.8,400
2026-09-23 05:04:00,255.94,255.94,255.94,255.94,107
2026-09-23 05:06:00,255.93,255.93,255.92,255.92,200
2026-09-23 05:07:00,255.92,255.96,255.92,255.96,391
2026-09-23 05:09:00,255.96,255.96,255.96,255.96,100
2026-09-23 05:10:00,255.86,255.9,255.8,255.8,1212
2026-09-23 05:16:00,255.66,255.66,255.65,255.65,418
2026-09-23 05:18:00,256.0,256.0,256.0,256.0,100
2026-09-23 05:30:00,255.81,255.81,255.81,255.81,200
2026-09-23 05:33:00,255.7,255.7,255.7,255.7,100
2026-09-23 05:35:00,255.898,255.898,255.898,255.898,100
2026-09-23 05:38:00,255.81,255.81,255.81,255.81,281
2026-09-23 05:39:00,255.82,255.82,255.82,255.82,300
2026-09-23 05:41:00,255.963,255.963,255.963,255.963,492
2026-09-23 05:45:00,255.77,255.77,255.77,255.77,118
2026-09-23 05:48:00,255.89,256.8,255.89,256.73,11198
2026-09-23 05:49:00,256.29,256.4,256.29,256.4,620
2026-09-23 05:51:00,256.38,256.5,256.38,256.4,1760
2026-09-23 05:52:00,256.4,256.4,256.3,256.3,266
2026-09-23 05:53:00,256.2,256.21,256.0,256.0,2078
2026-09-23 05:54:00,255.97,255.97,255.97,255.97,124
2026-09-23 05:55:00,255.97,256.0,255.97,256.0,816
2026-09-23 05:56:00,255.88,255.88,255.87,255.88,400
2026-09-23 05:58:00,255.9,255.94,255.9,255.94,342
2026-09-23 05:59:00,255.94,256.1,255.94,256.0,1045
2026-09-23 06:00:00,256.0,256.0,256.0,256.0,985
2026-09-23 06:01:00,256.17,256.17,256.17,256.17,323
2026-09-23 06:02:00,256.17,256.17,256.17,256.17,100
2026-09-23 06:03:00,256.07,256.07,256.07,256.07,294
2026-09-23 06:04:00,256.39,256.5,256.39,256.4398,517
2026-09-23 06:05:00,256.3,256.3,256.3,256.3,326
2026-09-23 06:06:00,256.31,256.46,256.3,256.46,2805
2026-09-23 06:07:00,256.4,256.46,256.4,256.46,1762
2026-09-23 06:08:00,256.4,256.4,256.4,256.4,300
2026-09-23 06:12:00,256.5,256.55,256.38,256.38,1750
2026-09-23 06:15:00,256.48,256.48,256.48,256.48,500
2026-09-23 06:20:00,256.34,256.34,256.31,256.31,2097
2026-09-23 06:23:00,256.3148,256.3148,256.3148,256.3148,1000
2026-09-23 06:26:00,256.3,256.3,256.3,256.3,107
2026-09-23 06:27:00,256.25,256.58,256.25,256.58,450
2026-09-23 06:28:00,256.38,256.4,256.38,256.4,400
2026-09-23 06:31:00,256.38,256.38,256.38,256.38,100
2026-09-23 06:34:00,256.27,256.27,256.27,256.27,100
2026-09-23 06:35:00,256.27,256.27,256.17,256.17,2856
2026-09-23 06:36:00,256.35,256.35,256.35,256.35,100
2026-09-23 06:40:00,256.17,256.17,256.13,256.13,1052
2026-09-23 06:41:00,256.06,256.08,256.06,256.07,598
2026-09-23 06:43:00,256.04,256.37,256.04,256.37,700
2026-09-23 06:45:00,256.0,256.0,256.0,256.0,153
2026-09-23 06:46:00,256.0,256.0,255.97,255.97,1294
2026-09-23 06:47:00,255.89,256.76,255.89,256.7,2996
2026-09-23 06:48:00,256.78,257.0,256.78,256.785,1800
2026-09-23 06:49:00,256.805,257.0,256.805,257.0,766
2026-09-23 06:50:00,256.64,256.64,256.6,256.6,275
2026-09-23 06:51:00,256.69,256.69,256.69,256.69,100
2026-09-23 06:53:00,256.69,256.69,256.69,256.69,100
2026-09-23 06:54:00,256.54,256.54,256.52,256.52,800
2026-09-23 06:55:00,256.54,256.54,256.49,256.49,850
2026-09-23 06:56:00,256.46,256.46,256.46,256.46,495
2026-09-23 06:57:00,256.41,256.41,256.41,256.41,100
2026-09-23 06:58:00,256.4,256.41,256.4,256.41,1176
2026-09-23 06:59:00,256.33,256.33,256.33,256.33,389
2026-09-23 07:00:00,256.34,256.34,256.17,256.18,2120
2026-09-23 07:01:00,256.13,256.13,256.13,256.13,500
2026-09-23 07:02:00,256.1,256.1749,256.1,256.1157,3380
2026-09-23 07:03:00,256.1,256.18,256.1,256.14,1511
2026-09-23 07:04:00,256.0,256.1268,256.0,256.1268,1980
2026-09-23 07:05:00,256.04,256.04,255.96,256.01,4641
2026-09-23 07:06:00,256.0,256.01,255.9994,256.01,1063
2026-09-23 07:07:00,256.1067,256.18,256.1067,256.18,1313
2026-09-23 07:08:00,256.18,256.19,256.16,256.16,2305
2026-09-23 07:09:00,256.05,256.1,256.05,256.1,3537
2026-09-23 07:10:00,256.08,256.08,256.0,256.0,1200
2026-09-23 07:11:00,256.08,256.1,256.08,256.1,223
2026-09-23 07:12:00,256.1,256.1,256.1,256.1,100
2026-09-23 07:13:00,256.0845,256.12,256.0,256.0,1729
2026-09-23 07:15:00,256.02,256.02,256.02,256.02,368
2026-09-23 07:16:00,256.08,256.13,256.08,256.13,663
2026-09-23 07:17:00,256.03,256.1,256.0,256.1,8095
2026-09-23 07:18:00,256.07,256.07,256.07,256.07,464
2026-09-23 07:20:00,255.9986,256.1005,255.9986,256.1005,200
2026-09-23 07:21:00,256.1,256.1,255.97,256.05,315
2026-09-23 07:23:00,256.0999,256.0999,256.0,256.0,300
2026-09-23 07:24:00,256.0,256.0,256.0,256.0,400
2026-09-23 07:25:00,256.0,256.01,255.8,256.0,17407
2026-09-23 07:26:00,256.0,256.0,255.75,255.75,1257
2026-09-23 07:27:00,255.66,255.67,255.6,255.6,4235
2026-09-23 07:28:00,255.6,255.76,255.6,255.76,13466
2026-09-23 07:29:00,255.7,255.7,255.7,255.7,200
2026-09-23 07:30:00,255.71,255.71,255.66,255.7008,600
2026-09-23 07:31:00,255.6102,255.7,255.6102,255.7,580
2026-09-23 07:32:00,255.82,255.82,255.82,255.82,100
2026-09-23 07:33:00,255.7388,255.7388,255.6,255.7,435
2026-09-23 07:34:00,255.72,255.72,255.72,255.72,138
2026-09-23 07:36:00,255.69,255.7,255.5945,255.64,1640
2026-09-23 07:37:00,255.5,255.5,255.44,255.44,7690
2026-09-23 07:38:00,255.43,255.43,255.4,255.4,942
2026-09-23 07:39:00,255.4,255.42,255.4,255.4004,400
2026-09-23 07:40:00,255.4,255.4,255.3,255.3,4457
2026-09-23 07:41:00,255.25,255.25,255.18,255.19,1414
2026-09-23 07:42:00,255.2,255.24,255.2,255.24,339
2026-09-23 07:43:00,255.23,255.23,254.9,254.99,10654
2026-09-23 07:44:00,254.9,254.99,254.75,254.75,8853
2026-09-23 07:45:00,254.75,254.85,254.75,254.85,450
2026-09-23 07:46:00,254.869,254.99,254.8493,254.8493,1764
2026-09-23 07:47:00,254.99,255.1113,254.99,255.1113,3468
2026-09-23 07:48:00,255.12,255.12,255.05,255.12,1160
2026-09-23 07:49:00,255.05,255.12,255.04,255.1,3876
2026-09-23 07:50:00,255.0852,255.0852,255.0845,255.0845,700
2026-09-23 07:51:00,255.05,255.1,255.05,255.1,400
2026-09-23 07:52:00,255.1073,255.1073,255.1073,255.1073,183
2026-09-23 07:53:00,255.1014,255.12,255.09,255.12,979
2026-09-23 07:54:00,255.0159,255.0159,254.9924,254.9984,1763
2026-09-23 07:55:00,254.94,254.94,254.94,254.94,200
2026-09-23 07:56:00,255.0,255.01,255.0,255.0,600
2026-09-23 07:58:00,255.07,255.15,255.07,255.15,1711
2026-09-23 07:59:00,255.5039,255.6,255.11,255.11,650
2026-09-23 08:00:00,255.2,255.2,255.11,255.11,635
2026-09-23 08:01:00,255.17,255.17,255.17,255.17,100
2026-09-23 08:02:00,255.17,255.17,255.17,255.17,192
2026-09-23 08:03:00,254.98,255.2899,254.98,255.2899,1081
2026-09-23 08:04:00,255.2488,255.2488,255.1,255.1,2365
2026-09-23 08:05:00,255.0217,255.14,255.0217,255.1157,300
2026-09-23 08:06:00,255.05,255.1,255.05,255.1,610
2026-09-23 08:07:00,254.9529,254.9529,254.79,254.79,2274
2026-09-23 08:08:00,254.6784,254.82,254.6784,254.8,3224
2026-09-23 08:09:00,254.7507,254.85,254.7507,254.8,615
2026-09-23 08:10:00,254.844,254.88,254.7,254.7,2950
2026-09-23 08:11:00,254.82,254.82,254.8112,254.82,810
2026-09-23 08:12:00,254.8,254.8,254.54,254.54,1854
2026-09-23 08:13:00,254.55,254.5857,254.5232,254.5857,982
2026-09-23 08:14:00,254.58,254.65,254.58,254.65,600
2026-09-23 08:17:00,254.54,254.62,254.54,254.62,1275
2026-09-23 08:18:00,254.59,254.6776,254.59,254.6776,350
2026-09-23 08:20:00,254.63,254.63,254.63,254.63,500
2026-09-23 08:21:00,254.7994,254.7994,254.44,254.54,4698
2026-09-23 08:22:00,254.7428,254.7428,254.6,254.6,985
2026-09-23 08:23:00,254.501,254.73,254.4434,254.73,2577
2026-09-23 08:24:00,254.5,254.51,254.3,254.3,2829
2026-09-23 08:25:00,254.54,254.55,254.42,254.55,473
2026-09-23 08:27:00,254.43,254.43,254.43,254.43,537
2026-09-23 08:28:00,254.52,254.5406,254.4232,254.4232,1278
2026-09-23 08:29:00,254.51,254.51,254.4,254.47,1589
2026-09-23 08:30:00,254.465,254.74,254.46,254.74,2366
2026-09-23 08:31:00,254.556,254.556,254.556,254.556,100
2026-09-23 08:32:00,254.59,254.64,254.59,254.64,940
2026-09-23 08:33:00,254.53,254.6,254.49,254.54,2111
2026-09-23 08:34:00,254.48,254.5721,254.47,254.5721,647
2026-09-23 08:35:00,254.46,254.5,254.46,254.5,546
2026-09-23 08:36:00,254.58,254.58,254.58,254.58,242
2026-09-23 08:37:00,254.61,254.73,254.6,254.73,725
2026-09-23 08:38:00,254.8,254.8,254.8,254.8,496
2026-09-23 08:39:00,254.77,254.82,254.71,254.71,1747
2026-09-23 08:40:00,254.82,254.82,254.6,254.6,1866
2026-09-23 08:41:00,254.68,254.68,254.6,254.6,355
2026-09-23 08:42:00,254.6,254.6,254.6,254.6,715
2026-09-23 08:43:00,254.6,254.6801,254.5383,254.5383,2079
2026-09-23 08:44:00,254.5,254.6,254.5,254.6,370
2026-09-23 08:45:00,254.5155,254.5845,254.5155,254.56,1003
2026-09-23 08:46:00,254.55,254.55,254.55,254.55,240
2026-09-23 08:47:00,254.5,254.5845,254.5,254.5845,600
2026-09-23 08:48:00,254.5,254.5845,254.5,254.5845,1200
2026-09-23 08:49:00,254.6,254.6,254.42,254.47,1052
2026-09-23 08:50:00,254.4,254.5,254.2001,254.2001,1759
2026-09-23 08:51:00,254.26,254.3898,254.25,254.35,902
2026-09-23 08:52:00,254.3,254.482,254.25,254.3,1015
2026-09-23 08:53:00,254.3996,254.3996,254.3,254.3,300
2026-09-23 08:54:00,254.31,254.3141,254.2,254.2423,1024
2026-09-23 08:55:00,254.2,254.2,253.9398,254.16,33310
2026-09-23 08:56:00,254.1298,254.33,254.1298,254.33,300
2026-09-23 08:57:00,254.37,254.42,254.37,254.38,609
2026-09-23 08:58:00,254.48,254.6,254.25,254.6,1840
2026-09-23 08:59:00,254.59,254.59,254.4,254.4,4090
2026-09-23 09:00:00,254.4,254.4,254.35,254.4,521
2026-09-23 09:01:00,254.49,254.5,254.4,254.5,3132
2026-09-23 09:02:00,254.3662,254.3662,254.132,254.132,1800
2026-09-23 09:03:00,254.3482,254.4,254.14,254.4,1385
2026-09-23 09:04:00,254.1803,254.1803,254.1802,254.1802,1020
2026-09-23 09:05:00,254.27,254.27,254.25,254.26,1202
2026-09-23 09:06:00,254.3718,254.3718,254.2609,254.35,600
2026-09-23 09:07:00,254.3,254.38,254.3,254.35,780
2026-09-23 09:08:00,254.4,254.45,254.35,254.45,1731
2026-09-23 09:09:00,254.4,254.4768,254.4,254.47,678
2026-09-23 09:10:00,254.47,254.4865,254.42,254.42,2620
2026-09-23 09:11:00,254.35,254.3732,254.35,254.3732,200
2026-09-23 09:13:00,254.4,254.4845,254.4,254.4845,1100
2026-09-23 09:15:00,254.48,254.5,254.48,254.48,1600
2026-09-23 09:16:00,254.4,254.5,254.4,254.5,1151
2026-09-23 09:17:00,254.481,254.5415,254.45,254.5415,1659
2026-09-23 09:18:00,254.55,254.55,254.5,254.55,2827
2026-09-23 09:19:00,254.575,254.575,254.5499,254.5499,4597
2026-09-23 09:20:00,254.55,254.55,254.55,254.55,136
2026-09-23 09:21:00,254.5,254.5329,254.45,254.45,1750
2026-09-23 09:22:00,254.4,254.4,254.27,254.4,888
2026-09-23 09:23:00,254.4833,254.4833,254.28,254.28,500
2026-09-23 09:24:00,254.33,254.55,254.33,254.42,675
2026-09-23 09:25:00,254.33,254.4399,254.07,254.07,6099
2026-09-23 09:26:00,254.0,254.1645,254.0,254.02,771
2026-09-23 09:27:00,254.0,254.0,253.5,253.59,12776
2026-09-23 09:28:00,253.5,253.51,252.86,253.18,28324
2026-09-23 09:29:00,253.04,253.36,253.0,253.3,12303
2026-09-23 09:30:00,253.3,254.04,252.01,252.05,859936
2026-09-23 09:31:00,252.11,252.83,252.03,252.81,232195
2026-09-23 09:32:00,252.77,252.9,252.285,252.74,95511
2026-09-23 09:33:00,252.82,252.94,252.45,252.9014,75410
2026-09-23 09:34:00,252.94,253.11,251.935,251.935,160414
2026-09-23 09:35:00,251.93,252.01,251.24,251.5,116160
2026-09-23 09:36:00,251.47,251.865,251.38,251.68,114523
2026-09-23 09:37:00,251.7082,252.14,251.62,252.1,116265
2026-09-23 09:38:00,252.1,252.18,251.65,251.73,117898
2026-09-23 09:39:00,251.72,251.8699,251.265,251.3799,124524
2026-09-23 09:40:00,251.35,251.93,251.35,251.43,128115
2026-09-23 09:41:00,251.455,251.98,251.42,251.685,85839
2026-09-23 09:42:00,251.74,251.79,251.6,251.7695,148223
2026-09-23 09:43:00,251.745,251.8785,251.52,251.635,130355
2026-09-23 09:44:00,251.66,251.77,251.55,251.7426,67963
2026-09-23 09:45:00,251.73,252.12,251.51,251.526,118330
2026-09-23 09:46:00,251.53,251.59,251.3775,251.47,125861
2026-09-23 09:47:00,251.49,251.65,251.44,251.515,69389
2026-09-23 09:48:00,251.52,251.5874,251.33,251.53,88324
2026-09-23 09:49:00,251.51,251.51,251.16,251.32,104038
2026-09-23 09:50:00,251.285,251.34,251.16,251.3184,52152
2026-09-23 09:51:00,251.29,251.4,251.07,251.185,120390
2026-09-23 09:52:00,251.18,251.2127,251.04,251.155,101663
2026-09-23 09:53:00,251.15,251.29,251.05,251.14,65794
2026-09-23 09:54:00,251.1448,251.1499,250.67,250.875,244588
2026-09-23 09:55:00,250.85,250.86,250.36,250.39,132974
2026-09-23 09:56:00,250.375,250.515,250.25,250.5,185343
2026-09-23 09:57:00,250.475,250.695,250.22,250.65,117085
2026-09-23 09:58:00,250.595,250.67,250.37,250.51,166786
2026-09-23 09:59:00,250.4401,250.48,250.22,250.41,83796
2026-09-23 10:00:00,250.35,250.3788,250.03,250.2,130079
2026-09-23 10:01:00,250.204,250.24,250.01,250.17,122570
2026-09-23 10:02:00,250.14,250.205,250.0306,250.12,122043
2026-09-23 10:03:00,250.12,250.15,249.91,249.958,371693
2026-09-23 10:04:00,249.94,250.0769,249.67,250.04,154881
2026-09-23 10:05:00,250.04,250.15,249.65,249.7304,150107
2026-09-23 10:06:00,249.73,249.82,249.56,249.57,88551
2026-09-23 10:07:00,249.56,249.63,249.3667,249.39,187911
2026-09-23 10:08:00,249.35,249.5599,249.2,249.52,140089
2026-09-23 10:09:00,249.51,249.76,249.33,249.395,150793
2026-09-23 10:10:00,249.395,249.4299,249.1,249.26,95604
2026-09-23 10:11:00,249.2999,249.35,248.92,249.085,154606
2026-09-23 10:12:00,249.08,249.17,248.87,248.9,142293
2026-09-23 10:13:00,248.9,248.91,248.73,248.815,94458
2026-09-23 10:14:00,248.83,248.98,248.79,248.835,60971
2026-09-23 10:15:00,248.84,248.905,248.67,248.86,86732
2026-09-23 10:16:00,248.8269,248.88,248.62,248.71,103014
2026-09-23 10:17:00,248.77,248.77,248.48,248.55,95792
2026-09-23 10:18:00,248.57,248.57,248.3501,248.45,100239
2026-09-23 10:19:00,248.43,248.4687,248.19,248.285,112555
2026-09-23 10:20:00,248.25,248.81,248.24,248.7537,99958
2026-09-23 10:21:00,248.745,248.9296,248.52,248.535,90732
2026-09-23 10:22:00,248.52,248.6899,248.48,248.635,50870
2026-09-23 10:23:00,248.6,248.7,248.55,248.575,42966
2026-09-23 10:24:00,248.55,248.73,248.45,248.72,88256
2026-09-23 10:25:00,248.705,249.04,248.695,248.84,181261
2026-09-23 10:26:00,248.81,248.8451,248.59,248.605,77638
2026-09-23 10:27:00,248.59,248.76,248.55,248.67,65277
2026-09-23 10:28:00,248.65,248.85,248.65,248.8399,30382
2026-09-23 10:29:00,248.83,249.24,248.79,249.1813,130015
2026-09-23 10:30:00,249.15,249.28,249.05,249.17,74255
2026-09-23 10:31:00,249.14,249.38,248.99,249.135,79022
2026-09-23 10:32:00,249.1201,249.33,249.08,249.19,48595
2026-09-23 10:33:00,249.1892,249.413,249.18,249.285,52979
2026-09-23 10:34:00,249.285,249.298,249.14,249.19,48631
2026-09-23 10:35:00,249.19,249.32,249.175,249.25,60887
2026-09-23 10:36:00,249.26,249.26,248.955,249.02,69686
2026-09-23 10:37:00,248.9935,249.1,248.8801,249.0,49412
2026-09-23 10:38:00,248.95,248.98,248.8,248.85,45910
2026-09-23 10:39:00,248.845,248.9996,248.8321,248.9,33756
2026-09-23 10:40:00,248.905,249.04,248.7903,249.04,27299
2026-09-23 10:41:00,249.045,249.16,249.01,249.125,73440
2026-09-23 10:42:00,249.1175,249.1699,248.965,249.08,44631
2026-09-23 10:43:00,249.06,249.24,249.0,249.17,51557
2026-09-23 10:44:00,249.155,249.18,249.07,249.16,25419
2026-09-23 10:45:00,249.17,249.3,249.09,249.3,64263
2026-09-23 10:46:00,249.27,249.38,249.23,249.36,49581
2026-09-23 10:47:00,249.37,249.63,249.315,249.57,68309
2026-09-23 10:48:00,249.5874,249.685,249.5,249.5,55665
2026-09-23 10:49:00,249.485,249.495,249.14,249.145,75937
2026-09-23 10:50:00,249.1475,249.44,249.145,249.29,52458
2026-09-23 10:51:00,249.29,249.7,249.26,249.55,51450
2026-09-23 10:52:00,249.57,249.68,249.44,249.654,55457
2026-09-23 10:53:00,249.6534,250.28,249.62,250.23,164405
2026-09-23 10:54:00,250.235,250.39,250.12,250.375,103045
2026-09-23 10:55:00,250.38,250.4,249.985,250.11,66148
2026-09-23 10:56:00,250.1,250.205,250.0801,250.14,43837
2026-09-23 10:57:00,250.12,250.255,250.02,250.185,46696
2026-09-23 10:58:00,250.19,250.5499,250.18,250.53,65962
2026-09-23 10:59:00,250.5399,250.7399,250.51,250.72,69568
2026-09-23 11:00:00,250.72,250.72,250.44,250.51,87118
2026-09-23 11:01:00,250.515,250.61,250.4724,250.52,55187
2026-09-23 11:02:00,250.51,250.68,250.46,250.55,60732
2026-09-23 11:03:00,250.56,250.76,250.52,250.72,62530
2026-09-23 11:04:00,250.73,250.73,250.61,250.64,44373
2026-09-23 11:05:00,250.665,250.684,250.3,250.4199,90144
2026-09-23 11:06:00,250.3751,250.51,250.37,250.4568,52095
2026-09-23 11:07:00,250.425,250.6,250.405,250.565,56132
2026-09-23 11:08:00,250.59,250.74,250.5101,250.595,53032
2026-09-23 11:09:00,250.6099,250.77,250.56,250.72,75677
2026-09-23 11:10:00,250.695,250.925,250.67,250.7723,50755
2026-09-23 11:11:00,250.785,250.785,250.6123,250.6123,45561
2026-09-23 11:12:00,250.61,250.64,250.5101,250.64,45754
2026-09-23 11:13:00,250.62,250.65,250.56,250.63,62267
2026-09-23 11:14:00,250.62,250.63,250.49,250.53,25141
2026-09-23 11:15:00,250.54,250.57,250.461,250.477,52240
2026-09-23 11:16:00,250.47,250.5099,250.33,250.435,69074
2026-09-23 11:17:00,250.42,250.42,250.23,250.28,49678
2026-09-23 11:18:00,250.28,250.4,250.26,250.295,124324
2026-09-23 11:19:00,250.3197,250.58,250.29,250.55,56784
2026-09-23 11:20:00,250.53,250.7639,250.51,250.51,147530
2026-09-23 11:21:00,250.54,250.63,250.45,250.545,34951
2026-09-23 11:22:00,250.57,250.6501,250.47,250.52,25873
2026-09-23 11:23:00,250.52,250.615,250.48,250.51,49775
2026-09-23 11:24:00,250.5,250.62,250.47,250.52,19405
2026-09-23 11:25:00,250.505,250.6808,250.47,250.555,59841
2026-09-23 11:26:00,250.56,250.56,250.46,250.47,23281
2026-09-23 11:27:00,250.49,250.52,250.395,250.42,19239
2026-09-23 11:28:00,250.42,250.43,250.2501,250.335,30074
2026-09-23 11:29:00,250.335,250.42,250.2,250.23,48086
2026-09-23 11:30:00,250.235,250.33,250.21,250.24,23462
2026-09-23 11:31:00,250.23,250.35,250.23,250.34,30158
2026-09-23 11:32:00,250.31,250.38,250.12,250.15,36448
2026-09-23 11:33:00,250.16,250.35,250.12,250.35,45919
2026-09-23 11:34:00,250.35,250.36,250.26,250.35,25287
2026-09-23 11:35:00,250.33,250.38,250.24,250.265,27856
2026-09-23 11:36:00,250.28,250.38,250.16,250.2089,140554
2026-09-23 11:37:00,250.17,250.185,249.92,249.95,100922
2026-09-23 11:38:00,249.95,250.235,249.91,250.235,71194
2026-09-23 11:39:00,250.21,250.3,250.13,250.2,35868
2026-09-23 11:40:00,250.17,250.1799,250.01,250.02,22421
2026-09-23 11:41:00,250.03,250.05,249.74,249.785,93397
2026-09-23 11:42:00,249.79,249.9,249.79,249.89,32261
2026-09-23 11:43:00,249.885,250.02,249.885,249.955,35523
2026-09-23 11:44:00,249.965,250.005,249.91,249.96,47200
2026-09-23 11:45:00,249.965,250.05,249.91,250.0,32863
2026-09-23 11:46:00,250.0,250.08,249.87,249.935,43194
2026-09-23 11:47:00,249.935,250.0,249.75,249.92,45085
2026-09-23 11:48:00,249.9,249.92,249.71,249.77,23783
2026-09-23 11:49:00,249.8,249.85,249.76,249.85,26088
2026-09-23 11:50:00,249.8201,249.99,249.8201,249.98,25377
2026-09-23 11:51:00,250.0,250.03,249.88,249.97,72468
2026-09-23 11:52:00,249.9882,250.08,249.93,250.08,122221
2026-09-23 11:53:00,250.0876,250.2,250.03,250.16,31955
2026-09-23 11:54:00,250.185,250.3,250.16,250.3,24708
2026-09-23 11:55:00,250.2945,250.45,250.27,250.275,70910
2026-09-23 11:56:00,250.26,250.29,250.13,250.21,30635
2026-09-23 11:57:00,250.19,250.195,250.08,250.09,28967
2026-09-23 11:58:00,250.09,250.12,249.96,250.0,30838
2026-09-23 11:59:00,250.01,250.03,249.96,249.99,24957
2026-09-23 12:00:00,250.0,250.15,249.97,250.15,70624
2026-09-23 12:01:00,250.14,250.27,250.04,250.05,25717
2026-09-23 12:02:00,250.055,250.1124,249.8,250.09,54415
2026-09-23 12:03:00,250.09,250.22,250.08,250.2099,20136
2026-09-23 12:04:00,250.245,250.35,250.2101,250.295,12780
2026-09-23 12:05:00,250.295,250.295,250.135,250.18,25740
2026-09-23 12:06:00,250.17,250.21,250.125,250.17,18136
2026-09-23 12:07:00,250.175,250.29,250.15,250.28,18114
2026-09-23 12:08:00,250.28,250.3899,250.2701,250.3,13201
2026-09-23 12:09:00,250.295,250.32,250.2492,250.2492,15337
2026-09-23 12:10:00,250.23,250.24,250.175,250.19,34308
2026-09-23 12:11:00,250.19,250.29,250.1801,250.29,10042
2026-09-23 12:12:00,250.295,250.33,250.1941,250.24,28026
2026-09-23 12:13:00,250.26,250.31,250.25,250.31,12850
2026-09-23 12:14:00,250.305,250.33,250.21,250.33,22671
2026-09-23 12:15:00,250.33,250.33,250.2635,250.29,12977
2026-09-23 12:16:00,250.3,250.32,250.17,250.17,16396
2026-09-23 12:17:00,250.17,250.2,250.02,250.04,15935
2026-09-23 12:18:00,250.03,250.03,249.91,249.95,34351
2026-09-23 12:19:00,249.94,249.94,249.805,249.925,19827
2026-09-23 12:20:00,249.92,249.93,249.828,249.86,21062
2026-09-23 12:21:00,249.855,249.9587,249.8304,249.94,19744
2026-09-23 12:22:00,249.945,250.05,249.93,250.05,26378
2026-09-23 12:23:00,250.05,250.06,249.984,250.03,18155
2026-09-23 12:24:00,250.025,250.14,249.99,250.09,47813
2026-09-23 12:25:00,250.09,250.15,250.05,250.13,29835
2026-09-23 12:26:00,250.1283,250.1399,249.9,249.92,38242
2026-09-23 12:27:00,249.915,249.92,249.71,249.75,61661
2026-09-23 12:28:00,249.755,249.83,249.6801,249.75,34878
2026-09-23 12:29:00,249.74,249.7791,249.61,249.64,56025
2026-09-23 12:30:00,249.64,249.682,249.545,249.682,33493
2026-09-23 12:31:00,249.68,249.74,249.67,249.685,23790
2026-09-23 12:32:00,249.67,249.695,249.555,249.57,27037
2026-09-23 12:33:00,249.58,249.595,249.33,249.33,69300
2026-09-23 12:34:00,249.3451,249.44,249.32,249.3904,49249
2026-09-23 12:35:00,249.41,249.538,249.33,249.34,31254
2026-09-23 12:36:00,249.34,249.5,249.3201,249.495,34309
2026-09-23 12:37:00,249.51,249.54,249.4,249.43,30424
2026-09-23 12:38:00,249.45,249.55,249.42,249.53,29380
2026-09-23 12:39:00,249.545,249.56,249.41,249.425,44012
2026-09-23 12:40:00,249.41,249.43,249.25,249.28,43605
2026-09-23 12:41:00,249.27,249.287,249.21,249.23,47129
2026-09-23 12:42:00,249.22,249.23,249.11,249.11,41362
2026-09-23 12:43:00,249.105,249.13,249.025,249.07,44993
2026-09-23 12:44:00,249.08,249.08,248.815,248.815,93372
2026-09-23 12:45:00,248.82,248.96,248.7,248.77,71795
2026-09-23 12:46:00,248.79,248.86,248.77,248.85,40302
2026-09-23 12:47:00,248.85,248.922,248.8,248.835,50347
2026-09-23 12:48:00,248.82,248.85,248.6303,248.715,100714
2026-09-23 12:49:00,248.72,248.74,248.57,248.6001,33597
2026-09-23 12:50:00,248.6,248.6,248.395,248.505,78361
2026-09-23 12:51:00,248.51,248.6,248.37,248.485,79008
2026-09-23 12:52:00,248.445,248.49,248.25,248.27,52525
2026-09-23 12:53:00,248.27,248.4352,248.13,248.345,103184
2026-09-23 12:54:00,248.36,248.4299,248.23,248.27,54417
2026-09-23 12:55:00,248.27,248.35,248.15,248.17,45268
2026-09-23 12:56:00,248.18,248.35,248.18,248.34,38149
2026-09-23 12:57:00,248.34,248.4791,248.34,248.445,70103
2026-09-23 12:58:00,248.45,248.54,248.43,248.51,53116
2026-09-23 12:59:00,248.51,248.51,248.3101,248.3101,65114
2026-09-23 13:00:00,248.32,248.44,248.31,248.435,38036
2026-09-23 13:01:00,248.42,248.46,248.35,248.365,97649
2026-09-23 13:02:00,248.36,248.36,247.895,247.945,208405
2026-09-23 13:03:00,247.955,248.03,247.86,247.95,79969
2026-09-23 13:04:00,247.93,247.9503,247.8,247.891,84969
2026-09-23 13:05:00,247.87,248.09,247.87,248.02,53150
2026-09-23 13:06:00,248.01,248.05,247.945,248.03,48209
2026-09-23 13:07:00,248.01,248.16,247.98,248.03,78139
2026-09-23 13:08:00,248.04,248.19,248.02,248.17,58023
2026-09-23 13:09:00,248.18,248.36,248.06,248.31,65075
2026-09-23 13:10:00,248.32,248.35,248.22,248.22,27642
2026-09-23 13:11:00,248.22,248.34,248.12,248.1299,30340
2026-09-23 13:12:00,248.12,248.24,248.08,248.16,33930
2026-09-23 13:13:00,248.155,248.31,248.14,248.31,55626
2026-09-23 13:14:00,248.27,248.34,248.15,248.295,101151
2026-09-23 13:15:00,248.3091,248.31,248.175,248.23,46680
2026-09-23 13:16:00,248.22,248.2399,248.18,248.195,27696
2026-09-23 13:17:00,248.18,248.275,248.1601,248.24,40853
2026-09-23 13:18:00,248.25,248.3,248.18,248.1901,24465
2026-09-23 13:19:00,248.2,248.25,248.115,248.215,54024
2026-09-23 13:20:00,248.245,248.245,248.04,248.2,28152
2026-09-23 13:21:00,248.1959,248.25,248.085,248.085,29133
2026-09-23 13:22:00,248.1,248.2663,248.08,248.23,20696
2026-09-23 13:23:00,248.22,248.2261,247.95,247.95,39152
2026-09-23 13:24:00,247.95,247.95,247.815,247.85,41534
2026-09-23 13:25:00,247.845,247.91,247.8001,247.86,29521
2026-09-23 13:26:00,247.85,247.92,247.81,247.915,47932
2026-09-23 13:27:00,247.93,247.93,247.76,247.83,77351
2026-09-23 13:28:00,247.85,248.0,247.845,247.95,27434
2026-09-23 13:29:00,247.94,248.1,247.93,248.055,29603
2026-09-23 13:30:00,248.06,248.06,247.85,247.9,29478
2026-09-23 13:31:00,247.87,248.085,247.84,248.085,20075
2026-09-23 13:32:00,248.085,248.085,247.91,248.04,23595
2026-09-23 13:33:00,248.0258,248.125,248.0,248.095,20825
2026-09-23 13:34:00,248.09,248.0971,248.02,248.04,23015
2026-09-23 13:35:00,248.0599,248.075,247.89,247.945,69101
2026-09-23 13:36:00,247.945,248.12,247.945,248.105,30190
2026-09-23 13:37:00,248.105,248.265,248.105,248.265,20570
2026-09-23 13:38:00,248.265,248.315,248.13,248.22,88747
2026-09-23 13:39:00,248.22,248.38,248.21,248.32,55517
2026-09-23 13:40:00,248.34,248.385,248.185,248.29,47551
2026-09-23 13:41:00,248.29,248.36,248.25,248.27,27330
2026-09-23 13:42:00,248.29,248.4599,248.265,248.43,38562
2026-09-23 13:43:00,248.43,248.56,248.4,248.51,57071
2026-09-23 13:44:00,248.4922,248.595,248.46,248.5667,59264
2026-09-23 13:45:00,248.54,248.7,248.51,248.6616,25216
2026-09-23 13:46:00,248.69,248.77,248.69,248.69,55516
2026-09-23 13:47:00,248.695,248.74,248.58,248.59,26936
2026-09-23 13:48:00,248.58,248.64,248.46,248.54,30639
2026-09-23 13:49:00,248.53,248.61,248.51,248.56,15328
2026-09-23 13:50:00,248.56,248.65,248.56,248.63,23629
2026-09-23 13:51:00,248.63,248.63,248.54,248.54,30409
2026-09-23 13:52:00,248.55,248.67,248.53,248.67,50782
2026-09-23 13:53:00,248.66,248.83,248.65,248.82,52387
2026-09-23 13:54:00,248.84,248.87,248.75,248.815,33496
2026-09-23 13:55:00,248.81,248.94,248.8,248.825,36167
2026-09-23 13:56:00,248.83,248.91,248.705,248.87,69706
2026-09-23 13:57:00,248.88,249.044,248.86,249.0338,31112
2026-09-23 13:58:00,249.03,249.36,249.01,249.24,54535
2026-09-23 13:59:00,249.24,249.305,249.16,249.16,30316
2026-09-23 14:00:00,249.15,249.27,249.11,249.18,32667
2026-09-23 14:01:00,249.185,249.3799,249.11,249.365,37248
2026-09-23 14:02:00,249.37,249.44,249.3,249.31,43052
2026-09-23 14:03:00,249.31,249.41,249.31,249.3884,36564
2026-09-23 14:04:00,249.4093,249.47,249.32,249.35,78555
2026-09-23 14:05:00,249.36,249.4,249.265,249.4,42971
2026-09-23 14:06:00,249.4,249.5,249.4,249.465,31237
2026-09-23 14:07:00,249.45,249.605,249.45,249.54,58562
2026-09-23 14:08:00,249.55,249.57,249.4,249.43,36261
2026-09-23 14:09:00,249.41,249.63,249.4,249.59,46593
2026-09-23 14:10:00,249.59,249.68,249.56,249.655,35513
2026-09-23 14:11:00,249.66,249.76,249.65,249.665,42974
2026-09-23 14:12:00,249.66,249.81,249.66,249.7799,53960
2026-09-23 14:13:00,249.78,249.9,249.7075,249.8047,73718
2026-09-23 14:14:00,249.82,249.82,249.6,249.6019,52644
2026-09-23 14:15:00,249.615,249.63,249.5101,249.58,53718
2026-09-23 14:16:00,249.575,249.645,249.54,249.57,29515
2026-09-23 14:17:00,249.57,249.73,249.555,249.71,29045
2026-09-23 14:18:00,249.745,249.8,249.745,249.79,15421
2026-09-23 14:19:00,249.78,249.82,249.7,249.7099,54729
2026-09-23 14:20:00,249.71,249.74,249.68,249.705,25159
2026-09-23 14:21:00,249.705,249.76,249.675,249.71,13794
2026-09-23 14:22:00,249.7,249.76,249.68,249.7363,21976
2026-09-23 14:23:00,249.745,249.79,249.685,249.79,29267
2026-09-23 14:24:00,249.775,249.8,249.7301,249.795,29167
2026-09-23 14:25:00,249.795,249.82,249.7016,249.71,28972
2026-09-23 14:26:00,249.7121,249.73,249.63,249.63,15815
2026-09-23 14:27:00,249.63,249.67,249.54,249.55,40292
2026-09-23 14:28:00,249.555,249.555,249.44,249.47,23268
2026-09-23 14:29:00,249.465,249.49,249.38,249.445,34029
2026-09-23 14:30:00,249.44,249.49,249.4,249.4401,34347
2026-09-23 14:31:00,249.445,249.62,249.435,249.59,38722
2026-09-23 14:32:00,249.586,249.61,249.48,249.52,17350
2026-09-23 14:33:00,249.525,249.5531,249.495,249.52,15261
2026-09-23 14:34:00,249.52,249.53,249.45,249.45,32672
2026-09-23 14:35:00,249.4644,249.475,249.41,249.46,72503
2026-09-23 14:36:00,249.4699,249.4699,249.373,249.42,22498
2026-09-23 14:37:00,249.42,249.44,249.3612,249.3612,18743
2026-09-23 14:38:00,249.365,249.4,249.31,249.38,56547
2026-09-23 14:39:00,249.375,249.47,249.365,249.453,36516
2026-09-23 14:40:00,249.46,249.48,249.42,249.44,26285
2026-09-23 14:41:00,249.45,249.57,249.44,249.565,13873
2026-09-23 14:42:00,249.56,249.645,249.55,249.635,30685
2026-09-23 14:43:00,249.64,249.75,249.64,249.735,36173
2026-09-23 14:44:00,249.74,249.755,249.68,249.72,51158
2026-09-23 14:45:00,249.73,249.74,249.6,249.6299,30873
2026-09-23 14:46:00,249.63,249.686,249.53,249.55,30630
2026-09-23 14:47:00,249.55,249.7,249.55,249.68,21867
2026-09-23 14:48:00,249.69,249.87,249.69,249.86,20928
2026-09-23 14:49:00,249.85,249.91,249.82,249.855,46247
2026-09-23 14:50:00,249.84,249.98,249.84,249.86,104389
2026-09-23 14:51:00,249.87,249.88,249.65,249.7099,62433
2026-09-23 14:52:00,249.71,249.76,249.665,249.71,28345
2026-09-23 14:53:00,249.72,249.98,249.71,249.97,44155
2026-09-23 14:54:00,249.95,249.99,249.86,249.8748,31239
2026-09-23 14:55:00,249.87,250.0,249.86,249.995,39161
2026-09-23 14:56:00,249.995,250.07,249.92,249.965,101292
2026-09-23 14:57:00,249.97,250.04,249.96,250.015,44100
2026-09-23 14:58:00,250.02,250.1497,250.02,250.02,30079
2026-09-23 14:59:00,250.02,250.02,249.8119,249.87,26095
2026-09-23 15:00:00,249.8899,249.9799,249.78,249.9,52223
2026-09-23 15:01:00,249.89,249.93,249.79,249.79,20842
2026-09-23 15:02:00,249.795,249.92,249.7562,249.91,38728
2026-09-23 15:03:00,249.91,249.91,249.77,249.785,15072
2026-09-23 15:04:00,249.79,249.8599,249.75,249.82,25596
2026-09-23 15:05:00,249.82,249.8394,249.78,249.81,18994
2026-09-23 15:06:00,249.79,249.88,249.76,249.85,25421
2026-09-23 15:07:00,249.84,249.84,249.71,249.75,23656
2026-09-23 15:08:00,249.74,249.87,249.74,249.85,39166
2026-09-23 15:09:00,249.865,250.2,249.8601,250.2,80274
2026-09-23 15:10:00,250.19,250.19,250.055,250.055,18873
2026-09-23 15:11:00,250.06,250.11,249.97,250.065,63791
2026-09-23 15:12:00,250.065,250.09,249.99,249.99,18904
2026-09-23 15:13:00,250.0,250.0495,249.82,249.91,36660
2026-09-23 15:14:00,249.902,249.95,249.85,249.9,47309
2026-09-23 15:15:00,249.92,249.95,249.89,249.93,19126
2026-09-23 15:16:00,249.92,250.015,249.87,250.0,35450
2026-09-23 15:17:00,249.995,250.0,249.82,249.825,22458
2026-09-23 15:18:00,249.83,249.86,249.73,249.86,54684
2026-09-23 15:19:00,249.87,249.98,249.858,249.87,30038
2026-09-23 15:20:00,249.855,249.855,249.75,249.825,33501
2026-09-23 15:21:00,249.83,249.835,249.6077,249.645,47544
2026-09-23 15:22:00,249.648,249.72,249.64,249.72,36560
2026-09-23 15:23:00,249.73,249.845,249.68,249.68,72212
2026-09-23 15:24:00,249.685,249.69,249.58,249.635,51707
2026-09-23 15:25:00,249.63,249.79,249.62,249.74,44323
2026-09-23 15:26:00,249.75,249.985,249.75,249.985,70479
2026-09-23 15:27:00,249.99,250.095,249.99,250.095,51590
2026-09-23 15:28:00,250.095,250.165,250.08,250.165,63357
2026-09-23 15:29:00,250.165,250.2,250.085,250.175,26747
2026-09-23 15:30:00,250.185,250.29,250.15,250.19,76175
2026-09-23 15:31:00,250.2,250.285,250.125,250.125,46763
2026-09-23 15:32:00,250.14,250.29,250.05,250.13,75858
2026-09-23 15:33:00,250.14,250.14,249.96,249.985,57613
2026-09-23 15:34:00,249.99,250.0,249.825,249.855,51913
2026-09-23 15:35:00,249.84,249.84,249.56,249.57,37815
2026-09-23 15:36:00,249.57,249.58,249.35,249.39,66612
2026-09-23 15:37:00,249.39,249.44,249.32,249.34,46278
2026-09-23 15:38:00,249.335,249.3799,249.31,249.31,36777
2026-09-23 15:39:00,249.3,249.44,249.25,249.32,98423
2026-09-23 15:40:00,249.32,249.34,249.13,249.17,47771
2026-09-23 15:41:00,249.15,249.38,249.15,249.29,39127
2026-09-23 15:42:00,249.29,249.35,249.256,249.27,39758
2026-09-23 15:43:00,249.27,249.3399,249.15,249.335,56079
2026-09-23 15:44:00,249.335,249.565,249.335,249.5,61848
2026-09-23 15:45:00,249.5,249.5,249.365,249.39,91039
2026-09-23 15:46:00,249.39,249.415,249.245,249.25,69303
2026-09-23 15:47:00,249.24,249.2486,249.03,249.03,88518
2026-09-23 15:48:00,249.03,249.12,249.0,249.085,105082
2026-09-23 15:49:00,249.11,249.19,249.03,249.09,121346
2026-09-23 15:50:00,249.1,249.1,248.46,248.6601,215403
2026-09-23 15:51:00,248.665,248.79,248.65,248.755,93788
2026-09-23 15:52:00,248.75,248.79,248.67,248.69,82977
2026-09-23 15:53:00,248.68,249.2252,248.68,249.22,179445
2026-09-23 15:54:00,249.22,249.4,249.09,249.165,227701
2026-09-23 15:55:00,249.165,249.42,249.08,249.41,155948
2026-09-23 15:56:00,249.42,249.48,249.26,249.44,147882
2026-09-23 15:57:00,249.43,249.43,249.24,249.25,163389
2026-09-23 15:58:00,249.25,249.29,249.2,249.26,266505
2026-09-23 15:59:00,249.27,249.44,249.14,249.35,685574
2026-09-23 16:00:00,249.42,249.5,249.25,249.27,6333405
2026-09-23 16:01:00,249.3678,249.37,249.3,249.37,620
2026-09-23 16:02:00,249.39,249.4,249.2988,249.4,1865
2026-09-23 16:03:00,249.39,249.53,249.3183,249.5,5225
2026-09-23 16:04:00,249.5,249.55,249.5,249.5001,1450
2026-09-23 16:05:00,249.5152,249.58,249.4288,249.4288,2849
2026-09-23 16:06:00,249.5,249.87,249.4534,249.5,2724
2026-09-23 16:07:00,249.52,249.54,249.5,249.54,648
2026-09-23 16:08:00,249.3602,249.4206,249.3602,249.4206,233
2026-09-23 16:09:00,249.4308,249.5,249.4308,249.44,2636
2026-09-23 16:10:00,249.45,249.45,249.45,249.45,1103
2026-09-23 16:11:00,249.45,249.45,249.45,249.45,497
2026-09-23 16:12:00,249.5,249.5,249.46,249.46,621
2026-09-23 16:13:00,249.427,249.503,249.427,249.503,300
2026-09-23 16:14:00,249.41,249.46,249.4,249.4599,3026
2026-09-23 16:15:00,249.4495,249.4593,249.3,249.3,1870
2026-09-23 16:16:00,249.4,249.4,249.3,249.4,2226
2026-09-23 16:17:00,249.5091,249.5091,249.4,249.4,500
2026-09-23 16:18:00,249.3414,249.3414,249.3414,249.3414,600
2026-09-23 16:19:00,249.27,249.4004,249.27,249.4,221647
2026-09-23 16:20:00,249.456,249.47,249.43,249.46,784
2026-09-23 16:21:00,249.4423,249.4423,249.42,249.42,600
2026-09-23 16:22:00,249.44,249.45,249.4184,249.4184,2000
2026-09-23 16:23:00,249.4469,249.4469,249.4,249.4,1886
2026-09-23 16:25:00,249.45,249.52,249.3,249.3,1318
2026-09-23 16:26:00,249.45,249.45,249.3,249.3,200
2026-09-23 16:27:00,249.5,249.5,249.331,249.331,300
2026-09-23 16:28:00,249.3773,249.3773,249.3773,249.3773,200
2026-09-23 16:29:00,249.33,249.38,249.33,249.38,200
2026-09-23 16:30:00,249.33,249.33,249.33,249.33,100
2026-09-23 16:31:00,249.4887,249.4887,249.4887,249.4887,100
2026-09-23 16:35:00,249.42,249.42,249.35,249.35,700
2026-09-23 16:36:00,249.4,249.49,249.4,249.49,1400
2026-09-23 16:37:00,249.49,249.62,249.49,249.62,5116
2026-09-23 16:38:00,249.4,249.4,249.4,249.4,193
2026-09-23 16:39:00,249.5612,249.57,249.5612,249.57,766
2026-09-23 16:40:00,249.5699,249.5699,249.5699,249.5699,215
2026-09-23 16:41:00,249.53,249.58,249.53,249.58,200
2026-09-23 16:42:00,249.59,249.6,249.5577,249.5577,1500
2026-09-23 16:43:00,249.5562,249.5794,249.55,249.55,448
2026-09-23 16:45:00,249.5,249.5,249.5,249.5,795
2026-09-23 16:46:00,249.52,249.52,249.52,249.52,250
2026-09-23 16:47:00,249.4239,249.4239,249.4239,249.4239,200
2026-09-23 16:49:00,249.5393,249.5393,249.5393,249.5393,100
2026-09-23 16:50:00,249.54,249.54,249.5291,249.53,1615
2026-09-23 16:51:00,249.5392,249.55,249.52,249.55,1806
2026-09-23 16:53:00,249.5016,249.51,249.5,249.5,549
2026-09-23 16:55:00,249.52,249.5522,249.5,249.52,800
2026-09-23 16:56:00,249.5,249.52,249.5,249.52,616
2026-09-23 16:57:00,249.548,249.548,249.512,249.512,200
2026-09-23 16:59:00,249.54,249.54,249.5,249.53,822
2026-09-23 17:00:00,249.5,249.62,249.5,249.605,3019
2026-09-23 17:01:00,249.599,249.6,249.599,249.6,1790
2026-09-23 17:03:00,249.6128,249.6128,249.55,249.55,525
2026-09-23 17:04:00,249.63,249.63,249.63,249.63,120
2026-09-23 17:05:00,249.5,249.5,249.466,249.466,1037
2026-09-23 17:07:00,249.41,249.47,249.41,249.44,384
2026-09-23 17:08:00,249.4187,249.4187,249.4187,249.4187,100
2026-09-23 17:10:00,249.46,249.48,249.41,249.48,4270
2026-09-23 17:11:00,249.48,249.48,249.4193,249.4193,1500
2026-09-23 17:12:00,249.45,249.45,249.45,249.45,110
2026-09-23 17:13:00,249.42,249.42,249.42,249.42,100
2026-09-23 17:14:00,249.45,249.45,249.45,249.45,100
2026-09-23 17:16:00,249.4796,249.4796,249.4234,249.43,1700
2026-09-23 17:17:00,249.43,249.43,249.41,249.41,800
2026-09-23 17:18:00,249.33,249.33,249.33,249.33,100
2026-09-23 17:19:00,249.4,249.4,249.4,249.4,241
2026-09-23 17:20:00,249.41,249.41,249.41,249.41,348
2026-09-23 17:21:00,249.4,249.4097,249.3449,249.3449,899
2026-09-23 17:22:00,249.36,249.4,249.36,249.399,1300
2026-09-23 17:23:00,249.365,249.365,249.35,249.35,200
2026-09-23 17:24:00,249.3424,249.3976,249.3409,249.3409,987
2026-09-23 17:25:00,249.3409,249.3409,249.3409,249.3409,100
2026-09-23 17:27:00,249.4093,249.4093,249.4093,249.4093,150
2026-09-23 17:28:00,249.41,249.41,249.33,249.33,500
2026-09-23 17:32:00,249.3446,249.37,249.3446,249.37,350
2026-09-23 17:37:00,249.3801,249.4093,249.3801,249.4093,497
2026-09-23 17:38:00,249.3846,249.3846,249.3846,249.3846,112
2026-09-23 17:39:00,249.395,249.395,249.395,249.395,100
2026-09-23 17:40:00,249.3813,249.3813,249.3813,249.3813,100
2026-09-23 17:41:00,249.4094,249.4094,249.4094,249.4094,100
2026-09-23 17:42:00,249.41,249.41,249.41,249.41,285
2026-09-23 17:43:00,249.4099,249.4099,249.3862,249.3862,623
2026-09-23 17:44:00,249.4098,249.4098,249.4098,249.4098,120
2026-09-23 17:46:00,249.4003,249.4099,249.4002,249.4099,1200
2026-09-23 17:47:00,249.4003,249.41,249.38,249.38,1747
2026-09-23 17:48:00,249.3897,249.3897,249.34,249.34,1300
2026-09-23 17:51:00,249.3802,249.3802,249.3802,249.3802,500
2026-09-23 17:54:00,249.39,249.4,249.39,249.4,401
2026-09-23 17:55:00,249.37,249.37,249.37,249.37,167
2026-09-23 17:57:00,249.4,249.41,249.4,249.41,1202
2026-09-23 17:58:00,249.41,249.41,249.41,249.41,100
2026-09-23 18:00:00,249.41,249.59,249.41,249.5,3131
2026-09-23 18:01:00,249.57,249.57,249.4394,249.4394,200
2026-09-23 18:02:00,249.5527,249.6,249.55,249.55,3074
2026-09-23 18:03:00,249.5983,249.5983,249.5983,249.5983,120
2026-09-23 18:04:00,249.5982,249.5982,249.5982,249.5982,100
2026-09-23 18:05:00,249.512,249.512,249.512,249.512,100
2026-09-23 18:06:00,249.57,249.57,249.57,249.57,200
2026-09-23 18:08:00,249.6,249.6,249.6,249.6,400
2026-09-23 18:09:00,249.58,249.58,249.58,249.58,250
2026-09-23 18:10:00,249.65,249.65,249.65,249.65,1804
2026-09-23 18:12:00,249.6675,249.6675,249.6675,249.6675,100
2026-09-23 18:17:00,249.68,249.68,249.5233,249.5233,400
2026-09-23 18:18:00,249.6,249.65,249.6,249.65,1000
2026-09-23 18:19:00,249.67,249.67,249.5,249.5,300
2026-09-23 18:20:00,249.69,249.75,249.5549,249.5549,620
2026-09-23 18:21:00,249.5856,249.78,249.5856,249.62,500
2026-09-23 18:22:00,249.6843,249.6843,249.6843,249.6843,200
2026-09-23 18:28:00,249.7,249.7,249.7,249.7,200
2026-09-23 18:30:00,249.5,249.7,249.5,249.7,525
2026-09-23 18:31:00,249.5,249.69,249.5,249.69,3932
2026-09-23 18:33:00,249.6,249.6,249.6,249.6,100
2026-09-23 18:35:00,249.67,249.67,249.67,249.67,308
2026-09-23 18:37:00,249.54,249.58,249.54,249.58,550
2026-09-23 18:38:00,249.6,249.6,249.56,249.56,600
2026-09-23 18:40:00,249.59,249.7,249.59,249.66,3758
2026-09-23 18:43:00,249.65,249.65,249.65,249.65,1757
2026-09-23 18:46:00,249.55,249.55,249.55,249.55,400
2026-09-23 18:47:00,249.6,249.6,249.6,249.6,152
2026-09-23 18:48:00,249.5977,249.5977,249.5977,249.5977,150
2026-09-23 18:49:00,249.5746,249.5746,249.57,249.57,1100
2026-09-23 18:50:00,249.66,249.66,249.46,249.5,3632
2026-09-23 18:54:00,249.5095,249.5095,249.5095,249.5095,110
2026-09-23 18:55:00,249.49,249.49,249.49,249.49,1207
2026-09-23 18:56:00,249.6278,249.6278,249.6278,249.6278,1500
2026-09-23 19:00:00,249.49,249.49,249.49,249.49,150
2026-09-23 19:03:00,249.55,249.55,249.55,249.55,115
2026-09-23 19:05:00,249.49,249.49,249.49,249.49,125
2026-09-23 19:06:00,249.5,249.5,249.49,249.49,406
2026-09-23 19:07:00,249.49,249.49,249.49,249.49,900
2026-09-23 19:09:00,249.4901,249.5,249.4901,249.4903,415
2026-09-23 19:10:00,249.5,249.5,249.5,249.5,145
2026-09-23 19:12:00,249.5031,249.5576,249.5031,249.5576,250
2026-09-23 19:13:00,249.56,249.56,249.41,249.41,1234
2026-09-23 19:14:00,249.4004,249.4004,249.38,249.397,1100
2026-09-23 19:15:00,249.38,249.38,249.25,249.25,6385
2026-09-23 19:16:00,249.21,249.27,249.07,249.27,8787
2026-09-23 19:17:00,249.06,249.16,249.0,249.16,2518
2026-09-23 19:18:00,249.0877,249.09,249.0877,249.09,576
2026-09-23 19:19:00,249.05,249.05,248.86,248.99,10220
2026-09-23 19:20:00,248.98,249.0,248.9,249.0,3084
2026-09-23 19:21:00,248.95,248.9977,248.95,248.9752,700
2026-09-23 19:22:00,248.9845,248.9845,248.9845,248.9845,100
2026-09-23 19:24:00,248.93,248.93,248.75,248.75,4562
2026-09-23 19:25:00,248.53,248.76,248.53,248.6519,1100
2026-09-23 19:26:00,248.695,248.74,248.695,248.74,740
2026-09-23 19:27:00,248.69,248.75,248.525,248.55,6736
2026-09-23 19:28:00,248.525,248.55,248.5,248.55,1349
2026-09-23 19:29:00,248.5111,248.53,248.4,248.44,2103
2026-09-23 19:30:00,248.4499,248.45,248.4374,248.44,999
2026-09-23 19:31:00,248.44,248.45,248.412,248.412,2355
2026-09-23 19:32:00,248.4491,248.45,248.4445,248.45,820
2026-09-23 19:33:00,248.55,248.6415,248.5252,248.6415,1050
2026-09-23 19:34:00,248.69,248.69,248.55,248.55,1100
2026-09-23 19:35:00,248.6,248.66,248.6,248.66,300
2026-09-23 19:36:00,248.62,248.62,248.62,248.62,100
2026-09-23 19:37:00,248.55,248.55,248.24,248.26,10602
2026-09-23 19:38:00,248.26,248.29,248.2598,248.2731,2100
2026-09-23 19:39:00,248.27,248.28,248.2,248.2657,1750
2026-09-23 19:40:00,248.199,248.25,248.1,248.1,2803
2026-09-23 19:41:00,248.05,248.17,248.05,248.1675,1638
2026-09-23 19:42:00,248.17,248.17,248.15,248.15,812
2026-09-23 19:43:00,248.1,248.1,248.0923,248.0923,200
2026-09-23 19:44:00,248.1,248.1,248.0,248.0,3393
2026-09-23 19:45:00,248.17,248.33,247.98,248.084,11681
2026-09-23 19:46:00,248.1081,248.1081,247.88,247.9799,2470
2026-09-23 19:47:00,247.88,247.99,247.88,247.9806,699
2026-09-23 19:48:00,247.91,248.13,247.91,248.0,800
2026-09-23 19:49:00,248.0,248.0,247.86,247.93,1352
2026-09-23 19:50:00,248.0,248.1,247.91,248.049,750
2026-09-23 19:51:00,247.92,247.92,247.85,247.85,707
2026-09-23 19:52:00,247.8907,247.95,247.85,247.95,852
2026-09-23 19:53:00,247.9999,247.9999,247.94,247.94,4801
2026-09-23 19:54:00,247.9346,247.9981,247.9346,247.9861,1829
2026-09-23 19:55:00,247.91,247.91,247.86,247.86,3650
2026-09-23 19:56:00,247.9708,247.9708,247.84,247.84,1103
2026-09-23 19:57:00,247.93,247.94,247.92,247.94,495
2026-09-23 19:58:00,247.9345,247.95,247.8793,247.8793,3480
2026-09-23 19:59:00,247.8545,247.9,247.83,247.85,5907
2026-09-24 04:00:00,248.27,248.8,247.6972,248.8,12487
2026-09-24 04:01:00,248.22,248.76,247.66,248.58,13633
2026-09-24 04:02:00,248.08,248.63,247.81,248.15,5996
2026-09-24 04:03:00,248.1,248.36,247.87,248.08,6278
2026-09-24 04:04:00,248.2,248.2,248.18,248.18,450
2026-09-24 04:06:00,248.15,248.15,248.0,248.05,724
2026-09-24 04:07:00,248.0,248.0,248.0,248.0,200
2026-09-24 04:09:00,247.875,247.875,247.8,247.8,313
2026-09-24 04:10:00,247.87,247.87,247.79,247.79,351
2026-09-24 04:11:00,247.75,247.75,247.75,247.75,250
2026-09-24 04:12:00,247.66,247.66,247.66,247.66,119
2026-09-24 04:13:00,247.55,247.55,247.55,247.55,414
2026-09-24 04:15:00,247.55,247.55,247.5,247.5,11410
2026-09-24 04:16:00,247.22,247.42,247.22,247.38,492
2026-09-24 04:17:00,247.55,247.55,247.55,247.55,2708
2026-09-24 04:19:00,247.6,247.6,247.6,247.6,200
2026-09-24 04:20:00,247.52,247.52,247.52,247.52,100
2026-09-24 04:21:00,247.55,247.55,247.55,247.55,280
2026-09-24 04:23:00,247.76,247.76,247.6,247.6,200
2026-09-24 04:25:00,247.55,247.56,247.5,247.5,2055
2026-09-24 04:26:00,247.4,247.4,247.31,247.31,300
2026-09-24 04:27:00,247.27,247.27,247.22,247.22,580
2026-09-24 04:28:00,247.27,247.27,247.27,247.27,1318
2026-09-24 04:29:00,247.3,247.4,247.3,247.4,500
2026-09-24 04:30:00,247.4,247.41,247.4,247.41,700
2026-09-24 04:31:00,247.5,247.5,247.5,247.5,1616
2026-09-24 04:34:00,247.44,247.44,247.41,247.41,218
2026-09-24 04:36:00,247.23,247.23,246.98,246.98,7192
2026-09-24 04:37:00,246.91,246.91,246.91,246.91,300
2026-09-24 04:39:00,247.01,247.01,247.01,247.01,100
2026-09-24 04:43:00,247.0,247.42,247.0,247.42,500
2026-09-24 04:46:00,247.48,247.48,247.48,247.48,100
2026-09-24 04:48:00,247.152,247.152,247.152,247.152,100
2026-09-24 04:50:00,247.48,247.48,247.25,247.25,900
2026-09-24 04:51:00,247.4,247.4,247.4,247.4,199
2026-09-24 04:52:00,247.4,247.4,247.4,247.4,200
2026-09-24 04:53:00,247.3447,247.3447,247.31,247.31,700
2026-09-24 04:55:00,247.32,247.32,247.25,247.25,703
2026-09-24 04:56:00,247.07,247.25,247.07,247.25,633
2026-09-24 04:57:00,247.25,247.25,247.25,247.25,904
2026-09-24 04:58:00,247.31,247.31,247.25,247.25,1306
2026-09-24 04:59:00,247.25,247.25,247.25,247.25,591
2026-09-24 05:00:00,247.25,247.25,247.25,247.25,197
2026-09-24 05:01:00,247.47,247.5,247.47,247.49,750
2026-09-24 05:02:00,247.32,247.32,247.32,247.32,279
2026-09-24 05:08:00,247.5,247.54,247.5,247.53,391
2026-09-24 05:09:00,247.55,247.55,247.55,247.55,119
2026-09-24 05:11:00,247.55,247.55,247.55,247.55,100
2026-09-24 05:12:00,247.43,247.5,247.43,247.5,200
2026-09-24 05:13:00,247.5,247.5,247.5,247.5,249
2026-09-24 05:14:00,247.33,247.33,247.33,247.33,100
2026-09-24 05:18:00,247.39,247.39,247.39,247.39,148
2026-09-24 05:19:00,247.3,247.3,247.3,247.3,1733
2026-09-24 05:29:00,247.26,247.26,247.21,247.21,499
2026-09-24 05:30:00,247.25,247.25,247.25,247.25,1000
2026-09-24 05:31:00,247.23,247.23,247.1503,247.1503,630
2026-09-24 05:32:00,247.15,247.15,247.1,247.1,1000
2026-09-24 05:33:00,247.1,247.1,247.1,247.1,107
2026-09-24 05:35:00,247.09,247.11,247.09,247.11,416
2026-09-24 05:36:00,247.0,247.01,247.0,247.0,500
2026-09-24 05:37:00,247.0,247.0,246.9,246.9,1389
2026-09-24 05:38:00,246.91,246.91,246.91,246.91,139
2026-09-24 05:42:00,246.95,246.95,246.94,246.94,589
2026-09-24 05:43:00,246.9,246.9,246.84,246.84,551
2026-09-24 05:45:00,246.8,246.87,246.8,246.85,937
2026-09-24 05:47:00,246.92,247.0,246.92,247.0,711
2026-09-24 05:48:00,247.0,247.0,247.0,247.0,1066
2026-09-24 05:50:00,247.06,247.06,247.06,247.06,100
2026-09-24 05:52:00,247.1,247.1,247.1,247.1,100
2026-09-24 05:53:00,247.15,247.15,247.15,247.15,1762
2026-09-24 05:54:00,247.0289,247.0289,247.0289,247.0289,150
2026-09-24 05:58:00,247.12,247.12,247.12,247.12,201
2026-09-24 05:59:00,247.26,247.26,247.26,247.26,288
2026-09-24 06:00:00,247.48,247.48,247.48,247.48,100
2026-09-24 06:01:00,247.4479,247.4479,247.4479,247.4479,200
2026-09-24 06:02:00,247.3,247.3,247.3,247.3,134
2026-09-24 06:03:00,247.28,247.28,247.28,247.28,149
2026-09-24 06:09:00,247.1462,247.1462,247.1462,247.1462,100
2026-09-24 06:16:00,247.3057,247.3057,247.3057,247.3057,100
2026-09-24 06:23:00,247.32,247.32,247.32,247.32,200
2026-09-24 06:26:00,247.42,247.42,247.42,247.42,377
2026-09-24 06:27:00,247.42,247.42,247.42,247.42,237
2026-09-24 06:34:00,247.6725,247.76,247.626,247.7105,580
2026-09-24 06:35:00,247.7,247.7,247.7,247.7,686
2026-09-24 06:36:00,247.71,247.71,247.71,247.71,300
2026-09-24 06:37:00,247.7412,247.75,247.7412,247.75,200
2026-09-24 06:38:00,247.76,247.76,247.67,247.67,1483
2026-09-24 06:40:00,247.85,247.96,247.85,247.9,306
2026-09-24 06:41:00,247.86,247.86,247.86,247.86,250
2026-09-24 06:44:00,247.9911,247.9911,247.94,247.94,279
2026-09-24 06:45:00,247.91,247.91,247.91,247.91,123
2026-09-24 06:47:00,248.0,248.0,248.0,248.0,520
2026-09-24 06:48:00,248.0,248.0,248.0,248.0,1005
2026-09-24 06:49:00,248.092,248.092,248.092,248.092,600
2026-09-24 06:50:00,248.1025,248.1025,247.93,247.93,200
2026-09-24 06:52:00,247.9954,247.9954,247.9954,247.9954,100
2026-09-24 06:53:00,247.9,247.9,247.9,247.9,400
2026-09-24 06:54:00,247.72,247.72,247.72,247.72,100
2026-09-24 06:55:00,247.67,247.7193,247.67,247.7193,450
2026-09-24 06:56:00,247.65,247.65,247.61,247.61,4897
2026-09-24 06:57:00,247.65,247.65,247.65,247.65,100
2026-09-24 06:58:00,247.65,247.65,247.56,247.56,450
2026-09-24 07:00:00,247.7,247.7,247.6055,247.6055,700
2026-09-24 07:01:00,247.6,247.6,247.6,247.6,100
2026-09-24 07:02:00,247.64,247.68,247.6,247.6,3320
2026-09-24 07:03:00,247.61,247.669,247.6,247.6183,890
2026-09-24 07:04:00,247.61,247.64,247.5,247.5,806
2026-09-24 07:05:00,247.5595,247.6,247.54,247.5606,1055
2026-09-24 07:06:00,247.6994,247.7,247.63,247.6987,2668
2026-09-24 07:07:00,247.644,247.7,247.644,247.6881,2617
2026-09-24 07:08:00,247.6353,247.6353,247.5,247.5,3814
2026-09-24 07:09:00,247.48,247.5544,247.48,247.5544,500
2026-09-24 07:10:00,247.59,247.59,247.59,247.59,5899
2026-09-24 07:11:00,247.49,247.49,247.49,247.49,100
2026-09-24 07:12:00,247.47,247.47,247.45,247.45,8544
2026-09-24 07:13:00,247.44,247.44,247.44,247.44,700
2026-09-24 07:14:00,247.41,247.59,247.41,247.552,8671
2026-09-24 07:15:00,247.4002,247.59,247.4002,247.5254,6305
2026-09-24 07:16:00,247.64,247.65,247.4536,247.4536,1300
2026-09-24 07:17:00,247.56,247.56,247.4441,247.4441,700
2026-09-24 07:18:00,247.4,247.4,247.4,247.4,500
2026-09-24 07:19:00,247.592,247.65,247.42,247.4354,900
2026-09-24 07:20:00,247.44,247.45,247.38,247.38,1300
2026-09-24 07:21:00,247.5,247.5,247.18,247.2209,2296
2026-09-24 07:22:00,247.26,247.3594,247.1795,247.3594,3505
2026-09-24 07:23:00,247.3501,247.3501,247.17,247.35,1300
2026-09-24 07:24:00,247.3644,247.4,247.3,247.3,1215
2026-09-24 07:25:00,247.3793,247.3793,247.3793,247.3793,885
2026-09-24 07:26:00,247.2189,247.3,247.2008,247.3,460
2026-09-24 07:27:00,247.3,247.3,247.01,247.21,3483
2026-09-24 07:28:00,247.1,247.1904,247.1,247.1,2180
2026-09-24 07:29:00,247.1,247.269,247.1,247.2,715
2026-09-24 07:30:00,247.2,247.226,247.17,247.226,375
2026-09-24 07:31:00,247.1856,247.3,247.1856,247.3,800
2026-09-24 07:33:00,247.22,247.2849,247.22,247.2849,200
2026-09-24 07:34:00,247.17,247.1815,247.0399,247.0399,7419
2026-09-24 07:35:00,247.02,247.1,247.0165,247.0647,1612
2026-09-24 07:36:00,247.05,247.08,247.05,247.0546,500
2026-09-24 07:37:00,247.05,247.05,246.88,247.0,5782
2026-09-24 07:38:00,246.95,246.95,246.95,246.95,200
2026-09-24 07:39:00,246.9876,246.9876,246.94,246.95,1901
2026-09-24 07:40:00,246.9989,247.0,246.95,246.95,8634
2026-09-24 07:41:00,246.96,247.0,246.96,246.983,573
2026-09-24 07:42:00,246.9116,246.95,246.9116,246.95,250
2026-09-24 07:43:00,246.9845,246.9845,246.9845,246.9845,100
2026-09-24 07:44:00,246.9,246.9845,246.9,246.9155,750
2026-09-24 07:45:00,246.9869,246.9869,246.9869,246.9869,1472
2026-09-24 07:46:00,246.97,246.97,246.97,246.97,100
2026-09-24 07:47:00,246.9,247.2551,246.87,247.1867,4546
2026-09-24 07:48:00,247.02,247.02,247.02,247.02,200
2026-09-24 07:49:00,246.9528,247.1113,246.9528,247.0,1389
2026-09-24 07:50:00,247.01,247.01,247.01,247.01,100
2026-09-24 07:51:00,247.04,247.04,247.04,247.04,141
2026-09-24 07:52:00,247.0256,247.26,247.0256,247.26,7285
2026-09-24 07:53:00,247.26,247.44,247.26,247.4089,2322
2026-09-24 07:54:00,247.3475,247.49,247.3475,247.49,500
2026-09-24 07:56:00,247.33,247.36,247.29,247.29,1481
2026-09-24 07:57:00,247.2986,247.3,247.28,247.28,630
2026-09-24 07:58:00,247.3,247.3,247.3,247.3,700
2026-09-24 07:59:00,247.3525,247.44,247.3525,247.44,200
2026-09-24 08:00:00,247.33,247.3563,247.15,247.3563,2974
2026-09-24 08:01:00,247.18,247.18,247.0,247.0,795
2026-09-24 08:02:00,247.12,247.16,247.0182,247.16,3950
2026-09-24 08:03:00,247.1,247.1,247.1,247.1,100
2026-09-24 08:04:00,246.911,246.911,246.8,246.8,2595
2026-09-24 08:05:00,246.8079,246.89,246.8079,246.89,1006
2026-09-24 08:06:00,247.0,247.14,246.94,247.14,493
2026-09-24 08:07:00,247.0,247.0,247.0,247.0,2324
2026-09-24 08:10:00,246.9,246.9,246.9,246.9,177
2026-09-24 08:11:00,246.9752,246.9752,246.9,246.9,200
2026-09-24 08:12:00,246.95,247.0,246.95,246.9814,400
2026-09-24 08:13:00,246.983,246.983,246.9029,246.9029,1100
2026-09-24 08:14:00,246.98,247.0,246.98,247.0,610
2026-09-24 08:15:00,247.08,247.08,247.08,247.08,9965
2026-09-24 08:16:00,247.2,247.2,247.0,247.08,525
2026-09-24 08:17:00,249.893,249.893,247.08,247.1,1399
2026-09-24 08:18:00,247.35,247.35,247.35,247.35,100
2026-09-24 08:20:00,247.3269,247.3371,247.3269,247.3371,299
2026-09-24 08:21:00,247.35,247.35,247.35,247.35,100
2026-09-24 08:22:00,247.3,247.3,247.3,247.3,300
2026-09-24 08:23:00,247.28,247.28,247.16,247.16,1536
2026-09-24 08:24:00,247.16,247.16,247.1232,247.1232,400
2026-09-24 08:25:00,247.2,247.3,247.07,247.25,3505
2026-09-24 08:26:00,247.01,247.01,247.01,247.01,250
2026-09-24 08:27:00,247.23,247.23,247.0101,247.06,932
2026-09-24 08:28:00,247.01,247.1,247.0,247.0,393
2026-09-24 08:29:00,247.0,247.1,246.91,246.91,1670
2026-09-24 08:30:00,246.9,246.9783,246.84,246.86,2025
2026-09-24 08:31:00,247.0,247.0,246.82,246.82,400
2026-09-24 08:32:00,246.99,246.99,246.9,246.9,1100
2026-09-24 08:33:00,246.82,246.82,246.7,246.7217,4063
2026-09-24 08:34:00,246.8916,246.8916,246.75,246.75,920
2026-09-24 08:35:00,246.9404,246.9404,246.7005,246.8,898
2026-09-24 08:36:00,246.75,246.8,246.75,246.79,2302
2026-09-24 08:37:00,246.8,246.85,246.7,246.7,7236
2026-09-24 08:38:00,246.8767,246.8767,246.66,246.68,2407
2026-09-24 08:39:00,246.6798,246.6798,246.62,246.62,1319
2026-09-24 08:40:00,246.56,246.6,246.49,246.49,5638
2026-09-24 08:41:00,246.4776,246.62,246.4776,246.62,3552
2026-09-24 08:42:00,246.73,246.73,246.73,246.73,100
2026-09-24 08:43:00,246.625,246.714,246.545,246.545,1886
2026-09-24 08:44:00,246.6,246.6338,246.552,246.552,1951
2026-09-24 08:45:00,246.588,246.5887,246.5,246.5,6585
2026-09-24 08:46:00,246.53,246.5787,246.53,246.5787,1450
2026-09-24 08:47:00,246.5,246.5,246.39,246.39,8243
2026-09-24 08:48:00,246.49,246.49,246.33,246.36,10177
2026-09-24 08:49:00,246.42,246.4499,246.28,246.3845,4051
2026-09-24 08:50:00,246.35,246.4,246.06,246.26,7484
2026-09-24 08:51:00,246.2678,246.2678,246.07,246.07,1000
2026-09-24 08:52:00,246.07,246.24,246.05,246.24,11757
2026-09-24 08:53:00,246.2044,246.2059,246.02,246.02,3658
2026-09-24 08:54:00,246.19,246.19,246.1,246.1,3620
2026-09-24 08:55:00,246.2,246.4,246.16,246.2,4651
2026-09-24 08:56:00,246.36,246.4001,246.2,246.4001,2890
2026-09-24 08:57:00,246.35,246.5,246.35,246.37,5975
2026-09-24 08:58:00,246.45,246.4924,246.45,246.45,3875
2026-09-24 08:59:00,246.49,246.49,246.35,246.3717,950
2026-09-24 09:00:00,246.49,246.78,246.49,246.75,10836
2026-09-24 09:01:00,246.75,246.94,246.641,246.69,3539
2026-09-24 09:02:00,246.6952,246.6952,246.6046,246.69,2398
2026-09-24 09:03:00,246.81,246.81,246.62,246.62,3161
2026-09-24 09:04:00,246.5995,246.84,246.55,246.55,4817
2026-09-24 09:05:00,246.55,246.55,246.35,246.35,2951
2026-09-24 09:06:00,246.39,246.4,246.31,246.4,1739
2026-09-24 09:07:00,246.4,246.45,246.4,246.435,5506
2026-09-24 09:08:00,246.42,246.47,246.3894,246.3894,1487
2026-09-24 09:09:00,246.42,246.4445,246.42,246.425,1834
2026-09-24 09:10:00,246.4,246.5,246.38,246.5,8020
2026-09-24 09:11:00,246.4959,246.55,246.4959,246.55,7869
2026-09-24 09:12:00,246.5,246.5,246.4999,246.5,1635
2026-09-24 09:13:00,246.5,246.5,246.42,246.4575,850
2026-09-24 09:14:00,246.53,246.53,246.35,246.46,6996
2026-09-24 09:15:00,246.4894,246.4894,246.45,246.477,400
2026-09-24 09:16:00,246.49,246.49,246.45,246.45,578
2026-09-24 09:17:00,246.48,246.49,246.48,246.48,652
2026-09-24 09:18:00,246.49,246.5,246.4493,246.5,1570
2026-09-24 09:19:00,246.47,246.52,246.4,246.43,5613
2026-09-24 09:20:00,246.4,246.45,246.4,246.45,2171
2026-09-24 09:21:00,246.4739,246.49,246.39,246.39,10261
2026-09-24 09:22:00,246.44,246.49,246.4009,246.4009,4375
2026-09-24 09:23:00,246.48,246.49,246.44,246.48,2843
2026-09-24 09:24:00,246.46,246.4843,246.43,246.48,1249
2026-09-24 09:25:00,246.45,246.45,246.2,246.2,3549
2026-09-24 09:26:00,246.2,246.25,245.95,246.16,10318
2026-09-24 09:27:00,245.95,246.2725,245.65,245.68,10436
2026-09-24 09:28:00,245.7,246.18,245.69,246.0897,6389
2026-09-24 09:29:00,245.95,246.09,245.71,246.0,5918
2026-09-24 09:30:00,246.02,246.94,245.78,246.18,774124
2026-09-24 09:31:00,246.11,246.39,245.7301,246.0,120786
2026-09-24 09:32:00,245.96,246.7092,245.83,246.57,135163
2026-09-24 09:33:00,246.57,246.97,246.55,246.823,86624
2026-09-24 09:34:00,246.805,247.49,246.805,247.31,161354
2026-09-24 09:35:00,247.33,247.47,247.08,247.18,116800
2026-09-24 09:36:00,247.1,247.52,247.06,247.34,141472
2026-09-24 09:37:00,247.325,247.44,246.8904,247.09,66736
2026-09-24 09:38:00,247.06,247.31,246.89,247.055,94738
2026-09-24 09:39:00,247.01,247.16,246.87,246.985,98380
2026-09-24 09:40:00,246.98,247.06,246.8,246.905,94677
2026-09-24 09:41:00,246.905,247.05,246.8,246.81,82053
2026-09-24 09:42:00,246.82,246.89,246.5,246.545,93343
2026-09-24 09:43:00,246.51,246.62,246.33,246.475,73365
2026-09-24 09:44:00,246.46,246.6625,246.455,246.62,38193
2026-09-24 09:45:00,246.629,246.63,246.05,246.49,81501
2026-09-24 09:46:00,246.49,246.68,246.429,246.55,48788
2026-09-24 09:47:00,246.55,246.69,246.46,246.6299,76257
2026-09-24 09:48:00,246.57,246.8,246.52,246.66,36492
2026-09-24 09:49:00,246.62,246.62,246.36,246.5001,51440
2026-09-24 09:50:00,246.5587,246.5779,246.36,246.37,78953
2026-09-24 09:51:00,246.37,246.3837,246.1,246.17,73446
2026-09-24 09:52:00,246.18,246.21,245.966,246.11,122963
2026-09-24 09:53:00,246.11,246.21,246.034,246.109,119339
2026-09-24 09:54:00,246.07,246.09,245.83,246.055,106265
2026-09-24 09:55:00,246.06,246.14,245.92,246.0125,97893
2026-09-24 09:56:00,246.0599,246.0599,245.75,245.96,61134
2026-09-24 09:57:00,245.96,245.97,245.72,245.9,118145
2026-09-24 09:58:00,245.885,245.963,245.755,245.8008,49817
2026-09-24 09:59:00,245.82,245.8675,245.645,245.69,78355
2026-09-24 10:00:00,245.72,245.91,245.6,245.82,77560
2026-09-24 10:01:00,245.825,246.4,245.77,246.375,75846
2026-09-24 10:02:00,246.336,246.38,246.06,246.175,99240
2026-09-24 10:03:00,246.18,246.5,246.1181,246.4425,49021
2026-09-24 10:04:00,246.49,246.5,246.0,246.1,50193
2026-09-24 10:05:00,246.07,246.13,245.99,246.1,32088
2026-09-24 10:06:00,246.15,246.39,246.12,246.3101,56113
2026-09-24 10:07:00,246.31,246.5238,246.26,246.46,45676
2026-09-24 10:08:00,246.43,246.67,246.2,246.54,69690
2026-09-24 10:09:00,246.535,246.8,246.485,246.6,57805
2026-09-24 10:10:00,246.575,246.642,246.25,246.38,60989
2026-09-24 10:11:00,246.34,246.3507,245.9405,246.12,54062
2026-09-24 10:12:00,246.2,246.34,246.14,246.285,46730
2026-09-24 10:13:00,246.3,246.467,246.25,246.33,53708
2026-09-24 10:14:00,246.3641,246.49,246.31,246.34,29800
2026-09-24 10:15:00,246.34,246.43,245.8,245.86,82869
2026-09-24 10:16:00,245.8462,245.89,245.735,245.75,45299
2026-09-24 10:17:00,245.73,245.88,245.66,245.81,61956
2026-09-24 10:18:00,245.84,246.46,245.81,246.425,168540
2026-09-24 10:19:00,246.425,246.73,246.4,246.65,55636
2026-09-24 10:20:00,246.67,246.8299,246.64,246.6683,49738
2026-09-24 10:21:00,246.67,246.9384,246.64,246.71,47243
2026-09-24 10:22:00,246.72,246.83,246.3,246.41,74718
2026-09-24 10:23:00,246.385,246.63,246.335,246.5712,35729
2026-09-24 10:24:00,246.595,246.835,246.59,246.7801,24418
2026-09-24 10:25:00,246.814,247.0489,246.76,246.965,46491
2026-09-24 10:26:00,246.96,247.05,246.925,247.03,48541
2026-09-24 10:27:00,247.0465,247.07,246.89,246.91,31703
2026-09-24 10:28:00,246.92,246.99,246.63,246.685,41416
2026-09-24 10:29:00,246.685,246.73,246.465,246.605,51750
2026-09-24 10:30:00,246.615,246.6395,246.485,246.58,33344
2026-09-24 10:31:00,246.58,246.74,246.54,246.57,46477
2026-09-24 10:32:00,246.5899,246.719,246.5899,246.66,37102
2026-09-24 10:33:00,246.6551,246.72,246.6,246.66,52570
2026-09-24 10:34:00,246.635,246.965,246.5901,246.965,33658
2026-09-24 10:35:00,246.94,246.99,246.8,246.99,28409
2026-09-24 10:36:00,246.955,247.03,246.825,246.86,15107
2026-09-24 10:37:00,246.86,246.94,246.7766,246.78,19805
2026-09-24 10:38:00,246.8,246.86,246.71,246.71,15504
2026-09-24 10:39:00,246.7201,246.7201,246.52,246.6,28179
2026-09-24 10:40:00,246.6,246.63,246.5399,246.55,25410
2026-09-24 10:41:00,246.55,246.59,246.46,246.465,31829
2026-09-24 10:42:00,246.465,246.57,246.465,246.48,24482
2026-09-24 10:43:00,246.46,246.51,246.22,246.3,27157
2026-09-24 10:44:00,246.255,246.28,246.08,246.095,19561
2026-09-24 10:45:00,246.09,246.21,246.05,246.17,27304
2026-09-24 10:46:00,246.15,246.28,246.07,246.245,22646
2026-09-24 10:47:00,246.25,246.36,246.22,246.3071,21321
2026-09-24 10:48:00,246.305,246.44,246.25,246.38,51200
2026-09-24 10:49:00,246.38,246.42,246.25,246.3977,61201
2026-09-24 10:50:00,246.3925,246.7499,246.3925,246.64,28585
2026-09-24 10:51:00,246.665,246.75,246.63,246.72,18025
2026-09-24 10:52:00,246.75,246.925,246.75,246.79,27665
2026-09-24 10:53:00,246.79,247.0799,246.7,247.05,65239
2026-09-24 10:54:00,247.03,247.0599,246.865,246.865,108784
2026-09-24 10:55:00,246.855,246.9299,246.6756,246.78,23882
2026-09-24 10:56:00,246.72,246.8,246.68,246.79,20866
2026-09-24 10:57:00,246.79,246.79,246.53,246.585,24383
2026-09-24 10:58:00,246.595,246.69,246.5601,246.595,22610
2026-09-24 10:59:00,246.56,246.61,246.46,246.57,27113
2026-09-24 11:00:00,246.56,246.6496,246.52,246.53,30473
2026-09-24 11:01:00,246.56,246.75,246.55,246.695,33392
2026-09-24 11:02:00,246.69,246.79,246.6,246.635,40106
2026-09-24 11:03:00,246.61,246.71,246.515,246.65,24217
2026-09-24 11:04:00,246.62,246.7,246.48,246.52,13434
2026-09-24 11:05:00,246.5,246.6,246.47,246.52,16591
2026-09-24 11:06:00,246.5225,246.68,246.51,246.52,20873
2026-09-24 11:07:00,246.5,246.52,246.3601,246.41,25779
2026-09-24 11:08:00,246.37,246.44,246.35,246.385,23121
2026-09-24 11:09:00,246.34,246.39,246.3101,246.33,37745
2026-09-24 11:10:00,246.33,246.4155,246.17,246.215,90477
2026-09-24 11:11:00,246.22,246.36,246.22,246.345,29091
2026-09-24 11:12:00,246.36,246.41,246.18,246.1824,25632
2026-09-24 11:13:00,246.17,246.18,245.95,245.99,120685
2026-09-24 11:14:00,245.9617,246.02,245.86,245.98,46756
2026-09-24 11:15:00,245.97,246.11,245.9,246.092,42174
2026-09-24 11:16:00,246.105,246.335,246.06,246.19,63411
2026-09-24 11:17:00,246.17,246.29,246.12,246.14,19375
2026-09-24 11:18:00,246.15,246.15,246.025,246.11,48967
2026-09-24 11:19:00,246.15,246.18,246.0,246.14,60237
2026-09-24 11:20:00,246.13,246.2425,246.09,246.17,37517
2026-09-24 11:21:00,246.19,246.33,246.1,246.125,131637
2026-09-24 11:22:00,246.1,246.44,246.06,246.33,263239
2026-09-24 11:23:00,246.3498,246.7199,246.3498,246.486,64484
2026-09-24 11:24:00,246.4805,246.53,246.3,246.45,28135
2026-09-24 11:25:00,246.45,246.475,246.27,246.285,24516
2026-09-24 11:26:00,246.27,246.3,246.1501,246.22,23542
2026-09-24 11:27:00,246.23,246.27,246.115,246.21,16892
2026-09-24 11:28:00,246.2,246.24,246.14,246.16,20919
2026-09-24 11:29:00,246.155,246.19,246.1,246.11,19708
2026-09-24 11:30:00,246.1,246.16,246.08,246.1311,24656
2026-09-24 11:31:00,246.09,246.2099,246.09,246.165,31082
2026-09-24 11:32:00,246.1739,246.209,246.08,246.14,95983
2026-09-24 11:33:00,246.16,246.22,246.1401,246.18,35235
2026-09-24 11:34:00,246.18,246.32,246.18,246.28,29969
2026-09-24 11:35:00,246.3287,246.36,246.23,246.3,42179
2026-09-24 11:36:00,246.35,246.46,246.32,246.412,21998
2026-09-24 11:37:00,246.4218,246.46,246.3,246.39,20863
2026-09-24 11:38:00,246.38,246.4,246.22,246.245,22109
2026-09-24 11:39:00,246.24,246.27,246.17,246.26,16558
2026-09-24 11:40:00,246.28,246.38,246.26,246.29,25229
2026-09-24 11:41:00,246.27,246.325,246.17,246.17,21112
2026-09-24 11:42:00,246.21,246.27,246.15,246.27,19041
2026-09-24 11:43:00,246.27,246.29,246.23,246.25,14709
2026-09-24 11:44:00,246.255,246.485,246.23,246.43,35892
2026-09-24 11:45:00,246.455,246.605,246.4,246.53,42408
2026-09-24 11:46:00,246.53,246.53,246.41,246.48,16000
2026-09-24 11:47:00,246.49,246.575,246.315,246.315,34197
2026-09-24 11:48:00,246.34,246.37,246.22,246.23,21812
2026-09-24 11:49:00,246.21,246.25,246.16,246.24,42038
2026-09-24 11:50:00,246.24,246.6,246.23,246.59,33336
2026-09-24 11:51:00,246.625,246.73,246.54,246.65,28146
2026-09-24 11:52:00,246.69,246.71,246.51,246.525,22276
2026-09-24 11:53:00,246.53,246.765,246.53,246.64,79625
2026-09-24 11:54:00,246.66,246.7264,246.655,246.69,19624
2026-09-24 11:55:00,246.7094,246.82,246.66,246.73,28802
2026-09-24 11:56:00,246.73,246.76,246.65,246.76,23006
2026-09-24 11:57:00,246.75,246.85,246.74,246.815,27835
2026-09-24 11:58:00,246.815,246.8999,246.77,246.8,27375
2026-09-24 11:59:00,246.81,246.81,246.71,246.775,26209
2026-09-24 12:00:00,246.8,246.845,246.53,246.61,32559
2026-09-24 12:01:00,246.615,246.6899,246.59,246.62,21654
2026-09-24 12:02:00,246.6227,246.68,246.5,246.62,38398
2026-09-24 12:03:00,246.625,246.68,246.55,246.58,24620
2026-09-24 12:04:00,246.6,246.6,246.5,246.535,24646
2026-09-24 12:05:00,246.5439,246.595,246.49,246.59,31413
2026-09-24 12:06:00,246.59,246.59,246.49,246.53,16266
2026-09-24 12:07:00,246.56,246.58,246.44,246.46,23729
2026-09-24 12:08:00,246.45,246.4714,246.3633,246.43,34524
2026-09-24 12:09:00,246.41,246.415,246.18,246.215,29365
2026-09-24 12:10:00,246.22,246.29,246.18,246.2,34391
2026-09-24 12:11:00,246.2,246.2096,245.92,245.9699,88881
2026-09-24 12:12:00,245.97,246.04,245.96,245.975,34747
2026-09-24 12:13:00,245.96,246.23,245.88,246.19,39852
2026-09-24 12:14:00,246.19,246.66,246.19,246.66,44058
2026-09-24 12:15:00,246.65,247.42,246.62,247.36,69553
2026-09-24 12:16:00,247.36,248.04,247.2201,247.83,174826
2026-09-24 12:17:00,247.8,248.135,247.655,248.09,144608
2026-09-24 12:18:00,248.095,248.3376,248.0,248.09,76629
2026-09-24 12:19:00,248.09,248.12,247.47,247.57,215120
2026-09-24 12:20:00,247.583,247.8,247.57,247.72,52483
2026-09-24 12:21:00,247.7199,247.9,247.64,247.69,56306
2026-09-24 12:22:00,247.68,247.72,247.4485,247.565,38027
2026-09-24 12:23:00,247.58,247.73,247.44,247.655,42648
2026-09-24 12:24:00,247.64,247.7697,247.46,247.669,92176
2026-09-24 12:25:00,247.645,247.68,247.37,247.43,46775
2026-09-24 12:26:00,247.439,247.47,247.28,247.32,43156
2026-09-24 12:27:00,247.33,247.63,247.17,247.575,29952
2026-09-24 12:28:00,247.58,247.83,247.58,247.83,41728
2026-09-24 12:29:00,247.83,247.955,247.7112,247.88,45115
2026-09-24 12:30:00,247.895,248.04,247.8,247.87,54871
2026-09-24 12:31:00,247.87,247.89,247.5,247.5,26058
2026-09-24 12:32:00,247.52,247.61,247.45,247.5615,24934
2026-09-24 12:33:00,247.585,247.865,247.585,247.86,27173
2026-09-24 12:34:00,247.83,247.9,247.72,247.8399,41937
2026-09-24 12:35:00,247.83,247.94,247.78,247.8901,31573
2026-09-24 12:36:00,247.8946,248.42,247.8946,248.345,93317
2026-09-24 12:37:00,248.37,248.66,248.37,248.43,73491
2026-09-24 12:38:00,248.44,248.63,248.1931,248.215,66584
2026-09-24 12:39:00,248.23,248.49,248.23,248.4621,26310
2026-09-24 12:40:00,248.47,248.8,248.36,248.79,53269
2026-09-24 12:41:00,248.795,249.01,248.775,248.89,95309
2026-09-24 12:42:00,248.91,249.07,248.71,249.0,54331
2026-09-24 12:43:00,249.015,249.03,248.68,248.695,25909
2026-09-24 12:44:00,248.69,248.76,248.24,248.4003,67478
2026-09-24 12:45:00,248.42,248.67,248.42,248.449,37951
2026-09-24 12:46:00,248.4187,248.61,248.33,248.4187,26544
2026-09-24 12:47:00,248.45,248.49,248.25,248.35,29079
2026-09-24 12:48:00,248.38,248.8174,248.38,248.76,21089
2026-09-24 12:49:00,248.78,248.9533,248.75,248.87,38706
2026-09-24 12:50:00,248.875,248.97,248.67,248.76,26995
2026-09-24 12:51:00,248.76,248.91,248.76,248.77,20432
2026-09-24 12:52:00,248.8337,248.8337,248.655,248.655,25086
2026-09-24 12:53:00,248.68,248.76,248.61,248.69,29291
2026-09-24 12:54:00,248.705,248.97,248.695,248.97,33221
2026-09-24 12:55:00,248.9631,249.17,248.9631,249.15,59865
2026-09-24 12:56:00,249.17,249.47,249.07,249.46,43465
2026-09-24 12:57:00,249.45,249.739,249.4401,249.56,84938
2026-09-24 12:58:00,249.54,249.64,249.47,249.52,38206
2026-09-24 12:59:00,249.52,249.52,249.3,249.31,40243
2026-09-24 13:00:00,249.3,249.3,248.98,248.99,47765
2026-09-24 13:01:00,248.99,249.2093,248.9001,249.08,43122
2026-09-24 13:02:00,249.085,249.1199,248.83,249.02,33951
2026-09-24 13:03:00,249.04,249.3921,249.04,249.18,30596
2026-09-24 13:04:00,249.19,249.24,249.0,249.24,39810
2026-09-24 13:05:00,249.27,249.38,249.07,249.27,48074
2026-09-24 13:06:00,249.29,249.37,249.22,249.31,28782
2026-09-24 13:07:00,249.315,249.44,249.26,249.35,22108
2026-09-24 13:08:00,249.33,249.38,249.23,249.275,27271
2026-09-24 13:09:00,249.28,249.31,249.24,249.26,13514
2026-09-24 13:10:00,249.24,249.25,248.93,249.01,43453
2026-09-24 13:11:00,249.04,249.22,248.9,249.16,72092
2026-09-24 13:12:00,249.15,249.39,249.15,249.39,21013
2026-09-24 13:13:00,249.35,249.48,249.33,249.42,16330
2026-09-24 13:14:00,249.425,249.55,249.36,249.5,27819
2026-09-24 13:15:00,249.5,249.57,249.4,249.475,37577
2026-09-24 13:16:00,249.47,249.52,249.36,249.36,16512
2026-09-24 13:17:00,249.38,249.54,249.37,249.45,25235
2026-09-24 13:18:00,249.46,249.61,249.43,249.5999,45961
2026-09-24 13:19:00,249.57,249.57,249.3,249.335,37657
2026-09-24 13:20:00,249.32,249.32,249.18,249.252,30505
2026-09-24 13:21:00,249.255,249.3,249.11,249.16,19705
2026-09-24 13:22:00,249.17,249.31,249.13,249.3,37893
2026-09-24 13:23:00,249.295,249.37,249.14,249.155,41654
2026-09-24 13:24:00,249.16,249.33,249.141,249.215,30801
2026-09-24 13:25:00,249.21,249.23,249.11,249.18,41661
2026-09-24 13:26:00,249.16,249.225,248.93,248.93,48053
2026-09-24 13:27:00,248.93,249.05,248.91,249.015,23601
2026-09-24 13:28:00,249.05,249.2879,249.05,249.2879,41798
2026-09-24 13:29:00,249.26,249.35,249.26,249.31,18638
2026-09-24 13:30:00,249.3,249.46,249.29,249.33,61987
2026-09-24 13:31:00,249.32,249.4,249.21,249.385,40409
2026-09-24 13:32:00,249.375,249.42,249.23,249.315,30458
2026-09-24 13:33:00,249.3,249.31,249.1101,249.15,20890
2026-09-24 13:34:00,249.155,249.155,248.9102,248.95,49597
2026-09-24 13:35:00,248.96,249.01,248.7518,248.8399,43839
2026-09-24 13:36:00,248.79,248.96,248.76,248.8701,23619
2026-09-24 13:37:00,248.88,248.93,248.75,248.8,27001
2026-09-24 13:38:00,248.76,248.7815,248.57,248.74,73303
2026-09-24 13:39:00,248.755,248.91,248.71,248.715,25644
2026-09-24 13:40:00,248.73,248.83,248.61,248.69,28278
2026-09-24 13:41:00,248.69,248.73,248.494,248.65,48172
2026-09-24 13:42:00,248.66,248.819,248.655,248.655,22486
2026-09-24 13:43:00,248.666,248.7,248.35,248.49,27722
2026-09-24 13:44:00,248.47,248.605,248.47,248.52,25561
2026-09-24 13:45:00,248.54,248.65,248.52,248.65,15569
2026-09-24 13:46:00,248.63,248.76,248.62,248.7499,30484
2026-09-24 13:47:00,248.76,248.86,248.7,248.86,26517
2026-09-24 13:48:00,248.85,248.855,248.77,248.8199,14894
2026-09-24 13:49:00,248.785,248.92,248.785,248.795,31559
2026-09-24 13:50:00,248.7801,248.89,248.73,248.755,11544
2026-09-24 13:51:00,248.76,248.8,248.7,248.75,14238
2026-09-24 13:52:00,248.755,248.87,248.74,248.87,21406
2026-09-24 13:53:00,248.875,249.01,248.86,248.965,19582
2026-09-24 13:54:00,248.99,249.135,248.95,249.115,14738
2026-09-24 13:55:00,249.11,249.15,249.01,249.02,11687
2026-09-24 13:56:00,249.005,249.24,249.005,249.1338,14799
2026-09-24 13:57:00,249.15,249.2428,249.09,249.21,16701
2026-09-24 13:58:00,249.2499,249.36,249.17,249.34,21712
2026-09-24 13:59:00,249.34,249.5999,249.34,249.52,42820
2026-09-24 14:00:00,249.5101,249.8,249.5001,249.709,38141
2026-09-24 14:01:00,249.64,249.64,249.32,249.39,26738
2026-09-24 14:02:00,249.375,249.375,249.18,249.2,16913
2026-09-24 14:03:00,249.1999,249.1999,248.925,249.1,29548
2026-09-24 14:04:00,249.11,249.1958,249.035,249.06,9326
2026-09-24 14:05:00,249.07,249.4,249.07,249.385,29882
2026-09-24 14:06:00,249.37,249.54,249.28,249.5,22858
2026-09-24 14:07:00,249.495,249.66,249.45,249.6,30107
2026-09-24 14:08:00,249.62,249.93,249.62,249.79,31051
2026-09-24 14:09:00,249.81,249.85,249.71,249.7139,27066
2026-09-24 14:10:00,249.74,249.865,249.59,249.7,17996
2026-09-24 14:11:00,249.675,249.7597,249.5,249.53,145983
2026-09-24 14:12:00,249.532,249.5699,249.42,249.5699,15764
2026-09-24 14:13:00,249.545,249.645,249.5301,249.605,14926
2026-09-24 14:14:00,249.625,249.755,249.625,249.73,18331
2026-09-24 14:15:00,249.725,249.7999,249.69,249.755,26545
2026-09-24 14:16:00,249.78,250.01,249.775,249.93,69538
2026-09-24 14:17:00,249.9101,250.0,249.8001,249.81,49663
2026-09-24 14:18:00,249.83,249.92,249.7795,249.815,18557
2026-09-24 14:19:00,249.8,249.935,249.7774,249.88,37561
2026-09-24 14:20:00,249.86,249.88,249.67,249.76,24101
2026-09-24 14:21:00,249.76,249.84,249.72,249.815,18105
2026-09-24 14:22:00,249.78,249.84,249.75,249.795,26922
2026-09-24 14:23:00,249.78,249.7999,249.6684,249.77,48387
2026-09-24 14:24:00,249.75,249.75,249.58,249.6299,15572
2026-09-24 14:25:00,249.5801,249.8,249.565,249.7054,37377
2026-09-24 14:26:00,249.73,249.9692,249.73,249.78,54661
2026-09-24 14:27:00,249.76,249.8299,249.75,249.75,21130
2026-09-24 14:28:00,249.75,249.93,249.73,249.905,27408
2026-09-24 14:29:00,249.88,249.96,249.8,249.875,41468
2026-09-24 14:30:00,249.875,249.89,249.83,249.88,23091
2026-09-24 14:31:00,249.875,249.89,249.75,249.885,36181
2026-09-24 14:32:00,249.87,249.885,249.765,249.82,16348
2026-09-24 14:33:00,249.83,250.02,249.83,249.94,24220
2026-09-24 14:34:00,249.94,250.015,249.905,249.94,34901
2026-09-24 14:35:00,249.935,250.04,249.9,249.935,27427
2026-09-24 14:36:00,249.92,249.95,249.8669,249.9,14496
2026-09-24 14:37:00,249.89,250.03,249.88,249.91,16783
2026-09-24 14:38:00,249.91,250.35,249.91,250.29,89010
2026-09-24 14:39:00,250.345,250.43,250.04,250.135,51261
2026-09-24 14:40:00,250.122,250.15,249.9779,250.016,38782
2026-09-24 14:41:00,250.01,250.04,249.945,250.01,20606
2026-09-24 14:42:00,250.01,250.04,249.85,249.975,45167
2026-09-24 14:43:00,249.975,250.14,249.92,249.94,64964
2026-09-24 14:44:00,249.945,250.02,249.82,250.005,47882
2026-09-24 14:45:00,250.005,250.0425,249.98,249.98,23138
2026-09-24 14:46:00,249.99,250.09,249.985,250.05,69245
2026-09-24 14:47:00,250.035,250.0599,249.93,249.97,44374
2026-09-24 14:48:00,249.99,250.02,249.885,249.885,30157
2026-09-24 14:49:00,249.9,249.98,249.84,249.97,27612
2026-09-24 14:50:00,249.92,249.995,249.86,249.93,26002
2026-09-24 14:51:00,249.93,249.93,249.75,249.845,18514
2026-09-24 14:52:00,249.84,250.01,249.83,249.955,12490
2026-09-24 14:53:00,249.95,249.95,249.795,249.86,80353
2026-09-24 14:54:00,249.85,249.95,249.84,249.93,12376
2026-09-24 14:55:00,249.93,250.13,249.92,250.115,26803
2026-09-24 14:56:00,250.118,250.28,250.118,250.255,22892
2026-09-24 14:57:00,250.265,250.31,250.245,250.2542,31976
2026-09-24 14:58:00,250.24,250.2594,250.07,250.225,37719
2026-09-24 14:59:00,250.2053,250.23,250.1,250.11,38423
2026-09-24 15:00:00,250.145,250.15,249.942,250.13,26852
2026-09-24 15:01:00,250.12,250.18,249.93,250.01,30268
2026-09-24 15:02:00,250.03,250.03,249.795,249.82,20786
2026-09-24 15:03:00,249.84,249.84,249.72,249.74,18401
2026-09-24 15:04:00,249.735,249.795,249.55,249.63,66575
2026-09-24 15:05:00,249.67,249.75,249.67,249.71,20885
2026-09-24 15:06:00,249.7008,249.71,249.63,249.63,17611
2026-09-24 15:07:00,249.615,249.76,249.6,249.68,31964
2026-09-24 15:08:00,249.67,249.75,249.645,249.69,14183
2026-09-24 15:09:00,249.69,249.7199,249.6101,249.6201,16786
2026-09-24 15:10:00,249.62,249.69,249.59,249.635,31339
2026-09-24 15:11:00,249.625,249.74,249.62,249.675,15529
2026-09-24 15:12:00,249.6825,249.719,249.59,249.65,19915
2026-09-24 15:13:00,249.64,249.74,249.575,249.71,15476
2026-09-24 15:14:00,249.7,249.82,249.66,249.7295,28601
2026-09-24 15:15:00,249.73,249.78,249.57,249.64,54181
2026-09-24 15:16:00,249.65,249.65,249.54,249.575,32838
2026-09-24 15:17:00,249.58,249.6199,249.49,249.53,26822
2026-09-24 15:18:00,249.57,249.65,249.57,249.57,31255
2026-09-24 15:19:00,249.57,249.62,249.44,249.61,39658
2026-09-24 15:20:00,249.61,249.67,249.52,249.54,26839
2026-09-24 15:21:00,249.555,249.57,249.46,249.525,19294
2026-09-24 15:22:00,249.525,249.531,249.44,249.52,15329
2026-09-24 15:23:00,249.51,249.615,249.49,249.6101,18274
2026-09-24 15:24:00,249.64,249.73,249.53,249.61,48829
2026-09-24 15:25:00,249.62,249.6299,249.45,249.45,33271
2026-09-24 15:26:00,249.47,249.56,249.4,249.545,27396
2026-09-24 15:27:00,249.545,249.55,249.41,249.46,22709
2026-09-24 15:28:00,249.46,249.465,249.36,249.36,19694
2026-09-24 15:29:00,249.385,249.52,249.36,249.44,31529
2026-09-24 15:30:00,249.44,249.46,249.3401,249.375,23998
2026-09-24 15:31:00,249.39,249.47,249.35,249.4037,26170
2026-09-24 15:32:00,249.3976,249.4,249.1706,249.22,44675
2026-09-24 15:33:00,249.23,249.29,249.21,249.29,25410
2026-09-24 15:34:00,249.3,249.4598,249.24,249.43,41317
2026-09-24 15:35:00,249.43,249.4594,249.33,249.45,31498
2026-09-24 15:36:00,249.4396,249.555,249.4396,249.49,19971
2026-09-24 15:37:00,249.4701,249.5,249.3,249.3,16234
2026-09-24 15:38:00,249.295,249.345,249.2512,249.34,15098
2026-09-24 15:39:00,249.34,249.48,249.315,249.44,21231
2026-09-24 15:40:00,249.46,249.47,249.36,249.41,26825
2026-09-24 15:41:00,249.3999,249.465,249.39,249.4,13549
2026-09-24 15:42:00,249.4,249.45,249.3801,249.41,23295
2026-09-24 15:43:00,249.43,249.46,249.39,249.42,19514
2026-09-24 15:44:00,249.41,249.43,249.32,249.32,22384
2026-09-24 15:45:00,249.31,249.33,249.09,249.125,48628
2026-09-24 15:46:00,249.13,249.325,249.13,249.3,54854
2026-09-24 15:47:00,249.3,249.38,249.28,249.3,35222
2026-09-24 15:48:00,249.3059,249.37,249.28,249.345,42430
2026-09-24 15:49:00,249.36,249.37,249.27,249.28,59572
2026-09-24 15:50:00,249.29,249.76,249.28,249.29,157234
2026-09-24 15:51:00,249.29,249.545,249.29,249.485,117662
2026-09-24 15:52:00,249.48,249.48,249.39,249.46,57339
2026-09-24 15:53:00,249.46,249.61,249.38,249.39,123777
2026-09-24 15:54:00,249.39,249.465,249.3001,249.36,80519
2026-09-24 15:55:00,249.35,249.7,249.21,249.685,145011
2026-09-24 15:56:00,249.71,249.78,249.6,249.635,82406
2026-09-24 15:57:00,249.63,249.635,249.39,249.485,118364
2026-09-24 15:58:00,249.485,249.6,249.46,249.485,162967
2026-09-24 15:59:00,249.5,249.585,249.32,249.32,443074
2026-09-24 16:00:00,249.32,249.55,249.32,249.49,4155102
2026-09-24 16:01:00,249.38,249.38,249.31,249.31,1635
2026-09-24 16:02:00,249.21,249.22,249.06,249.06,5084
2026-09-24 16:03:00,249.05,249.2,249.05,249.2,440
2026-09-24 16:04:00,249.1706,249.2,249.0528,249.0528,1328
2026-09-24 16:05:00,249.0317,249.0317,249.0279,249.0279,1210
2026-09-24 16:06:00,249.1,249.1,249.0276,249.0276,1100
2026-09-24 16:07:00,249.0703,249.0963,249.06,249.06,400
2026-09-24 16:08:00,249.082,249.1,249.033,249.033,2700
2026-09-24 16:10:00,249.082,249.082,248.8,248.8,3364
2026-09-24 16:11:00,248.7,248.9,248.7,248.9,1109
2026-09-24 16:12:00,248.6764,249.0,248.6764,248.9387,1248
2026-09-24 16:13:00,248.9097,248.9097,248.9,248.9,450
2026-09-24 16:14:00,248.9,248.9,248.9,248.9,368
2026-09-24 16:16:00,248.65,248.66,248.62,248.66,500
2026-09-24 16:17:00,248.87,249.0,248.62,248.6571,6822
2026-09-24 16:18:00,248.68,248.68,248.62,248.62,350
2026-09-24 16:19:00,248.65,248.95,248.63,248.63,400
2026-09-24 16:20:00,248.64,248.95,248.64,248.95,431
2026-09-24 16:21:00,248.7,248.8397,248.62,248.8397,1881
2026-09-24 16:24:00,248.75,248.75,248.64,248.64,333
2026-09-24 16:25:00,248.66,248.67,248.62,248.67,1900
2026-09-24 16:26:00,248.7885,248.7885,248.7885,248.7885,1000
2026-09-24 16:27:00,248.84,248.84,248.75,248.84,700
2026-09-24 16:28:00,248.84,248.98,248.84,248.98,400
2026-09-24 16:29:00,248.73,248.91,248.72,248.91,376
2026-09-24 16:34:00,248.88,248.9,248.88,248.9,1176
2026-09-24 16:35:00,248.91,248.98,248.773,248.773,941
2026-09-24 16:36:00,248.72,248.72,248.72,248.72,250
2026-09-24 16:37:00,248.8,248.8,248.8,248.8,100
2026-09-24 16:40:00,248.9,248.9,248.8304,248.8304,1000
2026-09-24 16:41:00,248.9,248.9723,248.9,248.9723,5049
2026-09-24 16:43:00,248.98,248.99,248.98,248.99,1150
2026-09-24 16:44:00,249.1074,249.1074,249.1074,249.1074,300
2026-09-24 16:45:00,249.03,249.03,249.01,249.01,711
2026-09-24 16:46:00,249.1,249.14,249.1,249.14,300
2026-09-24 16:48:00,249.15,249.15,249.05,249.05,1393
2026-09-24 16:49:00,249.15,249.15,249.15,249.15,209
2026-09-24 16:50:00,249.2155,249.2155,249.206,249.206,300
2026-09-24 16:51:00,249.2792,249.2792,249.23,249.23,500
2026-09-24 16:52:00,249.28,249.29,249.2209,249.29,449
2026-09-24 16:53:00,249.31,249.31,249.31,249.31,280
2026-09-24 16:55:00,249.37,249.37,249.12,249.1572,1840
2026-09-24 16:57:00,249.36,249.36,249.15,249.15,310
2026-09-24 16:58:00,249.37,249.45,249.21,249.44,5832
2026-09-24 16:59:00,249.2221,249.2221,249.2221,249.2221,100
2026-09-24 17:02:00,249.3183,249.3183,249.25,249.25,622
2026-09-24 17:05:00,249.2,249.2,249.12,249.12,530
2026-09-24 17:06:00,249.3144,249.3144,249.3144,249.3144,200
2026-09-24 17:08:00,249.12,249.1568,249.12,249.1568,217
2026-09-24 17:09:00,249.12,249.12,249.12,249.12,100
2026-09-24 17:10:00,249.2,249.2,249.1622,249.1622,250
2026-09-24 17:11:00,249.1286,249.14,249.1231,249.1231,400
2026-09-24 17:12:00,249.1405,249.15,249.1405,249.15,200
2026-09-24 17:13:00,249.1256,249.128,249.12,249.12,400
2026-09-24 17:14:00,249.03,249.0479,249.03,249.03,611
2026-09-24 17:15:00,249.0511,249.0511,249.0511,249.0511,202
2026-09-24 17:17:00,249.182,249.182,249.1,249.1,1109
2026-09-24 17:18:00,249.1683,249.1683,249.1683,249.1683,100
2026-09-24 17:19:00,249.04,249.04,249.04,249.04,450
2026-09-24 17:21:00,249.0697,249.0697,249.0697,249.0697,200
2026-09-24 17:23:00,249.13,249.13,249.13,249.13,100
2026-09-24 17:24:00,249.04,249.04,249.04,249.04,100
2026-09-24 17:26:00,249.0665,249.0665,249.0665,249.0665,100
2026-09-24 17:28:00,249.05,249.05,249.05,249.05,1000
2026-09-24 17:31:00,249.0821,249.0821,249.0821,249.0821,100
2026-09-24 17:33:00,249.15,249.15,249.15,249.15,800
2026-09-24 17:37:00,249.2299,249.2299,249.2299,249.2299,700
2026-09-24 17:38:00,246.74,249.23,246.74,249.23,95000
2026-09-24 17:41:00,249.22,249.22,249.22,249.22,100
2026-09-24 17:42:00,249.2254,249.2254,249.2046,249.2046,300
2026-09-24 17:43:00,249.2291,249.2291,249.2053,249.2053,800
2026-09-24 17:44:00,249.2,249.21,249.2,249.21,1100
2026-09-24 17:48:00,249.1919,249.1971,249.1919,249.1971,1010
2026-09-24 17:49:00,249.19,249.28,249.19,249.28,700
2026-09-24 17:53:00,249.23,249.23,249.23,249.23,200
2026-09-24 17:56:00,249.2,249.2,249.08,249.08,1479
2026-09-24 17:58:00,249.02,249.02,249.0,249.0,1934
2026-09-24 17:59:00,249.0028,249.0028,249.0028,249.0028,100
2026-09-24 18:00:00,249.0,249.0,249.0,249.0,100
2026-09-24 18:01:00,249.1818,249.23,249.1818,249.23,200
2026-09-24 18:02:00,249.22,249.22,249.03,249.03,200
2026-09-24 18:03:00,249.22,249.22,249.22,249.22,127
2026-09-24 18:07:00,249.12,249.2,249.12,249.2,1000
2026-09-24 18:10:00,249.1,249.2154,249.1,249.2154,300
2026-09-24 18:17:00,249.1833,249.1833,249.1833,249.1833,350
2026-09-24 18:18:00,249.19,249.36,249.18,249.36,2174
2026-09-24 18:19:00,249.38,249.38,249.38,249.38,11405
2026-09-24 18:20:00,249.1,249.2687,249.1,249.2687,500
2026-09-24 18:21:00,249.1,249.1,249.1,249.1,100
2026-09-24 18:23:00,249.0207,249.0207,249.0207,249.0207,2500
2026-09-24 18:24:00,249.04,249.04,249.0,249.0,1599
2026-09-24 18:26:00,248.93,248.93,248.93,248.93,220
2026-09-24 18:30:00,249.0716,249.0716,249.0716,249.0716,400
2026-09-24 18:33:00,249.08,249.08,249.08,249.08,1000
2026-09-24 18:36:00,249.08,249.08,249.08,249.08,100
2026-09-24 18:37:00,249.2,249.2,249.19,249.2,1200
2026-09-24 18:38:00,249.2,249.2,249.2,249.2,100
2026-09-24 18:42:00,249.2,249.2,249.2,249.2,200
2026-09-24 18:43:00,249.2983,249.2983,249.2983,249.2983,100
2026-09-24 18:44:00,249.2039,249.2039,249.2039,249.2039,100
2026-09-24 18:46:00,249.2659,249.2659,249.2659,249.2659,100
2026-09-24 18:49:00,249.124,249.124,249.124,249.124,100
2026-09-24 18:50:00,249.1141,249.1141,249.1141,249.1141,150
2026-09-24 18:52:00,249.2999,249.2999,249.2999,249.2999,240
2026-09-24 19:00:00,249.1,249.1,249.1,249.1,159
2026-09-24 19:01:00,249.11,249.11,249.11,249.11,100
2026-09-24 19:04:00,249.18,249.18,249.18,249.18,242
2026-09-24 19:07:00,249.0784,249.19,249.0784,249.19,200
2026-09-24 19:08:00,249.2,249.22,249.2,249.22,275
2026-09-24 19:12:00,248.9986,248.9986,248.9986,248.9986,200
2026-09-24 19:13:00,249.07,249.07,249.07,249.07,100
2026-09-24 19:14:00,249.09,249.1,249.09,249.1,325
2026-09-24 19:17:00,249.05,249.05,249.05,249.05,100
2026-09-24 19:18:00,249.0998,249.0998,249.0998,249.0998,1200
2026-09-24 19:20:00,249.0845,249.0845,249.0845,249.0845,100
2026-09-24 19:23:00,249.3,249.3,249.3,249.3,100
2026-09-24 19:25:00,249.16,249.18,249.16,249.18,776
2026-09-24 19:27:00,249.06,249.06,249.03,249.03,300
2026-09-24 19:28:00,249.1464,249.15,249.1464,249.15,500
2026-09-24 19:30:00,249.2,249.2,249.2,249.2,488
2026-09-24 19:32:00,249.2858,249.2858,249.19,249.19,2200
2026-09-24 19:37:00,249.1064,249.1064,249.1064,249.1064,100
2026-09-24 19:39:00,249.3,249.3,249.269,249.269,3875
2026-09-24 19:40:00,249.131,249.3,249.131,249.3,300
2026-09-24 19:41:00,249.1,249.1,249.1,249.1,120
2026-09-24 19:42:00,249.2,249.2,249.1122,249.1122,264
2026-09-24 19:44:00,249.1,249.1,249.1,249.1,300
2026-09-24 19:45:00,249.03,249.03,249.01,249.01,200
2026-09-24 19:47:00,249.01,249.01,249.01,249.01,100
2026-09-24 19:48:00,249.0,249.0,248.98,248.98,200
2026-09-24 19:49:00,249.2349,249.2349,249.2349,249.2349,200
2026-09-24 19:52:00,248.84,249.18,248.84,249.18,300
2026-09-24 19:56:00,248.81,248.81,248.81,248.81,100
2026-09-24 19:57:00,248.81,249.0227,248.8,249.0227,406
2026-09-24 19:58:00,249.1,249.1,249.1,249.1,100
